"area","bedrooms","bathrooms","age","floors","location","price"
1180,3,1.0,60,1.0,"98178",221900.0
2570,3,2.25,64,2.0,"98125",538000.0
770,2,1.0,82,1.0,"98028",180000.0
1960,4,3.0,50,1.0,"98136",604000.0
1680,3,2.0,28,1.0,"98074",510000.0
5420,4,4.5,14,1.0,"98053",1225000.0
1715,3,2.25,20,2.0,"98003",257500.0
1060,3,1.5,52,1.0,"98198",291850.0
1780,3,1.0,55,1.0,"98146",229500.0
1890,3,2.5,12,2.0,"98038",323000.0
3560,3,2.5,50,1.0,"98007",662500.0
1160,2,1.0,73,1.0,"98115",468000.0
1430,3,1.0,88,1.5,"98028",310000.0
1370,3,1.75,38,1.0,"98074",400000.0
1810,5,2.0,115,1.5,"98107",530000.0
2950,4,3.0,36,2.0,"98126",650000.0
1890,3,2.0,21,2.0,"98019",395000.0
1600,4,1.0,99,1.5,"98103",485000.0
1200,2,1.0,94,1.0,"98002",189000.0
1250,3,1.0,46,1.0,"98003",230000.0
1620,4,1.75,68,1.0,"98133",385000.0
3050,3,2.75,47,1.0,"98040",2000000.0
2270,5,2.5,20,2.0,"98092",285000.0
1070,2,1.5,30,1.0,"98030",252700.0
2450,3,2.25,30,2.0,"98030",329000.0
1710,3,2.0,74,1.5,"98002",233000.0
2450,3,1.75,100,2.0,"98119",937000.0
1400,3,1.0,106,1.5,"98112",667000.0
1520,3,1.75,67,1.0,"98115",438000.0
2570,4,2.5,10,2.0,"98052",719000.0
2320,3,2.5,12,2.0,"98027",580500.0
1190,2,1.5,10,3.0,"98133",280000.0
2330,4,1.75,86,1.5,"98117",687500.0
1090,3,1.0,86,1.5,"98117",535000.0
2060,4,2.75,34,1.0,"98058",322500.0
2300,3,2.5,85,1.5,"98115",696000.0
1660,4,1.0,82,1.0,"98052",550000.0
2360,4,2.0,111,2.0,"98107",640000.0
1220,4,1.0,46,1.0,"98001",240000.0
2620,4,2.5,19,2.0,"98056",605000.0
2570,4,2.5,15,2.0,"98074",625000.0
4220,4,2.25,31,1.0,"98166",775000.0
3595,5,2.75,1,2.0,"98053",861990.0
1570,3,1.0,93,2.0,"98119",685000.0
1280,3,1.0,56,1.0,"98058",309000.0
3160,3,2.5,12,2.0,"98019",488000.0
990,3,1.0,49,1.0,"98023",210490.0
2290,4,2.5,34,2.0,"98007",785000.0
1250,3,1.75,62,1.0,"98115",450000.0
2753,3,2.5,62,1.0,"98070",1350000.0
1190,3,1.0,60,1.0,"98148",228000.0
3150,5,2.5,49,1.0,"98056",345000.0
1410,3,1.75,65,1.0,"98117",600000.0
1980,2,1.75,34,1.0,"98117",585000.0
2730,5,2.25,88,1.5,"98105",920000.0
2830,4,2.5,20,2.0,"98105",885000.0
2250,4,2.5,7,2.0,"98042",292500.0
2420,3,2.5,12,2.0,"98042",301000.0
3250,5,3.25,47,2.0,"98008",951000.0
1850,4,3.0,24,2.0,"98059",430000.0
2150,3,2.25,56,1.0,"98166",650000.0
1260,3,1.75,61,1.0,"98148",289000.0
2519,3,1.75,42,2.0,"98166",505000.0
1540,3,1.75,1,3.0,"98115",549000.0
1660,3,2.25,36,1.0,"98122",425000.0
2770,3,2.75,90,1.5,"98144",317625.0
2720,4,2.5,26,2.0,"98004",975000.0
2240,4,2.5,10,2.0,"98001",287000.0
1000,3,1.0,47,1.0,"98042",204000.0
3200,5,2.25,50,1.0,"98004",1325000.0
4770,5,3.25,42,1.0,"98005",1040000.0
1260,3,2.0,43,1.0,"98034",325000.0
2750,4,2.0,99,1.5,"98125",571000.0
2380,4,2.5,10,2.0,"98038",360000.0
1790,3,1.75,50,1.0,"98042",349000.0
3430,4,4.0,29,2.0,"98075",832500.0
1760,4,1.75,59,1.0,"98008",380000.0
1040,3,1.0,74,1.0,"98116",480000.0
1410,3,1.0,59,1.0,"98133",410000.0
3450,4,2.5,13,2.0,"98010",720000.0
2350,3,2.5,12,2.0,"98038",390000.0
1900,4,2.5,23,2.0,"98038",360000.0
2020,2,1.0,67,1.0,"98118",355000.0
1680,3,1.5,51,1.0,"98059",356000.0
960,3,1.0,63,1.0,"98125",315000.0
2140,3,1.5,90,2.0,"98119",940000.0
2660,5,2.25,54,1.5,"98092",305000.0
2770,3,3.25,9,2.0,"98056",461000.0
1610,2,2.25,36,2.0,"98056",215000.0
1030,2,1.75,9,2.0,"98136",335000.0
1980,4,2.5,27,2.0,"98023",243500.0
3520,5,2.75,14,2.0,"98199",1099880.0
1200,3,1.0,53,1.0,"98023",153000.0
1580,3,1.5,76,1.0,"98117",430000.0
1580,3,1.5,76,1.0,"98117",700000.0
3300,4,2.5,69,1.0,"98040",905000.0
1960,3,1.75,48,1.0,"98032",247500.0
1160,4,1.5,40,1.0,"98023",199000.0
1810,3,1.75,35,1.0,"98038",314000.0
2320,3,2.5,23,2.0,"98045",437500.0
2070,3,2.5,105,1.5,"98102",850830.0
1980,3,2.0,86,1.5,"98117",555000.0
2190,3,2.25,32,2.0,"98077",699950.0
2920,3,2.5,65,2.0,"98004",1088000.0
1210,3,1.0,61,1.0,"98058",290000.0
2340,3,2.5,37,1.0,"98058",375000.0
1670,3,1.0,76,1.5,"98117",460000.0
1240,2,1.75,30,1.0,"98198",188500.0
3140,4,2.5,24,2.0,"98077",680000.0
2030,5,1.75,73,2.0,"98052",470000.0
2310,4,2.5,31,2.0,"98027",597750.0
1260,3,1.75,110,1.0,"98103",570000.0
1540,3,1.75,35,1.0,"98038",272500.0
2080,3,1.75,44,1.0,"98108",329950.0
3230,4,2.5,14,2.0,"98001",480000.0
4380,3,3.5,115,2.0,"98117",740500.0
1590,3,3.5,5,3.0,"98103",518500.0
880,2,1.0,70,1.0,"98178",205425.0
1570,4,2.0,65,1.0,"98168",171800.0
1610,4,1.0,90,1.5,"98144",535000.0
2400,3,2.5,51,1.0,"98177",660000.0
1450,3,2.0,28,1.0,"98034",391500.0
770,2,1.0,62,1.0,"98117",395000.0
2100,4,1.75,91,1.5,"98118",445000.0
2910,3,2.25,25,2.0,"98052",770000.0
2750,4,2.75,101,1.5,"98004",1450000.0
2100,3,2.25,48,1.0,"98178",445000.0
2160,4,2.25,37,1.0,"98023",260000.0
2320,5,3.5,89,2.0,"98103",822500.0
2070,4,2.5,11,2.0,"98065",430000.0
1060,3,1.75,29,1.0,"98092",212000.0
2010,4,2.25,29,1.0,"98027",660500.0
3950,3,3.5,26,1.5,"98052",784000.0
2010,3,2.5,1,2.0,"98029",453246.0
2140,4,3.5,10,3.0,"98107",675000.0
1320,3,1.75,59,1.0,"98003",199000.0
2020,4,1.75,47,1.0,"98003",220000.0
2590,4,2.25,47,1.0,"98028",452000.0
1190,2,1.0,34,1.0,"98125",382500.0
1170,3,2.25,1,3.0,"98107",519950.0
1110,2,1.0,90,1.0,"98119",665000.0
2820,5,2.5,47,1.0,"98006",527700.0
1610,3,1.0,53,1.0,"98058",205000.0
1060,3,1.0,92,1.0,"98133",420000.0
2030,4,2.25,54,1.0,"98006",500000.0
3670,4,2.5,21,2.0,"98077",921500.0
2550,4,1.0,110,2.0,"98109",890000.0
2420,2,2.5,8,2.0,"98027",430000.0
2260,5,2.0,55,1.0,"98032",258000.0
1430,3,1.0,68,1.0,"98103",511000.0
1360,3,2.0,25,2.0,"98103",532170.0
1110,3,1.0,68,1.5,"98107",560000.0
1250,3,1.0,61,1.0,"98003",282950.0
5180,4,3.25,9,2.0,"98006",2250000.0
700,1,1.0,73,1.0,"98115",350000.0
1180,3,1.0,48,1.0,"98058",215000.0
3960,5,3.5,19,2.0,"98056",650000.0
2640,4,2.75,48,1.0,"98023",320000.0
1270,3,2.0,99,1.5,"98022",247000.0
1760,4,1.75,47,1.0,"98059",320000.0
2060,5,2.25,53,1.0,"98146",255000.0
1780,3,1.75,53,1.0,"98034",438000.0
3400,3,2.5,15,2.0,"98075",900000.0
1910,3,2.75,36,1.0,"98034",441000.0
2020,3,2.0,40,1.0,"98027",420000.0
1580,3,1.75,39,1.0,"98034",370000.0
1340,2,1.75,66,1.0,"98198",269950.0
2680,4,2.5,16,2.0,"98006",807100.0
2680,3,2.5,36,1.0,"98034",653000.0
1370,3,2.0,51,1.0,"98133",371500.0
1560,3,1.75,61,1.0,"98166",284000.0
2160,3,1.75,37,1.0,"98023",272000.0
1340,3,1.5,60,1.5,"98133",313000.0
3880,4,2.5,31,2.0,"98033",917500.0
2590,4,2.25,35,2.0,"98006",673000.0
1120,3,2.5,7,2.0,"98122",425000.0
1970,5,2.75,29,1.0,"98144",399950.0
1220,3,1.0,114,1.0,"98122",385000.0
1950,3,1.5,40,1.0,"98022",269950.0
1350,2,1.0,66,1.0,"98177",330000.0
1670,3,2.5,27,2.0,"98030",260000.0
2380,4,3.0,90,1.5,"98126",470000.0
2440,4,3.0,54,2.0,"98034",589000.0
1050,2,1.5,19,2.0,"98038",163500.0
3130,4,2.75,22,2.0,"98052",835000.0
4090,5,3.0,29,1.0,"98033",1095000.0
1490,4,1.75,46,1.0,"98023",269000.0
1900,3,2.5,28,2.0,"98074",560000.0
1330,4,1.0,114,1.5,"98103",615000.0
2230,3,2.25,40,1.0,"98052",585188.0
1650,3,1.75,38,1.0,"98034",305000.0
1190,3,1.0,56,1.0,"98058",166950.0
2140,3,2.5,56,1.0,"98040",799000.0
2180,3,2.5,53,1.0,"98133",400000.0
1060,3,1.0,67,1.0,"98155",230000.0
1690,3,2.5,12,2.0,"98023",256883.0
1970,4,2.0,95,1.5,"98108",423000.0
2150,3,2.5,8,2.0,"98126",465000.0
1910,3,2.5,18,2.0,"98024",440000.0
1350,3,1.75,46,1.0,"98038",385000.0
860,3,1.0,72,1.0,"98056",210000.0
1940,3,2.5,21,2.0,"98042",297000.0
1010,3,1.0,63,1.0,"98107",470000.0
1300,3,1.5,39,1.0,"98023",226500.0
910,3,1.0,53,1.0,"98059",274250.0
2480,4,1.75,49,1.0,"98040",840000.0
2440,3,2.5,5,2.0,"98052",677900.0
1010,3,1.0,100,1.0,"98116",425000.0
900,2,0.75,74,1.0,"98166",180250.0
2300,6,3.0,95,2.0,"98133",464000.0
1550,4,2.25,22,2.0,"98038",320000.0
1270,3,2.25,1,2.0,"98105",625504.0
2240,4,2.5,32,1.0,"98074",592500.0
2714,3,2.5,10,2.0,"98001",465000.0
1720,4,2.75,37,2.0,"98118",477000.0
850,2,1.0,92,1.0,"98168",280000.0
3300,5,3.0,58,1.0,"98040",1505000.0
2250,3,2.5,15,2.0,"98146",445838.0
3900,2,2.25,68,1.0,"98144",1072000.0
1320,2,1.5,68,1.0,"98177",467000.0
2760,4,2.5,16,2.0,"98075",686000.0
1750,3,2.0,54,1.0,"98198",279950.0
2330,4,2.25,28,2.0,"98011",527000.0
2220,3,2.25,49,1.0,"98030",325000.0
2020,3,2.25,21,2.0,"98038",328000.0
1250,3,2.25,73,1.0,"98146",390000.0
1510,2,2.0,10,1.0,"98053",479950.0
1720,4,2.25,37,1.0,"98023",264950.0
1430,3,1.0,54,1.0,"98031",235000.0
1480,3,2.5,11,2.0,"98053",516500.0
1450,2,1.75,100,2.0,"98166",655000.0
2280,4,2.75,55,1.0,"98059",500000.0
2940,6,2.75,37,1.0,"98023",315000.0
1000,2,1.0,54,1.0,"98024",213000.0
2480,3,1.5,68,1.5,"98108",475000.0
3760,5,4.0,32,2.0,"98033",1025000.0
2220,3,2.0,39,1.0,"98010",416000.0
1970,4,1.0,111,1.5,"98122",410000.0
3830,3,3.5,22,2.0,"98077",800000.0
4410,6,2.5,50,1.0,"98003",472000.0
1430,3,1.75,47,1.0,"98003",225000.0
830,2,1.0,75,1.0,"98126",210000.0
1430,2,1.0,90,1.5,"98115",455000.0
1300,3,1.0,61,1.0,"98002",225000.0
1030,2,1.0,97,1.0,"98103",480000.0
2740,3,2.5,25,2.0,"98023",363000.0
3650,4,2.5,15,1.0,"98074",2400000.0
720,2,1.5,61,1.0,"98106",181000.0
2010,4,2.0,39,1.0,"98002",250000.0
1560,3,1.75,97,1.0,"98103",481000.0
1810,3,2.0,37,1.0,"98032",260000.0
3360,4,2.5,14,2.0,"98058",455000.0
1510,3,2.25,24,2.0,"98045",415000.0
1400,3,1.0,62,1.0,"98118",349500.0
1730,3,2.5,28,2.0,"98030",245000.0
1420,2,2.0,87,1.5,"98115",592500.0
2360,4,1.75,60,1.0,"98106",385000.0
1580,3,1.75,41,1.0,"98059",315000.0
1230,3,1.0,36,1.0,"98045",255000.0
2460,4,2.5,9,2.0,"98052",693000.0
1660,3,1.0,104,1.5,"98112",780000.0
1270,3,1.75,55,1.0,"98198",237000.0
2100,3,2.25,36,2.0,"98074",525000.0
770,2,1.0,85,1.0,"98144",425000.0
760,1,0.75,79,1.0,"98070",369900.0
1700,4,2.5,27,2.0,"98031",290000.0
1120,3,1.0,61,1.0,"98106",285000.0
1070,2,1.0,78,1.0,"98115",415000.0
2070,3,2.5,36,1.0,"98023",272500.0
5050,4,3.25,33,1.5,"98004",2900000.0
5310,4,4.75,26,2.0,"98077",1365000.0
1040,2,1.0,76,1.0,"98133",436000.0
1700,3,1.0,48,1.0,"98003",210000.0
1300,3,1.0,54,1.0,"98178",236000.0
1080,3,1.75,61,1.0,"98199",331000.0
2653,3,2.5,9,2.0,"98031",365000.0
2290,3,2.0,55,1.0,"98058",450000.0
3820,4,2.75,1,2.0,"98028",770000.0
2210,4,2.5,18,1.0,"98038",455000.0
2390,3,1.75,107,1.0,"98118",405000.0
2600,4,1.75,46,1.0,"98031",304900.0
860,2,1.0,84,1.0,"98178",170000.0
3830,5,3.0,110,2.0,"98122",2050000.0
3500,4,2.5,10,2.0,"98053",780000.0
2420,3,3.0,27,1.0,"98028",330000.0
2720,4,2.5,23,2.0,"98030",370000.0
2500,5,2.25,36,1.0,"98072",467000.0
1670,3,1.75,35,1.0,"98034",405000.0
2900,5,2.25,30,1.0,"98006",675000.0
1640,2,1.0,61,1.0,"98006",500000.0
1890,4,2.5,47,2.0,"98166",389999.0
2950,4,1.75,40,1.0,"98034",630000.0
2160,4,2.5,23,2.0,"98001",360000.0
3280,4,3.0,29,2.0,"98056",580000.0
1970,3,2.0,86,2.0,"98126",550000.0
3360,4,2.5,21,2.0,"98075",879000.0
1320,3,2.0,22,1.0,"98042",265000.0
2650,3,2.5,25,2.0,"98059",446500.0
2030,3,1.5,52,1.0,"98108",404000.0
1590,3,1.75,58,1.0,"98188",267500.0
2440,3,2.5,17,2.0,"98003",335000.0
1940,3,2.5,67,1.0,"98117",576000.0
2040,3,2.5,9,2.0,"98038",208633.0
2200,3,2.25,51,1.0,"98166",315000.0
1920,3,1.75,102,1.0,"98112",725000.0
1800,4,2.75,50,1.0,"98177",550000.0
2180,4,2.25,31,2.0,"98074",610750.0
1010,2,1.0,107,1.5,"98105",550700.0
3320,4,2.75,55,2.0,"98056",665000.0
2370,4,2.5,87,1.5,"98144",834000.0
1660,5,1.75,100,1.5,"98065",201000.0
3650,5,2.5,94,2.0,"98119",2384000.0
4290,4,3.25,18,1.0,"98006",1384000.0
4290,4,3.25,18,1.0,"98006",1400000.0
1950,4,2.25,36,1.0,"98058",305000.0
2590,3,2.0,67,1.0,"98133",487000.0
1930,3,2.5,27,1.0,"98042",390000.0
1470,2,1.0,99,1.0,"98103",548000.0
800,4,1.0,72,1.0,"98166",268750.0
3150,5,2.75,2,2.0,"98052",819900.0
2030,3,2.25,31,2.0,"98027",520000.0
1450,3,2.0,12,1.0,"98001",230000.0
1510,3,1.75,46,1.0,"98023",240000.0
1240,2,1.0,93,1.0,"98146",232000.0
1240,2,1.0,93,1.0,"98146",240500.0
3030,3,2.5,28,2.0,"98077",274975.0
2050,4,2.0,93,1.5,"98102",740000.0
1000,3,1.0,63,1.0,"98166",186375.0
2370,3,2.25,38,1.0,"98005",790000.0
2800,4,3.5,64,2.0,"98105",880000.0
2240,6,1.75,60,2.0,"98198",279000.0
1810,3,2.0,24,1.0,"98022",295000.0
1070,2,1.0,91,1.0,"98103",640000.0
2490,4,2.0,47,2.0,"98040",940000.0
1960,4,2.5,12,2.0,"98038",260000.0
2930,3,2.75,11,1.0,"98072",559900.0
1510,4,2.0,104,1.5,"98103",791500.0
1420,3,1.75,61,1.0,"98133",265000.0
1740,3,1.75,61,1.0,"98178",245000.0
2560,4,1.75,53,2.0,"98052",485000.0
3040,4,3.5,5,2.0,"98059",684000.0
2500,3,1.75,58,1.0,"98125",425000.0
1275,4,1.75,24,1.0,"98070",309600.0
2580,4,2.5,13,2.0,"98065",552250.0
1000,4,1.0,72,1.0,"98178",165000.0
1000,4,1.0,72,1.0,"98178",239900.0
1070,2,1.0,85,1.0,"98059",320000.0
1390,3,2.0,28,1.0,"98030",206600.0
2500,4,1.75,42,1.0,"98155",387000.0
560,1,0.75,48,1.0,"98014",299000.0
2270,4,2.75,50,2.0,"98040",855000.0
1900,3,1.0,61,1.0,"98166",315000.0
990,2,1.0,108,1.0,"98103",437500.0
1550,4,1.5,46,1.0,"98001",252000.0
2200,4,1.75,60,1.0,"98118",375000.0
1910,4,2.5,10,2.0,"98038",300000.0
1750,4,1.0,61,1.5,"98006",420000.0
1330,3,1.0,87,1.0,"98033",900000.0
2440,3,2.5,15,2.0,"98116",679900.0
1640,3,2.5,23,2.0,"98053",463000.0
2760,5,2.5,37,2.0,"98059",380000.0
1820,4,2.5,21,2.0,"98038",329500.0
2110,3,2.5,2,1.0,"98033",604950.0
3040,5,2.5,49,1.0,"98006",795000.0
1840,3,2.0,21,2.0,"98045",465000.0
2990,4,2.5,13,2.0,"98166",673000.0
3520,4,2.5,24,2.0,"98074",810000.0
2440,4,2.75,26,1.0,"98075",785000.0
2090,4,3.0,29,1.0,"98056",338000.0
1430,3,2.25,22,2.0,"98056",280000.0
2180,4,2.25,61,1.0,"98133",315000.0
2180,4,2.25,61,1.0,"98133",530000.0
3450,5,3.0,11,2.0,"98023",380000.0
1450,3,2.25,21,2.0,"98056",297000.0
3230,4,2.5,11,2.0,"98075",730000.0
1640,3,1.75,75,1.0,"98125",450000.0
1590,3,3.0,18,1.0,"98038",275000.0
2020,4,2.0,55,2.0,"98115",595000.0
1300,3,1.5,111,1.5,"98144",435000.0
1380,2,1.5,61,1.0,"98011",270000.0
4040,3,3.0,29,2.0,"98077",950000.0
2130,4,2.25,14,2.0,"98019",389000.0
2550,4,2.25,47,1.0,"98052",560000.0
4800,5,3.5,17,2.0,"98006",1350000.0
2510,4,2.25,46,2.0,"98040",799000.0
1410,3,2.0,32,1.0,"98072",365500.0
1650,3,2.0,36,1.0,"98058",252350.0
2120,4,2.5,22,2.0,"98146",403950.0
2040,4,1.5,61,1.0,"98177",385000.0
1550,4,1.0,58,1.5,"98106",345000.0
1980,3,2.75,36,2.0,"98008",490000.0
1600,3,2.5,10,2.0,"98019",330000.0
3300,4,2.75,62,2.0,"98004",927000.0
3840,4,2.5,32,2.0,"98040",1118000.0
1220,2,1.0,65,1.0,"98028",330000.0
2720,5,2.25,57,1.0,"98008",530000.0
1940,4,2.0,53,1.0,"98006",365000.0
2160,3,2.5,106,1.5,"98118",378750.0
1530,4,1.75,47,1.5,"98058",269900.0
1710,3,3.5,7,2.0,"98122",557000.0
3730,4,1.75,41,1.0,"98022",360000.0
940,2,1.0,78,1.0,"98117",352000.0
1750,3,2.5,21,2.0,"98045",437000.0
1820,4,2.5,21,2.0,"98038",322500.0
1510,3,3.25,14,2.0,"98116",650000.0
1290,3,2.0,14,3.0,"98103",450000.0
1570,3,2.0,17,1.0,"98092",278500.0
1930,4,2.5,20,2.0,"98055",364950.0
2840,4,3.5,29,1.0,"98038",840000.0
1550,3,2.5,24,2.0,"98031",268000.0
833,2,1.0,9,1.0,"98070",517534.0
2990,3,2.5,37,2.0,"98077",632925.0
2000,3,2.5,20,2.0,"98034",577500.0
2390,4,1.5,95,1.5,"98178",339000.0
2910,3,1.75,48,1.0,"98052",570000.0
2085,4,1.75,51,1.0,"98024",563500.0
2200,4,2.25,53,1.0,"98133",423000.0
1860,3,2.25,3,2.0,"98019",355000.0
6070,5,4.25,16,2.0,"98024",1550000.0
950,2,1.0,74,1.0,"98103",482000.0
1600,3,1.75,60,1.0,"98006",625000.0
2250,3,2.5,27,2.0,"98056",538000.0
2280,3,2.5,30,2.0,"98058",380000.0
940,2,1.0,106,1.0,"98122",375000.0
1530,3,2.5,19,1.0,"98038",245000.0
2190,5,1.75,68,1.0,"98166",310000.0
2350,3,2.0,39,1.0,"98004",1300000.0
1440,4,2.0,44,1.0,"98034",397000.0
2200,3,2.5,10,2.0,"98058",365000.0
2290,4,3.0,25,2.0,"98042",328500.0
4040,4,3.0,28,2.0,"98052",988000.0
2610,4,2.5,93,1.5,"98103",1000000.0
1490,3,2.5,10,2.0,"98055",237000.0
2450,4,2.5,12,2.0,"98011",525000.0
1710,4,2.5,39,1.0,"98006",749000.0
4870,5,2.5,32,2.0,"98074",722500.0
3130,3,2.5,24,2.0,"98052",843000.0
1270,2,2.0,15,3.0,"98115",438000.0
2120,3,1.75,38,1.0,"98146",578000.0
1670,3,1.5,61,1.0,"98001",227950.0
2070,3,2.25,41,2.0,"98001",196000.0
1420,2,1.0,62,1.0,"98105",641000.0
1250,3,1.5,35,1.0,"98038",350000.0
940,3,1.0,55,1.0,"98032",205000.0
1920,3,1.75,47,1.0,"98072",400000.0
3545,3,2.5,10,1.0,"98027",1030000.0
1260,3,2.0,43,1.0,"98034",505000.0
2340,5,2.5,40,1.0,"98034",475000.0
2590,3,2.25,38,1.0,"98028",520000.0
3970,3,4.5,38,2.0,"98034",1450000.0
1220,3,1.75,50,1.0,"98011",333500.0
1400,3,1.0,39,1.0,"98038",232000.0
2360,3,2.75,32,1.0,"98006",691100.0
1870,3,1.75,55,1.0,"98040",811000.0
2830,3,2.5,14,2.0,"98028",551000.0
2260,3,2.5,21,2.0,"98072",496500.0
1970,3,3.0,35,2.0,"98070",705000.0
3140,4,2.5,49,1.0,"98055",578000.0
1240,3,1.75,29,1.0,"98042",255000.0
3450,4,3.5,8,2.0,"98006",1050000.0
2570,3,2.25,26,2.0,"98042",348000.0
1510,3,2.0,30,2.0,"98031",230000.0
2390,4,2.25,27,2.0,"98023",359500.0
980,3,1.0,62,1.0,"98133",330000.0
430,1,0.75,103,1.0,"98014",80000.0
1480,3,1.75,61,1.0,"98133",465000.0
1850,4,2.5,18,2.0,"98042",325000.0
2270,3,2.0,68,1.0,"98168",340500.0
1810,3,2.5,22,2.0,"98038",342500.0
1610,2,2.0,85,2.0,"98178",290900.0
3840,3,4.25,15,2.0,"98074",868700.0
4110,4,2.75,87,2.0,"98125",1199000.0
4190,4,3.25,15,2.0,"98074",1150000.0
3390,4,2.75,4,2.0,"98074",859900.0
1890,4,2.25,12,2.0,"98029",520000.0
1610,3,2.5,10,2.0,"98118",460000.0
1050,3,1.5,66,1.0,"98115",438924.0
630,2,1.0,97,1.0,"98126",315000.0
2910,4,2.75,40,1.0,"98033",590000.0
1700,4,1.75,60,1.0,"98006",378500.0
1950,3,2.5,25,2.0,"98042",328500.0
2990,3,3.0,42,2.0,"98005",849950.0
1350,3,1.5,65,1.0,"98136",525000.0
4860,4,3.25,22,2.5,"98074",1385000.0
2160,4,2.5,37,1.0,"98023",295000.0
4860,6,3.5,17,2.0,"98006",1067000.0
890,2,2.0,98,1.0,"98118",207950.0
2810,4,2.75,13,2.0,"98075",699900.0
3400,5,2.5,38,2.0,"98027",1280000.0
1580,4,1.5,52,1.0,"98052",452000.0
1680,3,2.0,28,1.0,"98055",370000.0
1300,3,1.75,47,1.0,"98042",232000.0
2820,5,2.5,55,2.0,"98034",669950.0
1510,3,2.0,43,1.0,"98034",397500.0
1230,2,2.5,11,2.0,"98112",490000.0
2110,4,2.0,90,2.0,"98116",725000.0
3080,3,2.75,57,1.0,"98032",299000.0
1490,2,1.5,115,1.5,"98116",625000.0
2120,3,2.5,15,2.0,"98065",437500.0
3180,4,2.5,12,2.0,"98065",650000.0
1490,2,1.0,86,1.0,"98117",475000.0
1930,3,2.0,49,1.0,"98042",342000.0
2770,4,2.5,16,2.0,"98033",1197350.0
1670,3,1.5,52,1.0,"98055",280000.0
1330,2,1.75,22,1.0,"98188",240000.0
1210,3,1.0,91,1.5,"98107",529000.0
1190,3,1.0,74,1.0,"98136",442000.0
1540,2,1.0,69,1.0,"98119",615000.0
4030,4,3.75,9,2.0,"98033",1485000.0
2430,4,1.75,34,1.0,"98052",585000.0
2600,4,2.5,10,2.0,"98059",480000.0
4410,5,3.5,25,2.0,"98053",1095000.0
1330,4,1.0,66,1.5,"98133",290000.0
1900,3,1.75,64,1.0,"98116",615000.0
1100,2,1.0,65,1.0,"98133",300000.0
1980,3,1.0,83,1.5,"98030",308000.0
2400,3,2.5,14,2.0,"98033",750000.0
4760,4,2.25,99,2.5,"98112",2250000.0
3180,4,3.25,10,2.0,"98059",890000.0
1190,3,1.0,57,1.0,"98058",288000.0
630,2,1.0,72,1.0,"98178",190000.0
2530,5,3.0,10,1.0,"98133",515000.0
1690,4,1.5,85,1.0,"98055",235000.0
940,2,1.0,64,1.0,"98126",275000.0
1240,2,2.0,63,1.0,"98004",727500.0
3040,4,2.5,12,2.0,"98053",650000.0
6050,6,5.0,14,2.0,"98024",1600000.0
1590,4,1.0,71,1.5,"98125",365000.0
2500,3,1.75,31,1.0,"98052",662000.0
1780,3,2.5,37,1.0,"98038",270500.0
1360,2,1.5,37,2.0,"98092",200000.0
4740,4,3.25,28,2.0,"98075",970000.0
1010,3,1.5,53,1.0,"98198",160000.0
1040,3,1.0,44,1.0,"98010",204000.0
1610,3,2.25,30,2.0,"98058",358000.0
1570,4,1.75,36,1.0,"98011",452000.0
1510,2,2.0,115,1.0,"98103",595000.0
1360,3,2.0,21,1.0,"98042",249000.0
1970,4,2.5,16,2.0,"98055",346900.0
5403,3,2.5,39,2.0,"98166",2125000.0
1560,4,2.5,12,2.0,"98056",280000.0
2320,4,1.75,42,1.0,"98032",318888.0
2120,3,2.25,48,1.0,"98075",530000.0
2120,3,2.25,32,2.0,"98031",375000.0
3350,4,2.5,27,2.0,"98052",910000.0
2380,4,2.5,24,2.0,"98006",782000.0
1070,2,2.0,7,2.0,"98106",259950.0
2300,4,2.75,36,1.0,"98058",315000.0
1320,2,1.0,72,1.0,"98168",215000.0
2180,3,1.75,69,1.0,"98040",705000.0
4380,3,3.0,63,2.0,"98199",1450000.0
1790,3,1.75,66,2.0,"98155",451000.0
750,2,1.0,72,1.0,"98055",261000.0
1300,3,1.5,59,1.0,"98028",396000.0
2990,4,2.5,16,2.0,"98059",725000.0
4640,7,3.5,50,2.0,"98040",1950000.0
1400,4,1.0,56,1.5,"98188",238000.0
2750,6,1.75,42,2.0,"98052",750000.0
2050,4,2.5,17,2.0,"98042",331500.0
2230,4,3.0,37,1.0,"98065",460000.0
2340,4,2.25,33,1.0,"98092",404950.0
2870,3,2.5,1,2.0,"98103",880000.0
4120,4,2.5,18,2.0,"98074",863000.0
2080,3,1.75,55,1.0,"98005",638700.0
1840,3,2.5,7,2.0,"98053",435000.0
1180,3,1.0,56,1.5,"98178",260000.0
2160,5,2.75,88,1.5,"98105",671500.0
1180,3,1.0,108,1.5,"98109",610000.0
1160,2,0.75,78,1.0,"98014",405000.0
1830,4,2.5,12,2.0,"98038",338900.0
3200,4,4.0,11,2.0,"98075",720000.0
2560,5,3.0,88,1.5,"98108",442000.0
2550,5,2.75,113,1.5,"98122",650000.0
1330,3,1.75,34,1.0,"98058",263500.0
1220,2,1.0,52,1.0,"98038",300000.0
1805,3,2.5,6,2.0,"98002",266000.0
6050,4,4.0,6,2.5,"98077",930000.0
2320,4,2.5,11,2.0,"98028",530000.0
1384,3,1.0,50,1.0,"98023",180000.0
2720,3,2.5,10,2.0,"98065",619000.0
1820,3,1.5,53,1.0,"98003",264000.0
2130,2,2.25,74,1.5,"98116",730000.0
2060,4,2.25,40,2.0,"98034",439000.0
1420,4,1.75,34,1.0,"98031",268500.0
1510,3,1.75,30,1.0,"98045",330000.0
2160,3,2.5,112,1.5,"98122",640000.0
3180,3,2.5,37,2.0,"98074",900000.0
2110,3,2.25,30,2.0,"98038",370000.0
2060,3,2.0,84,1.5,"98144",685000.0
1830,3,1.5,34,1.0,"98053",505000.0
1820,3,1.75,49,1.0,"98022",265000.0
1610,3,2.5,9,2.0,"98055",290000.0
1780,4,2.5,9,2.0,"98038",296000.0
1840,4,2.5,19,2.0,"98178",360000.0
1460,3,1.75,18,1.0,"98168",240500.0
1400,2,2.5,8,2.0,"98126",372500.0
3370,3,2.5,11,2.0,"98045",595000.0
3590,4,3.0,18,2.0,"98023",515000.0
3200,4,2.25,53,2.0,"98040",1220000.0
1670,2,1.75,11,1.0,"98053",507000.0
2420,4,2.0,31,1.0,"98092",399950.0
1430,3,1.75,21,2.0,"98010",185000.0
1440,3,1.75,35,1.0,"98052",460000.0
1450,3,2.25,30,2.0,"98029",435500.0
3550,4,2.75,49,1.0,"98188",469000.0
1270,2,3.0,15,2.0,"98103",531000.0
940,2,1.0,66,1.0,"98177",443500.0
1670,3,2.0,25,1.0,"98042",223000.0
3100,4,3.5,19,2.0,"98028",590000.0
1100,2,2.5,18,3.0,"98103",340000.0
1870,3,2.0,90,1.0,"98199",650000.0
1930,3,2.5,25,2.0,"98029",533600.0
2540,3,2.75,10,2.0,"98074",695000.0
1280,3,1.75,27,1.5,"98031",242000.0
1820,3,2.25,48,1.0,"98125",425000.0
1490,3,2.25,34,2.0,"98052",525000.0
1880,3,2.5,27,2.0,"98029",485000.0
1250,3,1.0,44,1.0,"98045",175000.0
1440,3,2.0,32,1.0,"98092",210000.0
1920,3,2.5,26,2.0,"98031",260000.0
2060,3,2.5,39,1.0,"98116",577000.0
1210,3,1.5,57,1.0,"98002",200000.0
1760,2,1.75,88,1.0,"98117",605000.0
990,3,1.0,68,1.0,"98133",325000.0
960,3,1.0,71,1.0,"98178",289500.0
1660,3,2.5,1,3.0,"98144",559950.0
1900,3,1.75,74,1.0,"98115",1042500.0
1270,3,2.25,45,1.0,"98199",543500.0
3250,4,2.25,32,2.0,"98042",480000.0
960,3,1.0,33,1.0,"98022",218000.0
1330,2,1.75,101,1.0,"98199",565000.0
2080,3,1.75,47,1.0,"98056",426700.0
2690,3,2.5,58,1.0,"98028",650000.0
890,2,1.0,105,1.0,"98105",542000.0
1070,3,1.75,38,1.0,"98052",415000.0
1200,3,1.0,62,1.0,"98002",214000.0
1360,3,1.5,66,2.0,"98188",245000.0
2050,3,2.0,22,1.0,"98003",314500.0
3000,3,1.5,91,2.0,"98116",1120000.0
1300,2,2.0,52,1.0,"98136",378000.0
2250,4,2.5,33,1.0,"98001",305000.0
3740,5,2.75,37,1.0,"98028",595000.0
1660,3,2.5,0,3.0,"98116",729500.0
2360,3,2.5,12,2.0,"98065",430000.0
1760,3,1.75,28,1.0,"98038",240000.0
1680,3,1.75,99,1.5,"98136",545000.0
1320,3,1.75,97,1.0,"98105",530000.0
870,1,1.0,76,1.0,"98198",157000.0
1260,4,1.0,90,1.5,"98146",425000.0
1000,3,1.0,71,1.0,"98166",220000.0
2020,4,1.75,39,1.0,"98077",521000.0
1920,3,1.0,63,1.0,"98118",325000.0
2150,3,2.0,104,1.5,"98126",597500.0
1470,3,2.5,16,2.0,"98065",337000.0
3180,3,2.5,24,2.0,"98052",1000000.0
990,3,1.0,72,1.0,"98105",495000.0
2770,4,3.5,14,2.0,"98052",748000.0
1250,3,1.5,62,1.0,"98004",888000.0
1140,3,1.75,29,1.0,"98045",269900.0
2250,4,2.5,48,1.0,"98027",496500.0
1640,3,2.5,46,2.0,"98155",475000.0
1255,3,1.5,11,3.0,"98125",312000.0
1290,3,1.0,39,1.0,"98072",323000.0
1300,3,1.75,29,1.0,"98059",331000.0
1220,3,1.5,8,3.0,"98133",306000.0
2630,4,2.5,13,3.0,"98117",655000.0
1950,3,1.5,56,1.0,"98003",290000.0
3160,4,3.25,50,2.0,"98105",1250000.0
1550,3,1.75,66,1.0,"98115",460000.0
1700,4,2.5,75,1.0,"98115",435000.0
2510,4,2.75,37,1.0,"98006",664000.0
1800,4,1.75,94,2.0,"98102",865000.0
1800,3,1.75,47,1.0,"98058",385000.0
1870,3,2.25,40,1.0,"98034",497000.0
1010,2,1.0,90,1.0,"98045",280000.0
1120,2,1.5,91,1.0,"98178",188000.0
2090,3,1.0,46,1.0,"98136",478500.0
4370,4,3.5,14,2.0,"98065",1145000.0
1440,3,2.0,34,1.0,"98023",222000.0
2580,4,3.0,31,2.0,"98053",799000.0
3190,4,2.5,9,2.0,"98038",609900.0
2380,4,3.5,20,2.0,"98106",413000.0
1420,4,1.0,85,1.5,"98115",400000.0
2990,5,2.75,1,2.0,"98006",802541.0
2680,3,2.5,25,2.0,"98023",320000.0
2730,4,2.5,9,2.0,"98065",507000.0
1220,3,1.0,69,1.0,"98115",387500.0
1500,3,1.0,48,1.0,"98072",396000.0
1830,3,1.75,57,1.0,"98055",373000.0
4570,5,2.5,50,2.0,"98040",1484900.0
2470,4,2.25,32,2.0,"98058",359900.0
800,2,1.0,88,1.0,"98115",410000.0
2900,4,2.5,23,2.0,"98053",690000.0
1410,3,2.0,30,1.0,"98030",245000.0
2830,5,2.5,36,1.0,"98075",700000.0
1680,4,1.75,38,1.0,"98198",268000.0
1760,3,1.75,36,1.0,"98042",225000.0
2240,4,2.25,39,2.0,"98004",980000.0
1380,2,1.0,110,1.5,"98106",795000.0
820,2,1.0,62,1.0,"98118",195000.0
2180,4,2.0,65,1.0,"98005",480000.0
1400,4,2.0,115,1.0,"98119",485000.0
880,2,1.0,87,1.0,"98188",130000.0
1060,2,1.0,69,1.0,"98198",325000.0
1530,3,1.75,31,1.0,"98034",440000.0
2480,4,1.75,57,1.0,"98155",550000.0
1490,3,1.75,48,1.0,"98059",310000.0
3660,3,2.5,26,2.0,"98022",530000.0
2340,4,2.5,22,2.0,"98031",390000.0
1450,3,1.75,34,1.0,"98001",243000.0
2210,4,2.5,25,2.0,"98074",639000.0
1130,4,1.0,46,1.0,"98003",215000.0
1550,5,1.75,54,1.0,"98011",405000.0
1710,4,1.75,47,1.0,"98032",250000.0
1010,3,1.5,61,1.0,"98155",405500.0
2660,6,2.25,78,2.0,"98125",452000.0
2660,6,2.25,78,2.0,"98125",730000.0
1300,3,2.0,21,1.0,"98010",267000.0
1670,3,2.5,13,2.0,"98038",289950.0
960,2,1.0,104,1.0,"98103",565000.0
4670,4,3.25,27,2.0,"98005",1578000.0
2140,3,2.5,8,2.0,"98052",636000.0
2520,5,3.0,11,1.0,"98178",350000.0
1650,3,1.5,37,1.0,"98058",320000.0
1440,2,1.75,37,1.0,"98198",210000.0
1050,2,1.0,65,1.0,"98126",245000.0
1470,3,1.75,32,1.0,"98059",328000.0
4230,4,2.25,26,2.0,"98077",985000.0
1970,3,1.75,39,1.0,"98055",501000.0
1540,3,2.25,23,2.0,"98045",315000.0
2090,3,2.75,3,2.0,"98019",403000.0
2380,3,2.0,81,2.0,"98155",550000.0
2156,4,2.5,3,2.0,"98030",347500.0
2070,4,2.25,29,2.0,"98058",365000.0
1910,3,1.0,64,1.0,"98117",588000.0
1920,3,1.75,38,1.0,"98006",605000.0
3400,3,3.25,78,2.0,"98105",1300000.0
1400,3,2.0,41,1.0,"98001",233000.0
2210,4,2.5,18,2.0,"98030",360000.0
1170,2,1.75,86,1.0,"98117",459000.0
2100,3,2.0,20,1.0,"98077",740000.0
1160,3,1.0,48,1.0,"98077",305000.0
1500,3,1.0,90,1.0,"98117",395000.0
2940,4,2.5,15,2.0,"98011",560000.0
2010,4,1.75,52,1.0,"98116",650000.0
2170,3,2.5,12,2.0,"98028",449950.0
1430,3,1.5,75,1.0,"98117",517500.0
1510,4,1.5,45,1.0,"98034",435000.0
1150,3,1.0,63,1.0,"98155",329999.0
2150,3,1.75,55,1.0,"98116",950000.0
1370,3,1.0,71,1.0,"98108",447000.0
2380,2,2.5,5,1.0,"98053",699800.0
1370,3,1.75,104,1.0,"98112",850000.0
1600,3,1.75,36,1.0,"98023",316500.0
3750,5,3.5,34,1.0,"98006",942500.0
3950,2,2.25,24,2.0,"98116",1310000.0
2400,4,2.25,51,1.0,"98005",856600.0
2830,5,1.5,97,2.5,"98118",405600.0
2440,4,2.5,19,2.0,"98053",565000.0
1190,3,2.25,7,2.0,"98116",400000.0
1400,3,2.0,18,1.0,"98019",330000.0
2730,4,2.75,10,2.0,"98038",374950.0
2390,3,2.75,32,1.0,"98056",405300.0
2060,3,2.25,31,2.0,"98074",560000.0
2490,4,2.25,54,1.0,"98004",824000.0
1100,3,1.75,31,1.0,"98042",260000.0
2430,4,2.5,50,1.0,"98115",760000.0
3170,3,2.5,20,2.0,"98023",405000.0
2640,4,2.5,28,2.0,"98058",429900.0
1130,3,1.5,54,1.0,"98056",341500.0
1940,5,2.0,58,1.5,"98177",465250.0
1100,2,2.0,103,1.5,"98117",450000.0
1200,3,1.0,60,1.0,"98006",390000.0
2000,3,2.25,52,1.0,"98008",420000.0
1890,3,2.5,13,2.0,"98168",269950.0
1910,4,2.0,105,1.0,"98122",493000.0
2710,4,2.5,17,2.0,"98092",370000.0
4860,5,4.25,110,1.5,"98112",2250000.0
1250,3,1.0,48,1.0,"98059",305000.0
1590,3,1.75,77,1.5,"98034",400000.0
1240,3,1.5,6,2.0,"98133",320000.0
2000,4,1.0,104,2.0,"98103",715000.0
3610,6,2.75,49,1.5,"98008",650000.0
1930,5,1.75,49,1.0,"98023",218000.0
1280,2,1.0,51,1.0,"98117",500000.0
2090,4,2.0,31,1.0,"98027",460000.0
1940,3,1.5,46,1.0,"98003",232500.0
1800,3,2.5,25,2.0,"98106",408200.0
1730,3,1.75,35,1.0,"98052",522000.0
2810,4,2.5,33,2.0,"98074",675000.0
3550,4,3.5,16,1.0,"98006",1355000.0
1330,4,1.0,63,1.5,"98168",249950.0
750,2,1.0,65,1.0,"98168",210000.0
1760,4,1.0,68,1.0,"98133",429950.0
3200,4,2.5,22,2.0,"98053",737500.0
1740,4,2.0,57,1.0,"98033",710000.0
2100,3,2.5,16,2.0,"98065",470000.0
4270,4,3.5,22,1.0,"98077",1100000.0
1340,3,2.0,102,1.5,"98103",650000.0
3190,4,2.5,48,1.0,"98006",1216000.0
1630,3,2.5,28,2.0,"98034",422120.0
2990,5,2.5,8,2.0,"98011",625000.0
1550,4,1.0,61,1.5,"98126",385200.0
1690,3,2.25,26,2.0,"98029",500000.0
1960,4,2.25,26,2.0,"98042",308000.0
2390,3,2.75,38,1.0,"98006",565000.0
2600,3,2.5,11,2.0,"98053",581000.0
1950,3,2.0,16,1.0,"98042",361000.0
1250,3,1.0,51,1.0,"98008",345000.0
1180,2,2.25,7,2.0,"98122",419000.0
1680,3,2.5,11,2.0,"98056",347000.0
2220,4,2.25,26,2.0,"98075",625000.0
4890,4,4.25,16,2.0,"98040",2400000.0
2660,3,3.25,1,2.5,"98010",379000.0
1150,3,1.5,27,2.0,"98029",310000.0
1130,2,2.0,74,1.0,"98030",250000.0
2760,5,2.75,10,2.0,"98059",682000.0
1430,3,2.0,23,1.0,"98022",246500.0
1490,3,1.0,83,1.5,"98092",325000.0
2030,4,2.5,11,2.0,"98031",310950.0
3010,3,2.0,84,2.0,"98199",1100000.0
1810,3,1.0,61,1.0,"98133",287500.0
1810,3,1.0,61,1.0,"98133",431000.0
970,3,1.0,47,1.0,"98118",226000.0
2010,3,1.75,89,1.5,"98103",825000.0
1300,4,1.0,68,1.5,"98168",175000.0
1260,3,1.5,56,1.0,"98008",465750.0
2610,4,2.25,32,2.0,"98075",659000.0
1910,3,1.75,74,1.0,"98115",595000.0
1780,3,2.25,28,2.0,"98058",350000.0
1900,4,2.25,40,1.0,"98023",270000.0
2450,6,2.25,58,1.0,"98008",662500.0
1380,3,1.75,76,1.0,"98001",249900.0
1920,3,1.75,38,1.0,"98023",324500.0
1350,2,1.75,11,1.0,"98053",430000.0
1350,2,1.75,11,1.0,"98053",419950.0
2510,4,1.75,53,1.0,"98032",285000.0
2470,4,2.5,13,2.0,"98092",332000.0
1660,4,1.75,59,1.0,"98168",282000.0
1340,3,1.0,28,1.0,"98133",320000.0
1620,3,1.0,104,1.5,"98006",428750.0
2300,3,2.25,38,2.0,"98022",330000.0
2000,4,3.5,7,3.0,"98177",456500.0
1640,3,2.25,43,1.0,"98059",352000.0
1530,4,2.0,103,1.5,"98105",664000.0
4000,3,1.75,28,1.0,"98011",628000.0
1610,3,1.75,38,1.0,"98052",512000.0
2070,3,2.0,46,1.0,"98023",254000.0
1900,4,2.5,21,2.0,"98029",535800.0
1050,3,1.0,55,1.0,"98038",287653.0
1520,3,2.5,9,2.0,"98136",438000.0
2390,4,1.75,66,1.0,"98028",450000.0
2400,5,2.75,17,2.0,"98092",327000.0
1790,4,2.5,10,2.0,"98059",370500.0
1720,3,2.5,22,2.0,"98038",265000.0
2980,4,2.75,36,1.0,"98056",450000.0
1520,3,1.0,27,1.5,"98027",425000.0
1150,3,1.75,38,1.0,"98042",166600.0
380,1,0.75,52,1.0,"98168",245000.0
910,3,1.0,64,1.0,"98115",565000.0
1650,3,1.75,39,1.0,"98033",539900.0
2480,3,3.5,5,2.0,"98144",910000.0
2050,4,2.5,25,2.0,"98092",280000.0
1420,3,2.25,26,2.0,"98038",275000.0
3460,3,2.5,14,2.0,"98056",467000.0
1500,3,2.5,19,2.0,"98029",457500.0
1320,2,1.0,107,1.0,"98118",381156.0
2180,5,2.5,38,1.0,"98092",289999.0
1830,3,1.75,96,1.0,"98144",642450.0
1620,3,2.25,53,1.0,"98007",469950.0
2920,3,2.0,40,1.0,"98033",795000.0
3300,4,2.5,31,2.0,"98074",785000.0
3060,3,2.25,32,2.0,"98006",860000.0
1530,3,1.0,56,1.0,"98031",147500.0
1910,3,2.0,37,1.0,"98011",390000.0
1020,3,1.0,61,1.0,"98198",229000.0
1150,3,1.0,83,1.0,"98168",185000.0
1260,3,1.5,74,1.0,"98115",414900.0
1920,4,2.0,101,1.0,"98136",200000.0
1800,4,2.25,46,1.0,"98092",225000.0
2040,3,1.75,91,2.0,"98105",720000.0
2200,4,2.5,107,2.0,"98119",930000.0
3200,5,2.5,63,1.0,"98004",1270000.0
2400,5,3.25,87,2.0,"98122",700000.0
1140,2,1.5,10,3.0,"98103",466000.0
1330,3,1.5,39,1.0,"98011",374000.0
1940,3,2.5,21,2.0,"98072",480000.0
3000,3,2.5,20,2.0,"98053",740000.0
1820,4,1.0,92,1.5,"98102",1010000.0
2910,4,2.5,13,2.0,"98042",395000.0
1090,2,1.0,61,1.0,"98106",340000.0
1230,3,2.0,12,2.0,"98106",209000.0
1710,5,2.5,53,1.5,"98007",431650.0
3160,5,2.5,44,1.0,"98040",980000.0
2680,3,2.5,22,2.0,"98077",660000.0
2190,4,2.25,38,2.0,"98033",730000.0
1260,3,1.75,27,1.0,"98042",291500.0
2970,4,3.5,18,2.0,"98040",905000.0
2570,4,2.5,22,1.5,"98077",800000.0
3810,4,3.5,2,1.0,"98056",839900.0
1010,1,1.5,8,2.0,"98126",200000.0
1480,3,2.0,36,1.0,"98058",300000.0
1250,3,1.75,73,1.5,"98115",530000.0
1654,3,2.25,20,2.0,"98038",314950.0
1410,3,1.75,55,1.0,"98031",255000.0
2160,5,2.75,65,1.0,"98144",550000.0
1400,3,1.0,98,1.0,"98136",435000.0
1420,3,1.75,49,1.0,"98002",234000.0
2500,4,2.25,40,1.0,"98052",615000.0
1410,3,2.0,30,1.0,"98001",205000.0
2100,4,1.75,60,1.0,"98106",384000.0
1750,3,2.5,21,2.0,"98055",324000.0
2070,3,1.75,69,1.0,"98115",645000.0
1570,3,3.25,8,2.0,"98107",570000.0
1920,3,2.5,16,2.0,"98031",324000.0
1000,2,1.0,72,1.0,"98106",270000.0
2120,5,1.5,53,1.5,"98058",290000.0
1440,3,2.0,50,1.0,"98198",250000.0
1660,3,1.75,25,2.0,"98014",342000.0
1340,3,1.5,57,1.0,"98188",255000.0
2380,3,2.25,43,1.0,"98040",800000.0
1560,3,1.75,89,1.5,"98126",451000.0
2780,4,2.5,48,1.0,"98033",990000.0
1860,4,2.5,32,1.0,"98031",288400.0
2390,3,1.5,95,2.0,"98118",420000.0
1370,2,2.75,6,2.0,"98133",359000.0
2570,4,3.0,27,1.0,"98058",390000.0
1320,3,2.5,10,2.0,"98118",300000.0
2520,5,2.5,34,1.0,"98034",545000.0
1250,3,1.0,43,1.0,"98010",288349.0
1560,3,2.25,30,1.0,"98092",299900.0
2330,4,2.0,90,1.5,"98117",891000.0
3660,3,2.0,68,1.0,"98117",1200000.0
2790,4,2.5,11,2.0,"98038",378000.0
1060,2,1.0,64,1.0,"98155",299995.0
2020,3,2.5,21,1.0,"98042",253000.0
1580,3,2.25,36,1.0,"98024",350000.0
2020,4,3.0,115,1.5,"98107",565000.0
970,2,1.0,107,1.0,"98118",315000.0
1490,4,3.0,100,1.5,"98136",570000.0
4390,5,3.5,10,2.0,"98125",971000.0
2750,5,2.5,105,1.5,"98112",915000.0
2150,4,1.5,65,1.0,"98166",419000.0
1810,4,1.75,38,1.0,"98023",260000.0
2230,3,3.0,25,2.0,"98004",1321500.0
2430,3,1.0,38,1.0,"98045",369950.0
3680,3,2.5,21,2.0,"98006",1029900.0
1410,5,1.0,86,1.5,"98118",435000.0
1330,3,1.75,57,1.0,"98125",601000.0
1490,3,1.0,52,1.0,"98033",460500.0
2020,3,2.5,15,3.0,"98103",720000.0
3130,4,2.5,19,2.0,"98075",851000.0
2670,4,3.0,99,2.0,"98126",550000.0
1980,4,1.0,95,1.5,"98103",700000.0
2100,3,1.75,52,1.0,"98042",323000.0
1350,3,1.0,71,1.0,"98177",345500.0
2140,4,1.5,56,1.0,"98118",378000.0
2208,4,2.0,98,3.0,"98116",650000.0
1010,3,2.0,33,1.0,"98074",385000.0
970,2,1.0,105,1.0,"98102",425000.0
1520,4,2.0,95,1.5,"98022",210000.0
2740,4,2.5,22,2.0,"98077",630000.0
1570,3,1.75,62,1.0,"98146",335000.0
1320,3,1.0,49,1.0,"98001",196500.0
2550,4,2.75,29,1.0,"98074",582800.0
1560,3,1.75,32,1.0,"98034",440000.0
2360,4,2.25,41,2.0,"98033",752500.0
1330,3,1.75,106,2.0,"98116",532500.0
1070,3,1.0,65,1.0,"98198",265000.0
1510,3,1.25,54,1.0,"98125",397500.0
1710,3,2.5,16,2.0,"98029",524250.0
2790,4,2.75,19,2.0,"98027",765000.0
2620,4,2.5,14,2.0,"98074",648000.0
2970,5,2.5,46,1.0,"98031",469500.0
1050,3,1.75,40,1.0,"98023",237500.0
1280,3,1.0,59,1.0,"98003",216000.0
1030,3,1.0,52,1.0,"98056",427200.0
1900,3,2.25,38,1.0,"98055",280000.0
3070,5,3.0,47,1.0,"98006",718000.0
1760,2,2.75,5,2.0,"98065",420000.0
930,2,1.0,63,1.0,"98117",379000.0
880,2,1.0,73,1.0,"98177",326100.0
1360,3,2.5,12,3.0,"98115",535000.0
2130,4,2.75,23,1.0,"98022",283000.0
1480,3,1.0,75,1.5,"98168",260000.0
1500,4,1.0,64,1.5,"98126",399000.0
1670,3,2.25,28,2.0,"98029",484950.0
2060,4,1.75,55,1.0,"98005",640000.0
2160,4,2.5,63,1.0,"98115",585000.0
2780,4,2.0,60,1.0,"98125",645000.0
1490,3,2.0,27,1.0,"98003",253000.0
740,2,1.0,62,1.0,"98146",178500.0
1860,4,2.5,24,2.0,"98038",291000.0
1590,2,2.75,95,1.5,"98001",199950.0
850,2,1.0,93,1.0,"98105",553500.0
1030,2,1.0,34,1.0,"98038",189950.0
1850,3,2.0,27,1.0,"98001",289000.0
1830,4,2.0,107,2.0,"98105",700000.0
1560,3,2.0,48,1.0,"98058",270000.0
1730,4,1.75,38,1.0,"98023",258000.0
1930,3,2.5,10,2.0,"98125",530000.0
1422,3,2.25,3,2.0,"98092",245000.0
1380,3,2.0,98,1.5,"98117",563000.0
2430,3,2.5,14,2.0,"98065",515000.0
2610,4,2.5,28,2.0,"98023",325000.0
2000,3,2.25,19,2.0,"98024",540000.0
920,2,1.0,66,1.0,"98103",280300.0
1750,4,1.75,89,1.5,"98117",460000.0
2020,3,1.75,34,1.0,"98072",475000.0
2460,4,2.25,58,1.0,"98007",900000.0
1780,4,3.0,51,1.0,"98008",538200.0
1080,2,1.0,93,1.0,"98122",429000.0
1250,3,1.0,35,1.0,"98178",164808.0
1870,4,2.25,38,2.0,"98052",520000.0
1700,3,1.75,38,1.0,"98125",475000.0
1480,4,1.5,73,1.0,"98168",283000.0
1930,4,2.5,15,2.0,"98030",321500.0
3130,4,2.75,22,2.0,"98077",840000.0
1370,3,2.25,23,2.0,"98038",287000.0
960,3,1.75,53,1.0,"98052",375000.0
1260,3,1.75,46,1.0,"98034",349500.0
1480,3,1.5,55,1.0,"98126",446450.0
1930,4,2.5,23,2.0,"98031",315000.0
870,2,1.0,109,1.5,"98144",271310.0
1300,4,1.0,62,1.5,"98133",315000.0
1490,3,1.75,25,1.0,"98030",245000.0
1380,2,1.0,68,1.0,"98199",543115.0
1190,4,2.0,70,1.5,"98117",900000.0
4250,4,4.25,7,2.0,"98144",2450000.0
1920,2,2.0,12,1.0,"98053",554000.0
2080,3,1.75,65,1.0,"98001",249900.0
3220,3,2.5,34,2.0,"98006",768000.0
3680,4,3.0,48,1.0,"98199",980000.0
2070,5,2.5,53,1.0,"98146",395000.0
1480,3,1.75,20,2.0,"98103",415000.0
2000,4,2.5,12,2.0,"98038",380000.0
1560,3,2.5,16,2.0,"98075",566000.0
1600,2,1.0,66,1.0,"98002",218500.0
1940,4,2.5,39,1.0,"98052",550000.0
1540,3,1.75,95,1.0,"98117",512031.0
820,2,1.0,65,1.0,"98055",197500.0
1780,3,2.25,38,1.0,"98033",470000.0
1560,3,1.75,34,1.0,"98053",590000.0
2210,4,2.25,38,1.0,"98011",465000.0
2040,2,1.75,47,1.0,"98027",499000.0
1920,3,2.25,43,1.0,"98006",515000.0
1930,3,1.75,79,1.0,"98105",716500.0
1700,3,2.0,71,1.0,"98199",410000.0
3450,4,3.25,21,2.0,"98136",850000.0
3440,4,3.25,32,2.0,"98033",1050000.0
2380,4,2.5,23,2.0,"98075",648000.0
2400,4,2.25,86,1.5,"98117",620000.0
5670,4,4.5,7,2.0,"98010",935000.0
1140,3,1.0,52,1.0,"98034",379000.0
1670,3,1.75,63,1.0,"98199",699000.0
1910,4,2.25,55,1.0,"98125",528000.0
1560,3,1.75,41,1.0,"98056",425000.0
1500,2,1.75,52,1.0,"98042",249500.0
4475,5,3.25,1,2.0,"98053",1035480.0
2840,4,2.75,54,1.0,"98136",790000.0
1020,3,1.0,46,1.0,"98027",399950.0
1410,3,1.5,62,1.0,"98133",275000.0
1520,3,1.0,103,1.5,"98109",550000.0
730,1,1.0,89,1.0,"98055",140000.0
1190,3,1.0,61,1.0,"98108",250000.0
1410,3,2.25,27,2.0,"98198",318000.0
1240,2,1.0,53,1.0,"98075",505000.0
2500,5,2.5,49,1.0,"98006",470500.0
1050,3,1.0,61,1.5,"98125",360000.0
2680,4,2.75,53,1.0,"98006",1242500.0
2380,3,2.5,51,1.0,"98136",986000.0
1060,2,1.0,109,1.0,"98112",515000.0
2300,3,1.75,76,1.0,"98168",320000.0
2010,4,3.0,64,1.0,"98178",310000.0
1090,2,1.0,73,1.0,"98126",356700.0
2320,4,1.75,59,1.0,"98199",775000.0
1040,3,1.0,64,1.0,"98133",325000.0
1810,4,2.75,53,1.5,"98198",208000.0
1150,2,1.0,107,1.0,"98178",825000.0
2360,3,2.5,25,1.0,"98003",515000.0
1970,3,1.5,86,1.5,"98122",490000.0
2690,4,3.0,61,1.0,"98166",675000.0
2080,4,2.5,53,1.0,"98144",360000.0
2080,4,2.5,53,1.0,"98144",550000.0
1370,3,1.5,53,1.0,"98168",225000.0
3410,3,2.75,48,1.5,"98058",500000.0
1850,4,2.0,46,1.0,"98059",385000.0
3010,5,2.75,21,2.0,"98052",837700.0
1530,3,2.25,12,2.0,"98053",448000.0
2690,5,1.75,63,1.0,"98004",730000.0
2810,4,1.5,61,1.0,"98136",575000.0
1810,3,1.75,39,1.0,"98034",430000.0
1560,3,2.5,13,2.0,"98053",435000.0
1010,3,1.0,42,1.0,"98092",241000.0
1000,2,1.75,91,1.0,"98109",453500.0
990,2,1.5,14,3.0,"98133",285000.0
720,2,1.0,73,1.0,"98056",151000.0
6070,5,4.5,11,2.0,"98059",1570000.0
2270,5,2.0,110,2.0,"98122",631000.0
1380,2,2.5,4,2.0,"98126",285000.0
1260,3,1.0,56,1.0,"98023",195000.0
2910,4,2.5,28,2.0,"98075",817500.0
1810,3,2.0,55,1.0,"98007",550000.0
3160,4,2.5,20,2.0,"98033",1127000.0
1910,2,2.75,13,3.0,"98119",609850.0
1230,3,1.0,68,1.0,"98106",200000.0
2960,4,2.5,9,2.0,"98038",367000.0
2200,3,2.25,27,2.0,"98092",285167.0
1270,2,1.5,68,1.0,"98003",275000.0
2540,4,2.5,23,2.0,"98030",350900.0
3030,4,3.25,27,2.0,"98029",660000.0
1520,3,1.75,58,1.0,"98008",525000.0
1560,4,2.5,18,2.0,"98168",262000.0
970,2,1.0,108,1.0,"98103",690000.0
3570,5,3.75,10,2.0,"98019",624000.0
1350,3,1.0,68,1.0,"98125",353000.0
3710,4,3.5,13,2.0,"98056",552500.0
1430,4,1.0,32,1.5,"98092",224500.0
940,3,1.0,65,1.0,"98146",239000.0
4300,5,4.5,11,2.0,"98029",975000.0
3990,4,1.75,9,2.0,"98059",1200000.0
1380,3,1.0,105,1.5,"98112",505000.0
2020,4,1.75,52,1.0,"98059",302000.0
1480,3,1.0,71,1.0,"98106",170000.0
1190,2,1.0,105,1.0,"98027",195000.0
2550,5,1.5,56,1.0,"98056",272000.0
2550,5,1.5,56,1.0,"98056",369000.0
1500,3,1.5,62,1.0,"98125",332500.0
3000,3,2.5,52,1.0,"98008",515000.0
1690,3,1.0,48,1.0,"98178",269000.0
4390,4,4.0,21,1.0,"98059",1278000.0
1560,3,2.5,30,2.0,"98055",303000.0
2940,7,3.0,38,1.0,"98155",420000.0
1130,3,1.0,74,1.0,"98117",400000.0
1020,3,1.0,28,1.0,"98022",225000.0
1310,2,2.0,11,2.0,"98038",219000.0
2570,3,2.5,26,2.0,"98011",605000.0
2020,4,2.0,73,1.0,"98115",625000.0
1680,5,2.0,109,1.0,"98144",380000.0
1770,4,2.0,53,1.5,"98007",620000.0
3190,4,2.75,21,2.0,"98075",687500.0
1440,4,2.0,53,1.0,"98058",225500.0
1150,3,2.0,59,1.0,"98178",252500.0
1860,3,2.5,21,2.0,"98029",510000.0
2430,4,2.5,12,2.0,"98155",510000.0
1940,3,2.5,109,1.5,"98109",725000.0
880,2,1.0,88,1.0,"98103",492000.0
1930,4,2.5,38,1.0,"98072",425000.0
3120,4,2.75,52,1.0,"98034",1955000.0
1830,3,2.5,21,2.0,"98092",298900.0
3230,4,2.5,28,2.0,"98027",699000.0
700,2,1.0,97,1.0,"98103",310000.0
1010,3,1.75,54,1.0,"98033",350000.0
2460,4,1.75,54,1.0,"98178",790000.0
2230,4,2.5,12,2.0,"98031",305000.0
1570,3,2.5,12,2.0,"98118",315000.0
2390,5,3.5,38,2.0,"98042",267500.0
3460,4,3.25,65,2.0,"98115",1750000.0
2400,6,3.5,28,2.0,"98034",435000.0
2940,6,4.5,49,1.5,"98034",482500.0
1570,3,1.75,56,1.0,"98133",439995.0
1520,3,3.0,48,1.0,"98034",460000.0
1070,3,1.0,44,1.0,"98023",194000.0
440,2,0.75,72,1.0,"98070",290000.0
2440,4,2.0,52,1.0,"98031",274700.0
2660,4,2.5,105,2.0,"98105",900000.0
4460,4,4.0,14,2.0,"98053",1150000.0
2010,3,2.5,7,2.0,"98027",605000.0
1450,3,2.5,11,2.0,"98065",359000.0
1400,3,1.75,64,1.0,"98004",850000.0
1500,3,2.0,13,2.0,"98107",505000.0
2500,3,2.5,25,2.0,"98072",565000.0
1280,2,1.75,60,1.0,"98118",585000.0
3380,4,3.25,25,2.0,"98198",328000.0
2910,4,2.75,58,1.0,"98177",749950.0
3060,4,2.5,9,2.0,"98027",826000.0
1330,3,1.0,38,1.0,"98024",535000.0
3300,4,2.5,24,2.0,"98029",925000.0
3250,3,3.5,14,2.0,"98136",875000.0
2530,4,2.25,39,1.0,"98006",902000.0
1830,3,1.0,64,1.0,"98133",423000.0
1170,3,1.0,47,1.0,"98059",235000.0
2930,2,2.0,35,1.0,"98070",545000.0
1230,2,1.0,54,1.0,"98133",343000.0
1620,3,2.5,13,2.0,"98058",334950.0
1760,3,1.75,59,1.0,"98118",405000.0
1440,4,1.0,56,1.0,"98188",220000.0
1740,2,1.0,68,1.0,"98168",173000.0
1270,3,1.0,109,1.5,"98119",655000.0
880,2,1.0,91,1.0,"98115",406000.0
2560,6,2.5,54,1.0,"98125",632000.0
1540,5,2.75,25,1.0,"98106",357000.0
1150,3,1.75,51,1.0,"98014",361000.0
770,2,1.0,67,1.0,"98155",277000.0
4610,4,3.75,35,1.0,"98027",630000.0
1850,3,2.5,12,2.0,"98042",254000.0
1840,3,2.25,54,1.0,"98006",472800.0
1490,3,1.75,102,1.0,"98118",263000.0
1490,3,1.75,102,1.0,"98118",510000.0
960,3,1.0,63,1.0,"98003",179950.0
1580,4,2.25,42,1.0,"98027",525000.0
1260,3,2.5,7,3.0,"98109",479000.0
1940,3,2.0,75,1.0,"98116",651000.0
2490,4,1.75,57,1.0,"98033",949000.0
2520,5,2.5,73,1.5,"98155",392400.0
1760,4,1.75,65,1.0,"98115",585000.0
4190,4,2.5,11,2.0,"98058",460000.0
1170,3,1.0,64,1.0,"98199",470000.0
1600,3,2.5,12,2.0,"98038",245000.0
2760,4,2.0,37,2.0,"98155",500000.0
2090,3,2.5,26,2.0,"98011",455000.0
2320,4,2.5,16,2.0,"98065",485500.0
4110,5,3.25,94,2.0,"98122",1875000.0
770,2,1.0,37,1.0,"98001",100000.0
1410,3,1.75,33,1.0,"98014",307000.0
3660,4,3.5,21,2.0,"98023",475000.0
2180,4,2.5,43,1.0,"98011",330000.0
1110,3,1.0,55,1.0,"98033",130000.0
2280,3,2.5,17,2.0,"98001",320000.0
2820,4,2.5,2,2.0,"98118",735000.0
1570,4,2.5,43,1.0,"98155",365000.0
1200,3,1.5,47,1.0,"98042",234000.0
1710,4,2.0,45,1.5,"98031",211000.0
3000,6,3.5,46,2.0,"98118",680000.0
2800,4,3.0,13,2.0,"98038",457000.0
1640,3,2.25,26,2.0,"98034",349000.0
2030,3,2.75,36,1.0,"98108",360000.0
2530,4,2.5,17,2.0,"98042",350000.0
990,3,1.0,55,1.0,"98002",208000.0
790,2,1.0,73,1.0,"98166",250275.0
790,2,1.0,73,1.0,"98166",435000.0
1800,3,1.75,31,1.0,"98030",270000.0
1650,3,1.75,54,1.0,"98028",438000.0
1980,4,2.0,77,2.0,"98072",659000.0
2340,4,2.75,41,1.0,"98126",645000.0
2790,4,2.5,16,2.0,"98074",685100.0
2800,7,3.0,52,1.0,"98056",350000.0
1840,2,1.0,60,1.0,"98072",375000.0
1350,3,1.5,49,1.0,"98092",170000.0
3030,4,2.5,10,3.0,"98117",880000.0
1980,4,2.5,7,2.0,"98014",410500.0
3690,4,2.5,19,2.0,"98075",780000.0
3732,5,4.5,14,2.5,"98112",1225000.0
1510,2,1.75,10,1.0,"98053",449000.0
2000,3,1.75,94,1.0,"98117",546000.0
1760,3,2.0,38,1.0,"98058",317000.0
1270,3,1.0,57,1.0,"98056",276900.0
2620,5,2.0,50,1.0,"98133",399000.0
2630,5,2.75,39,1.0,"98027",495000.0
2270,3,1.75,37,1.0,"98023",258000.0
2410,2,2.5,103,1.0,"98024",600000.0
1120,3,2.75,16,3.0,"98103",265000.0
3030,5,2.75,37,1.0,"98032",321000.0
2120,5,2.25,105,1.5,"98109",682000.0
1720,4,2.5,15,2.0,"98092",295700.0
2150,4,2.5,30,2.0,"98052",609000.0
4380,3,4.5,47,2.0,"98166",995000.0
2010,3,2.25,29,2.0,"98029",530000.0
3150,5,2.5,108,2.0,"98118",614000.0
2500,3,2.5,29,1.0,"98092",390000.0
1690,3,2.5,11,2.0,"98053",467000.0
3300,6,2.5,35,1.0,"98059",484000.0
1240,3,2.5,12,3.0,"98103",340000.0
2200,3,2.5,21,2.0,"98030",302495.0
1620,3,1.75,88,1.0,"98117",532500.0
2420,3,2.5,22,2.0,"98059",441500.0
2680,4,2.5,48,1.0,"98198",470000.0
4250,4,3.25,11,2.0,"98004",2300000.0
2400,3,2.5,19,1.0,"98058",590000.0
2300,3,1.75,73,1.0,"98133",320000.0
920,2,2.0,6,2.0,"98144",363000.0
2350,4,2.25,38,2.0,"98028",747500.0
2630,2,2.5,12,2.0,"98053",750000.0
2170,4,3.0,33,2.0,"98112",831000.0
1700,3,2.5,11,2.0,"98065",403000.0
2470,3,2.5,10,2.0,"98056",445000.0
1250,3,1.0,45,1.0,"98072",345000.0
3110,3,3.5,12,1.0,"98004",2260000.0
1530,3,2.0,38,1.0,"98011",371025.0
960,2,1.0,99,1.0,"98136",355000.0
1240,3,1.0,43,1.0,"98058",270000.0
2440,4,2.75,58,2.0,"98198",425000.0
2320,3,1.75,48,1.0,"98058",364808.0
1580,3,2.25,34,1.0,"98058",320000.0
2963,4,2.5,9,2.0,"98030",325000.0
2470,3,2.25,31,2.0,"98058",350000.0
1370,3,1.5,68,1.0,"98168",170000.0
960,2,1.0,31,1.0,"98070",255000.0
1130,3,1.0,68,1.0,"98117",550000.0
4930,4,4.25,10,2.0,"98092",835000.0
1150,3,1.0,69,1.0,"98116",420000.0
2190,4,2.5,57,2.5,"98040",925000.0
1490,2,1.5,59,1.0,"98126",389250.0
2600,3,2.5,11,1.0,"98033",748000.0
1530,3,1.75,27,1.0,"98042",284000.0
1680,4,2.0,65,1.0,"98115",588000.0
1680,3,1.75,52,1.0,"98133",372500.0
1900,4,3.0,27,2.0,"98042",285000.0
1570,3,1.0,61,1.0,"98177",360000.0
1370,3,1.0,85,1.0,"98024",275000.0
1350,2,2.0,12,1.0,"98053",428000.0
3010,6,2.5,46,2.0,"98177",847000.0
1010,3,1.0,38,1.0,"98019",316000.0
2050,3,2.5,15,2.0,"98003",375000.0
1670,3,1.0,48,1.0,"98115",533000.0
3840,5,2.5,24,2.0,"98023",556000.0
2220,4,2.0,49,1.0,"98042",225000.0
2590,4,2.5,37,1.0,"98155",537250.0
1180,3,1.0,48,1.0,"98058",255000.0
2950,4,2.5,9,2.0,"98059",530000.0
2150,3,2.75,19,2.0,"98014",595000.0
2100,4,2.0,57,1.0,"98008",548000.0
1650,3,1.75,35,1.0,"98092",234975.0
1620,3,1.75,10,2.5,"98102",600000.0
1750,4,1.0,48,1.0,"98072",432000.0
1380,3,1.5,29,2.0,"98034",455000.0
1510,3,1.75,50,1.0,"98155",279950.0
1600,3,1.5,52,1.0,"98030",267500.0
1840,4,2.5,15,2.0,"98038",620000.0
830,2,1.0,72,1.0,"98166",110000.0
1810,3,3.5,6,2.0,"98122",625000.0
910,2,1.0,63,1.0,"98115",389000.0
2120,4,2.0,110,2.0,"98112",1200000.0
2510,4,2.25,38,2.0,"98027",788500.0
2100,5,2.25,41,1.0,"98033",567000.0
2690,2,2.25,28,1.0,"98023",515000.0
2430,4,2.5,47,1.0,"98155",605000.0
2452,4,3.75,79,2.0,"98055",430000.0
1550,2,1.75,95,1.0,"98199",805000.0
2080,3,2.5,16,2.0,"98074",567500.0
1290,3,1.75,99,1.0,"98144",647500.0
1850,2,1.75,112,2.5,"98122",495000.0
3370,4,2.5,9,2.0,"98027",825000.0
2730,4,2.25,28,2.0,"98058",435000.0
1300,3,1.75,47,1.0,"98034",445950.0
3040,5,2.75,22,2.0,"98006",960000.0
2440,4,3.0,86,1.5,"98103",780000.0
1720,3,2.25,46,1.0,"98023",274500.0
3230,5,3.0,106,1.5,"98133",729953.0
1200,3,1.5,7,2.0,"98109",464950.0
2350,4,1.75,56,1.0,"98005",620000.0
3100,4,3.5,10,2.0,"98075",735000.0
2040,4,2.25,56,1.0,"98133",450000.0
2000,4,1.0,99,1.5,"98118",450000.0
2160,4,2.5,113,2.5,"98122",842500.0
1970,3,2.0,36,1.0,"98058",360000.0
2270,3,2.5,17,2.0,"98070",585000.0
1850,3,2.25,38,1.0,"98033",461000.0
1350,2,1.0,66,1.0,"98126",345000.0
3280,3,2.5,45,1.0,"98115",1075000.0
2270,4,2.5,27,2.0,"98029",643000.0
2820,4,2.5,25,2.0,"98074",690000.0
1200,4,1.0,66,1.5,"98155",282000.0
2000,3,1.75,64,1.0,"98117",549000.0
2310,3,2.0,89,2.0,"98199",815000.0
4640,5,4.25,63,2.0,"98052",2200000.0
2330,3,2.25,31,2.0,"98052",700000.0
3940,3,2.5,23,2.0,"98052",933399.0
1440,3,1.0,48,1.0,"98055",290000.0
1960,4,1.75,36,1.0,"98045",372000.0
1250,2,1.75,95,1.0,"98103",450000.0
1981,3,2.5,5,2.0,"98030",303700.0
2440,4,2.5,26,2.0,"98029",672000.0
1150,4,1.5,45,1.5,"98034",334000.0
1120,2,1.0,71,1.0,"98178",260000.0
1800,3,1.75,74,1.0,"98119",749950.0
2380,4,2.25,31,2.0,"98022",330000.0
2920,5,3.0,55,2.0,"98103",830000.0
2790,3,2.25,9,1.0,"98166",1131000.0
1560,3,1.0,67,1.0,"98155",320000.0
1550,2,1.0,95,1.5,"98038",260000.0
1700,3,2.0,70,1.0,"98146",225000.0
640,1,1.0,76,1.0,"98117",279200.0
2680,4,3.5,73,2.0,"98125",520000.0
1860,3,2.5,28,2.0,"98029",505000.0
1490,3,1.75,40,1.0,"98042",234000.0
2470,4,2.5,10,2.0,"98155",503000.0
2390,4,2.25,36,1.0,"98033",606000.0
1230,3,1.0,78,1.0,"98115",433500.0
2840,3,1.5,64,1.0,"98056",250000.0
2120,3,2.5,31,2.0,"98006",719000.0
1770,3,2.0,56,1.0,"98166",381000.0
2495,3,2.5,8,2.0,"98001",267000.0
1170,1,0.75,53,1.0,"98022",275000.0
2740,4,2.5,22,2.0,"98074",651000.0
1050,2,1.0,66,1.0,"98115",439000.0
1130,2,1.0,60,1.0,"98146",325000.0
880,2,1.0,77,1.0,"98115",490000.0
2403,4,2.5,16,2.0,"98028",519900.0
3410,4,2.75,31,2.0,"98038",545000.0
5320,4,4.0,12,2.0,"98075",1062500.0
1900,4,1.75,60,1.0,"98006",542000.0
1810,4,1.75,54,2.0,"98077",465000.0
1200,2,2.0,9,1.0,"98053",408000.0
2060,4,2.5,15,2.0,"98030",292000.0
1250,3,1.75,21,1.0,"98010",253000.0
910,2,1.0,73,1.0,"98106",280000.0
2560,3,2.25,29,2.0,"98027",658588.0
1920,4,2.25,46,1.0,"98005",635000.0
2240,4,2.25,37,2.0,"98011",439000.0
1260,3,2.5,16,2.0,"98059",300000.0
1360,3,1.5,55,1.0,"98198",345000.0
2100,4,2.25,37,2.0,"98055",283500.0
2110,2,1.0,104,1.5,"98103",425000.0
2210,3,1.75,41,1.0,"98033",685000.0
2360,3,2.5,32,2.0,"98006",750000.0
1280,4,1.5,55,1.0,"98178",245000.0
2740,6,3.75,53,1.0,"98144",585444.0
2740,4,2.5,6,2.0,"98033",706000.0
2630,4,2.0,71,1.5,"98146",445000.0
1650,3,2.0,25,1.0,"98023",241000.0
1770,2,2.5,58,2.0,"98155",1175000.0
1500,3,1.0,88,1.5,"98126",530000.0
1430,3,1.5,67,1.0,"98133",350000.0
3190,4,3.75,16,2.0,"98178",1700000.0
1280,3,1.0,47,1.0,"98072",389000.0
2390,4,2.75,70,2.0,"98115",799000.0
4040,4,2.5,64,1.0,"98199",1400000.0
920,2,1.0,68,1.0,"98155",340895.0
2730,4,2.5,19,2.0,"98074",780000.0
1320,2,1.5,22,1.0,"98001",350000.0
2620,3,2.5,16,2.0,"98065",470000.0
3180,4,3.0,30,2.0,"98072",914600.0
2900,4,2.5,10,2.0,"98042",354000.0
1900,5,2.0,95,1.5,"98033",470000.0
1760,3,2.0,88,1.0,"98103",715000.0
760,2,1.0,65,1.0,"98108",265000.0
3710,4,3.0,79,2.0,"98105",2537000.0
1530,3,1.0,65,1.0,"98103",640000.0
1990,4,1.75,86,2.0,"98168",290000.0
3830,5,4.75,39,1.0,"98077",480000.0
2040,3,2.0,61,1.0,"98144",535000.0
2170,3,1.75,50,1.0,"98033",907000.0
1620,3,1.75,41,1.0,"98034",459000.0
3600,3,2.5,65,1.0,"98008",1355000.0
1470,3,1.5,48,1.0,"98030",264950.0
1760,3,1.0,115,1.5,"98103",352950.0
2230,3,2.25,41,1.0,"98006",491500.0
3770,4,3.5,26,2.0,"98007",1229000.0
1200,3,1.0,63,1.0,"98155",369500.0
2090,3,2.5,11,2.0,"98052",566000.0
1500,3,2.25,47,1.0,"98055",290000.0
870,3,1.0,46,1.0,"98042",180000.0
1010,2,1.0,71,1.0,"98133",215000.0
1010,2,1.0,71,1.0,"98133",302000.0
1860,3,1.75,29,1.0,"98198",352500.0
1330,4,2.0,73,1.0,"98056",235867.0
1760,3,2.25,37,2.0,"98074",500000.0
1800,3,2.25,20,2.0,"98019",382000.0
1690,5,2.5,85,1.5,"98117",515000.0
660,1,1.0,96,1.0,"98144",250000.0
2400,3,2.25,76,1.5,"98117",672500.0
3020,3,2.25,26,2.0,"98052",755000.0
1500,3,1.0,105,2.0,"98109",707500.0
1560,4,2.0,91,1.0,"98117",459000.0
1090,3,1.0,56,1.5,"98032",140000.0
970,2,1.0,110,1.0,"98103",495000.0
3190,3,3.25,8,2.0,"98029",757000.0
3190,3,3.25,8,2.0,"98029",765000.0
1890,4,1.5,60,1.0,"98125",359000.0
1050,3,1.0,115,1.0,"98136",440000.0
1390,4,1.5,50,1.0,"98133",400000.0
1700,3,2.0,74,1.0,"98117",652000.0
1050,3,1.75,35,1.0,"98166",260000.0
3340,5,3.0,51,1.0,"98040",1328000.0
1540,4,2.0,51,1.0,"98027",519500.0
1710,3,1.0,87,1.5,"98103",650000.0
2100,4,2.25,37,2.0,"98003",280000.0
1730,4,1.75,50,1.0,"98007",515000.0
1500,3,2.25,29,2.0,"98034",400000.0
2380,3,2.5,12,2.0,"98074",652100.0
2180,6,3.0,35,2.0,"98003",235000.0
1840,4,1.5,108,2.0,"98118",701000.0
2341,4,2.5,18,2.0,"98052",640000.0
1690,3,2.5,13,2.0,"98053",455800.0
2490,3,2.5,22,2.0,"98014",504750.0
2440,3,3.0,23,2.0,"98074",483000.0
920,3,0.75,65,1.0,"98070",530000.0
1030,2,1.0,59,1.0,"98146",250000.0
2000,5,2.75,21,1.0,"98023",229950.0
4210,4,3.5,14,2.0,"98074",884744.0
1610,3,1.5,38,1.0,"98052",514000.0
1910,3,2.25,38,1.0,"98027",532000.0
2660,4,2.5,11,2.0,"98059",423000.0
820,2,1.0,93,1.0,"98126",420000.0
1730,3,1.75,27,1.0,"98011",521000.0
2360,4,2.25,36,2.0,"98033",577000.0
970,3,1.0,59,1.0,"98007",425000.0
2460,4,2.5,11,2.0,"98028",495000.0
2690,3,2.5,28,2.0,"98023",340000.0
1820,3,3.5,1,2.0,"98144",499950.0
3470,4,3.0,1,2.0,"98116",1218000.0
3370,4,2.75,38,1.0,"98056",720000.0
1700,3,1.5,45,1.0,"98031",249000.0
1340,3,1.0,37,1.0,"98030",206135.0
2000,5,2.75,47,2.0,"98055",300000.0
3840,6,3.0,66,1.5,"98178",612000.0
3890,5,2.5,65,2.0,"98177",1102030.0
1220,4,2.0,45,1.5,"98023",230000.0
2280,3,1.0,79,1.0,"98119",850000.0
2770,4,2.5,36,1.0,"98001",355000.0
2520,4,2.5,25,2.0,"98059",442000.0
3060,4,3.0,14,2.0,"98042",399000.0
2390,4,2.5,16,2.0,"98092",360000.0
1320,3,1.75,37,1.0,"98058",390000.0
2900,5,2.5,38,1.0,"98011",413000.0
700,2,1.0,64,1.0,"98118",190000.0
2210,3,2.5,17,2.0,"98045",432900.0
2180,3,2.25,29,2.0,"98074",621138.0
2080,3,2.25,12,1.5,"98042",270000.0
2090,4,2.25,35,1.0,"98075",610000.0
1720,3,2.0,74,1.0,"98108",500000.0
2460,4,2.25,47,1.0,"98053",715000.0
1470,3,1.5,57,1.0,"98042",264000.0
1650,3,1.75,114,1.5,"98102",550000.0
1690,3,2.0,18,1.0,"98042",337000.0
970,3,1.0,53,1.0,"98198",170000.0
2030,4,2.5,43,1.0,"98034",405000.0
2540,4,2.5,31,1.0,"98052",775000.0
1570,3,2.25,32,1.0,"98034",425000.0
2580,5,2.75,48,2.0,"98007",713000.0
2090,5,2.5,49,1.0,"98008",555000.0
3260,4,2.5,12,2.0,"98029",810000.0
3830,4,3.75,25,2.0,"98077",1250000.0
2130,3,3.5,107,2.0,"98199",819000.0
1690,3,2.5,2,2.0,"98106",409900.0
1780,2,2.5,41,2.0,"98004",935000.0
1620,4,1.75,68,1.0,"98117",657500.0
4210,6,3.75,7,2.0,"98059",900000.0
2980,5,3.25,17,2.5,"98115",932800.0
1490,3,2.0,38,1.0,"98006",391000.0
2110,4,2.5,15,2.0,"98059",420000.0
6563,6,3.5,13,2.0,"98005",1300000.0
1510,3,1.5,59,1.0,"98133",415000.0
1830,3,1.75,69,1.0,"98146",350000.0
1230,2,1.0,67,2.0,"98107",375000.0
2180,3,1.75,68,1.0,"98033",860000.0
2220,4,2.25,54,1.0,"98006",495000.0
1730,4,2.25,53,1.0,"98001",250000.0
1990,4,2.25,47,1.0,"98058",365000.0
1540,3,2.75,35,1.0,"98034",503000.0
1100,2,1.0,71,1.0,"98058",150000.0
1640,4,1.75,103,1.0,"98105",450000.0
2590,4,3.0,14,2.0,"98001",355000.0
1450,3,2.0,43,2.0,"98003",245000.0
1180,3,2.0,23,1.0,"98031",265900.0
1820,4,2.5,40,1.0,"98058",299000.0
2360,4,2.25,47,2.0,"98040",957500.0
1120,3,1.0,43,1.0,"98034",343000.0
1646,3,2.25,21,2.0,"98038",307500.0
4210,5,3.75,11,2.0,"98065",937500.0
2480,3,3.0,39,1.0,"98077",610000.0
1590,3,1.5,63,1.0,"98136",720000.0
2130,4,2.0,96,1.5,"98103",610000.0
1650,3,1.75,48,1.0,"98034",434500.0
3090,2,2.5,36,1.0,"98058",602500.0
2180,4,2.5,13,2.0,"98118",607010.0
1800,3,1.0,68,1.0,"98117",610000.0
3720,4,2.5,32,2.0,"98072",828500.0
1100,3,1.0,54,1.0,"98023",199990.0
1530,3,1.75,28,1.0,"98038",294000.0
3010,4,2.5,10,2.0,"98052",789500.0
3500,3,3.5,7,2.0,"98075",797000.0
3100,5,3.0,9,2.0,"98065",539950.0
2000,4,1.5,53,1.0,"98198",284950.0
2290,4,1.5,50,1.0,"98033",776500.0
2400,4,2.5,48,1.0,"98034",525000.0
1850,3,2.5,16,2.0,"98092",303000.0
3680,3,3.25,27,2.0,"98074",722080.0
1060,3,1.0,56,1.0,"98198",140000.0
1060,3,1.0,56,1.0,"98198",235000.0
1610,3,1.0,112,1.5,"98103",440000.0
2330,3,1.75,75,1.5,"98126",605000.0
1210,2,1.0,65,1.0,"98108",380000.0
1530,4,1.0,90,1.0,"98106",352000.0
2270,4,2.25,36,1.0,"98072",420000.0
2590,4,2.0,85,2.0,"98199",1175000.0
1850,3,1.5,62,1.0,"98004",1375000.0
1500,3,1.5,82,1.5,"98168",300000.0
4740,4,3.25,25,2.0,"98053",1150000.0
1710,2,1.5,64,1.0,"98136",453500.0
1920,3,2.0,43,1.0,"98177",443500.0
1150,2,1.0,61,1.0,"98155",332000.0
2320,3,2.5,11,2.0,"98075",655000.0
1420,4,1.0,65,1.5,"98115",475000.0
1550,3,1.75,27,1.0,"98045",372500.0
2920,4,2.5,94,1.0,"98144",1050000.0
1620,3,1.75,70,1.0,"98115",500000.0
2300,6,2.75,65,1.5,"98040",900000.0
1070,3,1.0,26,1.0,"98118",327500.0
1790,3,1.75,102,1.0,"98019",390000.0
1510,2,1.5,30,2.0,"98007",451101.0
1340,4,1.0,101,1.5,"98116",455000.0
3350,4,2.5,11,2.0,"98010",650000.0
2500,3,2.5,22,2.0,"98112",895000.0
2350,4,2.25,63,1.0,"98040",800000.0
2550,4,2.25,28,2.0,"98006",703770.0
1320,3,1.75,47,1.0,"98002",249950.0
1270,2,2.0,89,1.0,"98105",512000.0
3480,5,2.5,43,1.0,"98027",780000.0
2820,3,2.25,29,2.0,"98092",336000.0
2110,3,2.0,60,1.5,"98178",285000.0
1100,3,1.75,34,1.0,"98032",229900.0
1920,4,3.0,84,1.5,"98116",667500.0
1890,4,2.5,37,1.0,"98045",378000.0
2530,3,2.5,24,2.0,"98045",454000.0
2550,4,2.5,10,2.0,"98075",537500.0
1550,3,1.0,89,1.5,"98118",425000.0
1760,3,2.0,17,1.0,"98030",290000.0
1270,3,2.0,52,1.0,"98122",349500.0
1250,3,2.75,9,2.0,"98136",370000.0
1620,3,1.75,54,1.0,"98125",549500.0
710,2,1.0,73,1.0,"98126",245000.0
1070,3,1.75,21,1.0,"98010",208000.0
2320,4,2.25,49,1.0,"98032",248000.0
5450,4,3.25,31,1.5,"98042",610000.0
1670,4,2.5,16,2.0,"98155",550000.0
3010,3,2.75,14,2.0,"98045",750000.0
1340,2,1.75,75,1.0,"98055",192000.0
790,2,1.0,107,1.0,"98112",169317.0
3400,4,3.5,7,2.5,"98112",1198000.0
1530,2,1.0,92,1.5,"98112",880000.0
930,1,1.0,67,1.0,"98133",210000.0
1540,3,1.5,42,1.0,"98058",180500.0
1990,4,2.0,31,2.0,"98074",540000.0
2300,3,1.75,31,1.0,"98072",520000.0
1220,3,1.5,47,1.0,"98055",177500.0
2380,3,1.75,59,1.0,"98118",415000.0
2020,4,2.5,47,1.0,"98034",495000.0
1890,3,2.25,49,1.0,"98168",325000.0
1330,2,1.75,30,1.0,"98052",440000.0
1490,3,1.75,56,1.0,"98155",411000.0
3550,5,3.5,17,2.0,"98118",810000.0
2040,5,1.75,53,1.0,"98008",561750.0
2380,4,2.5,52,1.0,"98005",835100.0
1780,3,2.25,30,1.0,"98034",450000.0
1650,3,2.5,11,2.0,"98055",238000.0
1510,3,1.0,41,1.0,"98001",299000.0
1100,2,1.0,74,1.0,"98199",570000.0
2190,3,1.75,37,2.0,"98042",340000.0
1760,2,1.75,103,1.5,"98116",450000.0
1800,4,1.5,49,1.0,"98146",272750.0
2000,4,2.0,66,2.0,"98115",520000.0
990,3,1.0,55,1.0,"98059",284950.0
1480,2,1.5,66,1.0,"98188",255000.0
1200,2,1.0,74,1.0,"98168",231500.0
3000,1,2.0,36,2.5,"98014",415000.0
3504,4,2.5,9,2.0,"98001",330000.0
1300,3,1.5,52,1.0,"98028",365000.0
1330,4,2.0,87,1.5,"98198",425000.0
1850,4,1.75,57,1.0,"98108",400000.0
2240,4,2.5,26,2.0,"98023",335000.0
1260,3,3.0,12,2.0,"98144",342000.0
2800,8,5.0,18,2.0,"98122",490000.0
1820,4,1.75,46,1.0,"98059",331500.0
1730,3,2.5,19,3.0,"98074",960000.0
3350,4,2.5,30,2.0,"98053",720500.0
3370,3,2.5,103,2.0,"98126",830000.0
1240,3,1.75,89,1.5,"98116",662990.0
2340,4,2.0,56,1.5,"98030",220000.0
1880,5,2.0,63,1.0,"98118",349950.0
1810,3,2.0,93,1.0,"98109",550000.0
2340,3,1.75,74,1.0,"98106",396000.0
2820,4,1.5,104,2.0,"98103",635000.0
1020,3,1.0,75,1.0,"98133",293000.0
2090,3,2.25,36,1.0,"98058",339000.0
1830,4,2.25,24,2.0,"98030",285000.0
2980,6,2.75,99,1.5,"98103",775000.0
1600,4,1.5,56,1.0,"98002",224000.0
4440,4,3.5,93,2.0,"98144",2250000.0
1200,3,1.0,56,1.0,"98022",165050.0
1230,3,1.25,102,1.5,"98118",275000.0
2930,5,3.0,64,1.0,"98118",445000.0
2370,3,2.25,37,1.0,"98077",510000.0
3040,4,2.5,14,2.0,"98040",1230000.0
1610,3,1.5,45,1.0,"98155",390000.0
2350,3,2.25,38,1.0,"98028",460000.0
2000,3,1.75,57,1.0,"98005",700000.0
3530,4,3.5,28,2.0,"98034",874150.0
2220,3,2.25,28,2.0,"98155",470000.0
2000,3,1.75,54,1.0,"98033",374000.0
1210,2,1.75,65,1.5,"98070",510000.0
1140,2,2.5,8,3.0,"98107",467000.0
2440,4,2.5,13,2.0,"98028",576000.0
1560,3,2.0,23,1.0,"98001",196440.0
3210,4,2.5,22,2.0,"98077",825000.0
930,2,1.0,34,1.0,"98034",281000.0
1782,3,2.5,15,3.0,"98125",326000.0
1740,3,1.75,35,1.0,"98010",340000.0
3690,5,1.75,30,1.0,"98042",440000.0
2930,4,2.5,17,2.0,"98075",749000.0
1230,4,1.0,52,1.5,"98034",340000.0
2000,3,2.0,99,2.0,"98136",561000.0
1520,3,2.25,27,1.0,"98038",270000.0
1040,2,1.0,96,1.0,"98112",600000.0
1120,4,1.5,46,1.0,"98042",219900.0
3020,3,1.75,23,2.0,"98092",617000.0
1820,3,2.25,37,2.0,"98034",469000.0
1370,3,1.0,73,1.0,"98003",229000.0
3130,4,3.0,109,2.5,"98102",1265000.0
1640,3,1.5,57,1.0,"98155",365000.0
2650,4,2.5,14,2.0,"98001",429000.0
2850,4,2.5,12,2.0,"98019",550000.0
1820,3,2.5,60,1.0,"98166",453000.0
1180,3,1.5,38,1.0,"98023",187500.0
1880,6,2.5,60,1.0,"98133",520500.0
1280,3,1.75,38,1.0,"98031",300000.0
3120,4,3.25,10,2.0,"98115",799000.0
2470,3,2.5,12,2.0,"98038",338000.0
1700,3,1.0,109,1.5,"98122",800000.0
1180,2,2.0,70,1.0,"98136",360000.0
2800,6,2.5,47,1.0,"98177",442500.0
1300,4,1.0,95,1.0,"98022",700000.0
3040,5,3.0,47,1.0,"98040",830000.0
1630,3,2.5,28,2.0,"98011",360400.0
1340,3,1.0,55,1.0,"98056",345000.0
1830,3,1.75,49,1.0,"98059",300000.0
1240,3,1.0,56,1.0,"98056",350000.0
2500,4,2.0,43,1.0,"98038",368000.0
1760,3,1.75,49,1.0,"98023",264000.0
2660,3,2.0,25,1.0,"98038",435000.0
2060,3,1.5,112,1.5,"98055",200000.0
2540,5,2.5,86,2.0,"98117",620000.0
4830,5,4.25,1,2.0,"98040",1679000.0
1400,3,1.75,96,1.0,"98108",337000.0
4280,4,3.25,31,2.0,"98004",1928000.0
2230,4,2.5,41,1.0,"98075",544500.0
680,1,1.0,105,1.0,"98116",252000.0
2340,4,2.5,7,2.0,"98106",445000.0
2070,3,2.25,26,2.0,"98059",379500.0
1910,4,2.0,96,1.0,"98001",189950.0
950,3,1.0,67,1.5,"98122",469000.0
2910,5,2.75,36,1.0,"98077",600000.0
2930,3,2.5,15,2.0,"98059",785000.0
2610,4,2.75,25,2.0,"98042",372000.0
3880,5,3.0,11,2.0,"98056",445000.0
3320,4,2.25,29,2.0,"98027",508000.0
1940,5,1.5,110,2.0,"98103",780000.0
2510,4,2.25,37,2.0,"98072",541100.0
2660,4,2.5,12,2.0,"98029",729000.0
1710,3,2.0,63,1.0,"98022",397000.0
1320,2,1.0,103,1.0,"98116",451555.0
960,2,1.0,68,1.0,"98155",300000.0
1790,3,2.5,46,1.0,"98059",416000.0
950,2,1.0,90,1.0,"98105",490000.0
2940,6,3.75,73,2.0,"98146",480000.0
930,2,2.0,13,1.0,"98199",368000.0
4570,3,2.5,24,2.0,"98027",1038000.0
2370,3,2.5,63,1.0,"98146",545000.0
3430,5,2.75,17,2.0,"98075",850000.0
3540,4,3.5,12,2.0,"98055",550000.0
2240,3,2.25,31,2.0,"98074",600000.0
2710,4,2.5,47,1.0,"98155",535000.0
2660,3,2.5,1,2.0,"98118",599950.0
2540,5,2.75,60,1.0,"98108",531000.0
2210,4,2.25,47,2.0,"98006",530000.0
3570,4,4.0,0,2.0,"98040",597326.0
3450,4,2.5,18,2.0,"98077",805000.0
2330,4,1.75,47,1.0,"98058",390000.0
1690,4,2.0,114,1.5,"98103",487250.0
1030,3,1.5,48,1.0,"98155",301000.0
2560,5,2.75,92,1.5,"98109",1175000.0
1950,4,2.5,13,2.0,"98178",299000.0
4370,4,2.25,108,2.5,"98033",2350000.0
2350,4,2.5,16,2.5,"98106",400000.0
3160,4,2.5,46,1.0,"98034",467500.0
2430,4,2.5,25,2.0,"98023",305000.0
1340,3,1.0,62,1.0,"98019",210000.0
1010,3,1.0,36,1.0,"98014",300000.0
1770,3,2.25,34,1.0,"98058",327500.0
1210,3,2.0,12,1.0,"98031",269000.0
3330,4,3.25,46,1.0,"98033",975000.0
1240,3,1.0,75,1.0,"98133",355000.0
1250,3,1.0,115,1.5,"98103",712000.0
2960,4,2.5,30,2.0,"98072",883000.0
840,2,1.0,21,1.0,"98010",190000.0
1530,3,1.75,48,1.0,"98177",443000.0
3750,4,3.0,39,2.0,"98074",920000.0
2150,4,2.25,37,1.0,"98023",285000.0
1560,4,3.25,99,1.0,"98126",901000.0
2040,3,1.75,57,1.0,"98199",552500.0
860,2,1.0,100,1.0,"98146",256000.0
1720,3,1.5,63,1.5,"98155",341000.0
2090,4,2.25,40,2.0,"98058",279000.0
2130,4,2.25,38,2.0,"98006",686000.0
1300,2,1.0,40,1.5,"98010",225000.0
1220,2,1.75,43,1.0,"98001",215500.0
2420,4,3.0,96,1.5,"98119",950000.0
2940,4,2.5,19,2.0,"98014",503000.0
2610,3,2.5,18,2.0,"98052",780000.0
1880,4,2.0,69,1.0,"98178",212000.0
2330,4,2.75,32,1.5,"98177",580000.0
2200,4,2.5,21,2.0,"98144",465000.0
1720,4,2.0,56,1.0,"98001",206000.0
2250,3,2.5,28,2.0,"98006",615000.0
1640,4,1.0,108,1.5,"98118",519000.0
4130,4,3.25,14,2.0,"98059",1135000.0
2600,5,2.5,10,2.0,"98058",330000.0
1920,4,1.5,60,1.0,"98178",240000.0
2060,3,2.0,27,1.0,"98029",574000.0
5710,4,4.25,8,2.0,"98092",930000.0
2720,4,3.0,40,2.0,"98053",850000.0
1490,3,1.5,41,1.0,"98034",415000.0
2360,3,2.5,86,1.0,"98133",480000.0
1940,5,1.0,58,1.0,"98188",300000.0
2570,4,2.25,35,2.0,"98011",439000.0
1160,3,1.0,77,1.0,"98028",450000.0
2660,3,2.5,26,1.0,"98024",589000.0
1260,3,2.25,12,2.0,"98029",477000.0
1780,4,2.25,64,1.0,"98115",587500.0
3180,4,2.25,110,2.0,"98112",1315000.0
3380,4,2.5,49,2.0,"98004",1430000.0
2690,4,2.25,37,2.0,"98074",700000.0
1180,2,1.0,66,1.0,"98133",275000.0
1660,3,1.0,37,1.0,"98077",367500.0
2260,4,2.5,14,2.0,"98019",453250.0
1910,5,1.75,61,1.0,"98136",607000.0
2430,4,2.0,55,1.0,"98178",255000.0
1300,2,2.0,89,1.0,"98117",501000.0
1060,3,1.0,65,1.0,"98116",450000.0
2200,3,2.25,34,2.0,"98055",360000.0
1720,4,1.75,86,1.5,"98116",460000.0
2360,3,1.75,65,1.0,"98115",753000.0
820,2,1.0,64,1.0,"98136",389950.0
1030,2,1.0,91,1.0,"98117",469000.0
2030,4,1.75,76,2.0,"98146",550000.0
2700,5,3.5,67,1.5,"98133",565000.0
1100,2,1.75,35,1.0,"98198",189650.0
3620,4,3.25,88,2.0,"98119",1525000.0
1340,3,1.75,35,1.0,"98038",260000.0
1790,3,1.75,55,1.0,"98198",243000.0
3830,4,2.5,46,1.0,"98006",1100000.0
1580,3,1.5,39,1.0,"98092",249000.0
2020,2,1.0,68,1.0,"98146",720000.0
3330,4,2.5,20,2.0,"98006",905000.0
2610,4,2.5,88,1.5,"98115",824500.0
2610,4,2.75,37,1.0,"98040",762500.0
1740,3,2.5,7,3.0,"98116",580000.0
1840,3,2.0,25,1.0,"98058",380000.0
1080,3,1.75,89,1.0,"98103",805000.0
1240,4,1.75,71,1.5,"98117",520000.0
5620,5,4.5,16,3.0,"98199",1569500.0
1170,2,1.0,104,1.0,"98198",175000.0
1760,4,2.25,28,2.0,"98058",353500.0
2230,4,2.5,53,1.0,"98166",500000.0
1520,3,1.75,43,1.0,"98034",386500.0
1450,2,1.0,65,1.0,"98118",210000.0
1600,3,2.5,32,1.0,"98155",439500.0
3220,5,2.5,13,2.0,"98042",315000.0
1830,4,2.5,12,2.0,"98038",339000.0
2200,4,2.25,44,1.0,"98006",655000.0
2170,2,2.5,7,1.0,"98053",740000.0
1900,5,2.5,49,2.0,"98008",685000.0
2960,5,2.5,55,1.0,"98005",550000.0
1710,2,1.75,95,2.0,"98136",405000.0
2620,4,2.25,31,1.0,"98075",765000.0
2140,3,2.0,104,2.0,"98116",625000.0
2100,4,2.5,101,1.5,"98055",207000.0
2100,4,2.5,101,1.5,"98055",370000.0
1460,3,2.5,27,1.0,"98033",475000.0
990,2,1.0,60,1.0,"98133",365000.0
2190,4,2.25,46,1.0,"98011",411800.0
3990,5,3.5,13,2.0,"98027",668000.0
2340,3,2.5,17,2.0,"98122",618000.0
2460,4,2.0,67,1.0,"98002",247500.0
2080,5,3.0,65,1.0,"98116",345000.0
1700,3,2.0,88,2.0,"98033",616300.0
1330,3,1.5,63,1.0,"98155",348000.0
1630,3,2.5,21,1.0,"98011",425000.0
2920,5,2.75,47,1.0,"98027",850000.0
2830,5,2.75,5,2.0,"98074",820000.0
3190,4,2.25,35,2.0,"98075",832000.0
1490,3,1.75,31,2.0,"98033",835000.0
1630,3,2.5,16,2.0,"98059",350000.0
2280,4,2.5,12,2.0,"98056",349000.0
3010,6,3.75,1,2.0,"98103",1125000.0
1590,3,2.5,11,2.0,"98056",320000.0
1250,3,1.0,47,1.0,"98031",150000.0
1710,3,1.0,66,1.0,"98168",340000.0
3280,4,4.0,8,2.0,"98075",785500.0
3362,4,2.5,11,2.0,"98003",410500.0
2200,3,2.5,37,2.0,"98008",580000.0
830,2,1.5,10,2.0,"98144",345000.0
2160,3,2.25,82,1.5,"98052",550000.0
2580,4,3.0,17,2.0,"98058",449500.0
2150,3,1.0,61,1.0,"98177",300000.0
3510,4,2.5,27,2.0,"98053",915000.0
3810,4,3.75,26,2.0,"98040",1575000.0
2020,4,2.75,98,1.0,"98122",599000.0
2120,4,2.5,55,1.0,"98005",755000.0
1250,3,1.0,71,1.0,"98125",400000.0
980,3,1.0,47,1.0,"98198",133000.0
1250,4,1.5,64,1.0,"98155",330000.0
1100,4,1.0,111,1.5,"98055",330000.0
1330,3,1.75,79,1.0,"98125",375000.0
2560,4,2.75,47,1.0,"98034",485000.0
1850,4,2.5,34,1.5,"98074",470000.0
2790,4,3.0,110,2.0,"98119",1045000.0
1660,4,1.0,85,1.5,"98115",548800.0
1080,2,1.0,96,1.0,"98108",315000.0
3030,3,2.0,56,1.0,"98136",590000.0
2380,4,2.5,13,2.0,"98059",439950.0
2250,3,1.75,35,1.0,"98092",325000.0
880,2,1.0,84,1.0,"98115",400000.0
2770,4,2.5,28,2.0,"98074",685000.0
1340,3,2.0,62,1.5,"98133",339950.0
1660,3,1.75,64,1.0,"98166",315000.0
1710,3,2.5,6,2.0,"98053",411753.0
1620,2,1.75,91,1.0,"98116",577000.0
1530,3,1.75,43,1.0,"98006",500000.0
1440,3,2.0,52,1.0,"98001",210000.0
2020,4,1.75,46,1.0,"98010",640000.0
1870,4,1.75,66,1.0,"98133",460000.0
620,2,1.0,74,1.0,"98126",265000.0
5774,5,5.0,31,1.0,"98003",740000.0
1240,3,1.0,67,1.0,"98028",230000.0
1890,3,1.75,37,1.0,"98038",315000.0
2410,3,1.75,34,1.0,"98077",432000.0
1530,3,2.5,20,2.0,"98029",467000.0
2800,5,3.75,51,1.0,"98023",255000.0
1460,3,1.75,36,1.0,"98106",316500.0
1580,4,2.0,38,1.0,"98155",190000.0
1450,3,2.0,115,1.5,"98107",490000.0
1990,4,1.75,39,1.0,"98059",378000.0
4470,6,4.0,2,3.0,"98188",598800.0
1980,5,3.0,25,1.0,"98118",333800.0
2920,4,2.5,25,2.0,"98029",690000.0
1660,4,1.75,67,1.0,"98108",320000.0
3190,4,3.5,103,1.5,"98144",1249000.0
1560,3,1.5,54,1.0,"98033",335000.0
3050,3,2.5,11,1.0,"98052",840000.0
3030,4,2.75,29,2.0,"98166",608250.0
2260,3,2.5,10,2.0,"98075",550000.0
1260,3,1.0,49,1.0,"98003",240000.0
3370,3,2.25,35,2.0,"98006",998000.0
1490,3,1.75,37,1.0,"98030",275000.0
1570,3,2.5,38,1.0,"98001",284200.0
4490,4,3.75,74,2.0,"98112",1715000.0
4090,4,3.75,89,2.0,"98102",2400000.0
4150,5,2.5,27,2.0,"98053",930800.0
2900,4,3.0,56,1.0,"98008",930000.0
1430,4,1.5,36,1.0,"98023",215000.0
1008,2,1.5,72,1.0,"98070",480000.0
1480,2,1.75,64,1.0,"98116",483945.0
1240,3,1.75,37,1.0,"98074",347000.0
1370,3,2.0,36,1.0,"98023",232500.0
1770,4,2.25,50,1.0,"98058",390000.0
2160,3,2.25,50,1.0,"98007",550000.0
2340,4,2.5,28,2.0,"98029",590000.0
960,1,1.0,70,1.0,"98014",420850.0
2280,4,2.5,32,1.0,"98188",345000.0
1970,3,2.0,29,1.0,"98038",429800.0
1530,4,1.75,47,1.5,"98058",302000.0
1790,4,1.5,83,1.5,"98103",800000.0
1700,3,2.5,18,2.0,"98092",250000.0
2660,3,2.0,93,1.0,"98199",605000.0
1950,3,1.75,30,1.0,"98042",412000.0
1340,3,2.0,21,2.0,"98055",252000.0
1130,3,1.0,61,1.5,"98118",375000.0
1950,2,1.75,96,1.0,"98103",725000.0
3790,5,3.5,14,1.0,"98056",471750.0
2020,4,2.25,20,2.0,"98027",490000.0
800,2,1.0,70,1.0,"98117",439000.0
1770,4,2.0,66,1.0,"98166",355000.0
940,1,0.75,71,1.0,"98019",250000.0
2260,4,2.25,31,1.0,"98006",780000.0
890,2,1.0,97,1.0,"98116",409000.0
860,2,1.0,99,1.0,"98117",420000.0
680,1,0.75,68,1.0,"98115",200000.0
2130,2,1.5,52,1.0,"98033",830000.0
2390,3,2.5,9,2.0,"98074",695000.0
3488,4,2.75,17,2.0,"98074",815000.0
1260,3,1.75,32,1.0,"98042",210000.0
2940,3,1.75,58,1.0,"98177",635000.0
2440,4,2.5,24,2.0,"98056",562500.0
2600,4,2.5,27,2.0,"98023",402500.0
2080,3,2.0,64,1.0,"98115",555000.0
1990,3,1.0,43,1.0,"98034",310000.0
2840,4,2.5,21,2.0,"98019",500000.0
2630,6,3.0,56,1.0,"98125",430000.0
2820,3,4.25,85,2.0,"98112",1600000.0
1560,4,1.0,92,1.5,"98103",627500.0
2330,4,2.5,17,2.0,"98178",335000.0
3320,4,2.25,34,1.0,"98006",962000.0
1730,3,1.75,56,1.0,"98065",299000.0
3110,4,2.5,14,2.0,"98042",399950.0
1230,3,1.0,47,1.0,"98053",322000.0
950,2,1.5,66,1.0,"98103",430000.0
1890,3,1.75,49,1.0,"98042",307000.0
1010,3,1.5,72,1.0,"98178",194000.0
1010,3,1.0,95,1.0,"98002",180000.0
2340,4,2.25,32,1.0,"98074",465000.0
2460,4,2.5,37,2.0,"98007",722500.0
1010,2,1.0,94,1.0,"98103",470450.0
1650,3,2.5,25,2.0,"98030",280000.0
1440,4,2.0,49,1.0,"98002",176250.0
1710,5,1.0,89,1.5,"98126",560000.0
2760,3,2.5,24,2.0,"98028",830000.0
1350,2,1.0,63,1.0,"98045",276900.0
1660,3,1.75,109,2.0,"98112",625000.0
2960,4,2.5,115,2.0,"98102",1015000.0
1090,1,1.0,91,1.0,"98118",463500.0
3110,3,2.5,25,2.0,"98058",485000.0
1380,3,2.0,26,1.0,"98001",272000.0
1290,2,1.0,7,2.0,"98053",305000.0
1980,3,2.5,56,1.0,"98040",760000.0
870,2,1.0,77,1.0,"98125",387500.0
2470,4,2.5,11,2.0,"98038",352000.0
2140,3,1.75,65,1.0,"98058",507000.0
770,3,1.0,74,1.0,"98188",156000.0
1490,3,3.25,14,3.0,"98102",580000.0
2510,4,2.5,38,1.0,"98075",630000.0
1950,5,1.5,51,1.0,"98146",275000.0
3600,5,4.0,55,1.0,"98034",835000.0
2380,4,2.5,20,2.0,"98055",340000.0
720,2,1.0,73,1.0,"98117",329350.0
4070,3,3.5,24,2.0,"98033",1480000.0
1250,3,1.0,40,1.0,"98075",475000.0
2190,3,2.25,1,3.0,"98117",719950.0
810,1,1.0,74,1.0,"98126",235000.0
2440,3,1.5,76,1.0,"98115",875000.0
1740,4,1.75,41,1.0,"98188",380000.0
1480,3,2.25,31,1.5,"98010",325000.0
2120,4,2.5,26,2.0,"98072",475000.0
900,1,1.0,100,1.0,"98022",152900.0
1190,2,2.0,76,1.0,"98146",210000.0
1010,4,1.0,90,1.0,"98136",350000.0
2100,3,2.5,30,2.0,"98059",505000.0
2020,4,2.25,36,1.0,"98034",464900.0
2520,3,2.0,58,1.0,"98116",650000.0
1370,2,2.75,6,2.0,"98133",369950.0
1530,3,2.5,14,2.0,"98108",250000.0
1530,3,2.5,14,2.0,"98108",320000.0
5040,4,4.25,65,1.0,"98105",2532000.0
2530,4,2.25,41,2.0,"98031",340000.0
1010,2,1.5,109,1.5,"98107",440000.0
1200,3,1.0,56,1.0,"98022",219950.0
2720,4,3.0,58,1.0,"98040",940000.0
1850,4,1.5,70,1.5,"98126",399950.0
2340,3,2.75,61,1.0,"98112",1568000.0
1860,4,1.75,46,1.0,"98034",528000.0
1940,4,1.75,59,1.0,"98034",545000.0
1680,2,2.0,11,1.0,"98053",575000.0
1770,4,2.75,36,1.0,"98023",235000.0
1790,3,2.5,17,2.0,"98092",272000.0
1720,4,1.75,46,1.0,"98059",380000.0
1280,3,1.0,66,1.5,"98155",195000.0
1690,3,2.5,13,2.0,"98038",297000.0
2190,4,2.5,12,2.0,"98023",349000.0
710,2,1.0,73,1.0,"98126",320000.0
1890,4,1.5,53,1.0,"98148",319990.0
1410,2,2.0,106,1.5,"98024",439900.0
2210,3,3.25,20,2.0,"98125",429000.0
1540,3,2.0,17,1.0,"98038",272500.0
1350,4,2.0,56,1.0,"98125",400000.0
1380,5,2.0,99,1.5,"98103",462000.0
890,2,1.0,68,1.0,"98115",510000.0
1900,3,2.5,27,2.0,"98007",550000.0
1240,3,1.0,46,1.0,"98042",150000.0
1730,3,2.5,46,1.0,"98034",460000.0
2090,4,2.5,29,2.0,"98074",632500.0
1650,3,1.75,46,1.0,"98077",361000.0
1130,3,2.25,11,2.0,"98117",437000.0
3240,6,2.75,65,1.0,"98002",370000.0
3840,4,2.5,17,2.0,"98075",884250.0
1200,3,1.0,46,1.0,"98038",225000.0
870,2,1.0,66,1.0,"98126",235000.0
2410,6,3.5,99,2.0,"98136",767500.0
1560,3,1.75,87,1.5,"98040",1200000.0
2410,3,2.5,26,2.0,"98053",715000.0
2300,4,2.25,56,1.0,"98125",417000.0
1390,3,1.0,51,1.0,"98042",199000.0
2920,5,2.5,109,2.0,"98112",875000.0
1370,4,1.5,89,1.5,"98117",545000.0
950,2,1.0,89,1.0,"98168",192500.0
3090,3,2.5,16,2.0,"98052",822500.0
2390,4,2.5,40,1.0,"98040",800000.0
2070,3,2.5,85,2.0,"98112",1250000.0
1460,3,2.5,20,2.0,"98038",295000.0
1510,2,1.75,9,1.0,"98053",419000.0
5180,5,3.25,22,1.0,"98006",1195000.0
3430,4,2.75,20,2.0,"98075",750000.0
1700,4,1.5,62,1.0,"98177",502000.0
2640,3,1.75,55,1.0,"98040",1025000.0
1200,3,1.0,70,1.5,"98125",398500.0
1850,2,1.5,108,1.5,"98126",700000.0
1510,5,1.5,56,1.0,"98168",248000.0
2130,4,2.0,93,1.0,"98103",800000.0
2640,4,2.5,11,2.0,"98092",383000.0
3000,4,3.0,102,1.5,"98144",688000.0
1870,3,2.0,89,1.0,"98125",521000.0
990,2,1.0,66,1.0,"98125",365000.0
2005,3,2.0,35,1.0,"98122",491000.0
2030,3,2.75,50,1.0,"98008",643000.0
1500,3,2.5,36,1.0,"98023",279000.0
1530,4,1.0,107,1.5,"98107",583500.0
1990,3,2.5,11,2.0,"98038",310000.0
1420,3,1.75,31,1.0,"98056",310000.0
1400,3,1.0,59,1.0,"98198",280000.0
1870,4,2.5,11,2.0,"98058",272000.0
3040,4,3.0,92,1.5,"98074",870000.0
1790,3,2.0,35,1.0,"98058",307000.0
1590,2,1.5,69,1.0,"98116",490000.0
2050,3,2.0,55,1.0,"98155",399950.0
4220,5,3.5,57,1.0,"98004",1635000.0
4030,5,4.5,15,2.0,"98075",989000.0
1770,4,1.75,32,1.0,"98042",264950.0
2100,4,2.75,36,1.0,"98034",491500.0
2120,3,2.25,31,2.0,"98059",345000.0
2600,4,1.75,46,1.0,"98092",339900.0
2400,3,3.0,110,2.0,"98102",852000.0
3180,5,3.5,47,1.0,"98075",585000.0
2790,4,2.0,38,1.0,"98006",723000.0
2080,3,2.25,25,2.0,"98072",594000.0
1370,2,1.5,28,2.0,"98033",405000.0
2790,4,2.5,18,2.0,"98053",725500.0
1740,2,1.0,60,1.0,"98103",800000.0
6400,3,3.75,49,1.0,"98177",1325000.0
1800,3,2.5,19,2.0,"98030",180500.0
1800,3,2.5,19,2.0,"98030",325000.0
1190,3,1.75,47,1.0,"98092",235000.0
860,2,1.0,67,1.0,"98146",330000.0
2460,3,2.0,63,1.0,"98136",678500.0
1980,4,2.5,41,2.0,"98034",463000.0
670,2,1.0,72,1.0,"98106",250000.0
1410,3,2.0,88,1.5,"98118",655000.0
1860,4,2.25,36,1.0,"98023",239900.0
980,3,1.0,60,1.0,"98001",185000.0
3040,4,2.25,89,2.0,"98105",1735000.0
1810,3,2.25,38,1.0,"98178",251700.0
1560,4,2.0,51,1.0,"98177",400000.0
2100,4,1.75,60,1.0,"98004",735000.0
2500,5,2.0,73,2.0,"98008",1700000.0
520,2,1.0,64,1.0,"98168",82500.0
3010,4,4.0,11,2.0,"98075",765000.0
2140,4,1.75,47,1.0,"98023",292500.0
2390,3,2.25,45,1.0,"98058",270000.0
1510,2,1.0,76,1.0,"98133",415000.0
2210,4,1.75,63,1.0,"98004",950000.0
2170,3,2.75,20,2.0,"98038",353000.0
1790,3,2.5,8,3.0,"98107",670950.0
1390,3,1.75,103,1.0,"98055",280950.0
1850,3,1.75,32,1.0,"98027",585000.0
1480,2,1.5,41,1.0,"98027",525000.0
1850,3,1.75,42,1.0,"98008",605000.0
3350,4,3.5,8,2.0,"98117",1010000.0
1040,3,1.0,73,1.0,"98188",245990.0
2810,4,2.25,30,2.0,"98058",535000.0
1010,1,1.5,104,1.0,"98136",410000.0
2250,3,2.5,27,2.0,"98011",550000.0
1800,3,1.75,43,1.0,"98008",665000.0
2400,3,1.0,75,1.0,"98028",455000.0
1780,4,1.0,93,1.5,"98103",440000.0
2120,3,2.25,36,1.0,"98001",332000.0
1860,3,2.5,26,2.0,"98023",280000.0
1460,3,3.5,9,2.0,"98122",570000.0
1230,3,1.0,58,1.0,"98055",250000.0
1088,2,1.0,63,1.0,"98001",238000.0
800,3,1.0,66,1.0,"98155",265000.0
1190,3,1.0,56,1.0,"98028",306000.0
1940,5,2.75,13,1.0,"98056",345000.0
3300,4,2.5,44,1.0,"98177",765000.0
2590,4,2.5,17,2.0,"98092",346300.0
2080,3,2.0,13,1.0,"98022",342500.0
2680,4,2.25,15,2.0,"98011",501000.0
1670,3,2.5,25,1.0,"98042",270000.0
1830,3,1.0,85,1.5,"98122",638000.0
1400,3,1.75,107,1.0,"98119",460000.0
2770,4,1.75,62,1.0,"98004",760000.0
3630,3,2.5,43,1.0,"98040",1085000.0
1040,3,1.0,32,1.0,"98019",234000.0
2690,3,2.75,40,2.0,"98006",1650000.0
2020,5,2.0,77,1.5,"98117",488000.0
2450,5,2.5,52,2.0,"98004",1550000.0
2030,4,3.0,33,2.0,"98177",499000.0
1450,3,1.0,63,1.0,"98178",150000.0
2400,4,2.5,22,2.0,"98003",333000.0
2870,4,2.75,56,1.0,"98155",700000.0
1340,4,1.0,89,1.5,"98168",275000.0
1680,3,2.5,56,1.0,"98146",330000.0
1850,4,2.0,46,1.0,"98155",360000.0
1220,3,1.0,50,1.5,"98125",467000.0
2320,3,2.5,36,1.0,"98074",568000.0
3220,5,2.25,43,2.0,"98052",605000.0
3190,4,2.75,10,2.0,"98075",750000.0
3530,3,2.75,21,2.0,"98053",760000.0
2050,3,1.75,36,1.0,"98058",265000.0
1720,3,1.75,59,1.0,"98006",490000.0
2850,4,2.5,11,2.0,"98038",360000.0
2270,4,2.25,39,1.0,"98023",311750.0
1880,3,2.25,57,1.0,"98028",399000.0
2770,4,2.5,26,2.0,"98042",347000.0
4490,4,3.75,17,2.0,"98005",1680000.0
3110,4,2.5,10,2.0,"98065",585000.0
2360,4,2.5,23,2.0,"98031",340000.0
2180,3,2.5,21,2.0,"98029",612000.0
1910,2,1.75,35,2.0,"98038",230000.0
2260,4,2.5,26,2.0,"98029",604000.0
1770,3,1.75,56,1.0,"98002",250000.0
1460,3,2.0,26,1.0,"98038",258500.0
2080,4,2.75,75,1.0,"98199",783000.0
2960,5,2.25,57,1.0,"98199",1050000.0
3220,4,2.5,13,2.0,"98033",760000.0
1140,3,1.0,55,1.0,"98106",276000.0
1660,4,2.0,49,1.0,"98008",550000.0
1430,4,1.0,62,1.5,"98125",398000.0
1820,3,3.0,101,1.5,"98107",775000.0
3540,4,3.0,27,2.0,"98006",1027500.0
1620,4,1.0,110,1.5,"98055",327000.0
3100,4,2.75,20,2.0,"98019",564500.0
1500,4,1.75,110,1.5,"98117",782000.0
2820,4,2.5,10,2.0,"98038",398000.0
1850,3,1.75,100,1.5,"98034",257000.0
1570,4,2.0,31,2.0,"98092",235000.0
2300,4,2.75,36,1.0,"98070",453000.0
920,2,1.0,61,1.0,"98033",535000.0
1600,3,2.5,22,2.0,"98038",275000.0
2630,3,2.5,19,2.0,"98027",665000.0
3020,4,2.75,38,1.0,"98052",670000.0
1490,3,1.75,49,1.0,"98034",465000.0
1160,3,1.5,45,1.0,"98042",210000.0
2040,4,2.5,14,2.0,"98092",265000.0
1550,2,2.5,28,2.0,"98033",426000.0
1990,4,2.25,49,1.0,"98008",529219.0
1900,3,2.25,46,1.5,"98072",600000.0
3840,5,3.5,14,2.0,"98074",875000.0
2400,4,3.0,59,1.0,"98199",608000.0
1660,3,1.0,42,1.0,"98022",220000.0
6055,4,5.0,19,1.0,"98006",1760000.0
2030,3,2.0,49,1.0,"98092",295450.0
840,2,1.0,90,1.0,"98118",315000.0
1450,4,2.0,48,1.0,"98031",205000.0
1460,3,1.5,63,1.0,"98148",310000.0
2010,5,1.0,88,1.5,"98119",1000000.0
2910,4,2.5,9,2.0,"98038",525000.0
1880,4,1.75,55,1.0,"98168",284000.0
2170,3,1.75,29,1.0,"98074",510000.0
1260,2,1.0,68,1.0,"98103",405000.0
1970,3,2.5,8,2.0,"98028",509950.0
2090,4,2.25,28,2.0,"98053",600000.0
3450,4,3.75,9,2.0,"98103",990000.0
1130,3,1.5,61,1.0,"98178",280005.0
2600,3,1.75,47,1.0,"98010",700000.0
1030,3,1.0,62,1.0,"98126",330000.0
1700,2,1.0,59,1.0,"98198",340000.0
1480,2,2.5,8,2.0,"98052",468000.0
4250,4,2.5,43,2.0,"98040",1339000.0
1600,3,1.75,60,1.0,"98006",515000.0
1870,4,2.0,38,1.0,"98022",245000.0
1440,3,2.5,32,1.0,"98031",265000.0
2720,3,2.5,25,2.0,"98031",372400.0
1240,3,1.5,67,1.0,"98155",390000.0
1020,3,1.0,48,1.0,"98002",208000.0
1180,2,0.5,70,1.0,"98155",273000.0
3080,5,3.5,12,2.0,"98019",455000.0
1750,4,2.5,27,2.0,"98023",270000.0
2530,4,2.25,57,1.0,"98008",618000.0
1580,3,2.5,25,2.0,"98001",213550.0
2340,5,1.75,58,2.0,"98198",210000.0
6300,5,4.0,11,2.0,"98004",2750000.0
2400,4,2.75,41,1.0,"98133",403500.0
1300,3,1.5,52,1.0,"98022",235000.0
1760,3,2.0,79,1.0,"98055",287500.0
1520,4,1.5,69,1.0,"98115",546800.0
1070,3,1.75,58,1.0,"98002",183000.0
2560,3,2.0,29,1.0,"98092",560000.0
1280,3,1.0,57,1.0,"98144",299500.0
1660,4,2.25,50,1.0,"98008",610000.0
1860,3,1.5,52,1.0,"98188",288350.0
950,2,1.0,89,1.0,"98103",500000.0
2140,4,2.75,64,1.0,"98115",625000.0
1480,2,1.5,8,2.0,"98136",418000.0
2260,3,3.0,13,2.0,"98122",660000.0
2300,4,2.5,16,2.0,"98115",775000.0
1650,3,2.75,43,1.0,"98034",429500.0
1990,3,2.0,107,1.5,"98112",569000.0
1960,4,2.0,37,1.0,"98031",250000.0
1310,3,1.5,46,1.0,"98042",225000.0
2450,4,2.75,41,1.0,"98166",530000.0
910,3,1.0,60,1.0,"98155",306000.0
1580,3,1.75,53,1.0,"98056",517100.0
1780,3,1.75,39,1.0,"98072",354950.0
1040,3,1.5,90,1.0,"98115",348000.0
2340,4,2.5,38,1.0,"98077",522250.0
1720,3,2.5,32,1.0,"98023",275000.0
1600,3,1.5,61,1.0,"98125",390000.0
1320,3,1.5,61,1.0,"98148",260000.0
2350,5,2.75,93,1.5,"98112",585000.0
2740,5,2.75,90,1.5,"98115",605000.0
2300,4,2.5,14,2.0,"98030",342000.0
4350,5,3.0,43,2.0,"98005",900000.0
1430,3,1.75,34,1.0,"98031",252000.0
2400,3,1.75,44,1.0,"98003",357000.0
940,3,1.0,56,1.0,"98008",370000.0
1020,3,1.0,56,1.0,"98056",322500.0
1680,2,2.0,105,2.0,"98002",210000.0
1340,2,1.0,66,1.0,"98133",290000.0
3960,4,3.25,10,2.0,"98075",860000.0
2650,6,2.0,104,1.5,"98118",302000.0
2120,4,2.25,50,2.0,"98003",369160.0
2850,4,2.75,12,2.5,"98112",1185000.0
2850,4,2.0,61,2.0,"98004",993000.0
1870,6,2.0,47,1.0,"98027",380000.0
2660,4,2.0,66,1.0,"98177",635000.0
1190,3,1.0,68,1.0,"98024",260000.0
1770,2,1.0,72,1.5,"98178",243000.0
2770,4,2.5,14,2.0,"98004",1400000.0
2080,4,2.5,63,1.0,"98177",665000.0
2700,5,2.25,28,2.0,"98007",898000.0
2200,4,2.75,60,1.0,"98144",583000.0
2160,4,1.75,38,2.0,"98033",429000.0
2010,3,2.5,17,2.0,"98034",471000.0
3780,3,3.5,64,2.0,"98112",1810000.0
4460,3,3.25,10,2.0,"98042",739500.0
1770,3,1.5,56,1.0,"98006",450000.0
1430,3,1.0,66,1.0,"98117",552500.0
1700,4,1.75,61,1.0,"98006",437000.0
1830,4,2.0,64,1.5,"98118",270000.0
1410,3,1.5,50,1.0,"98092",226740.0
3060,4,2.5,41,1.0,"98028",446500.0
1820,3,2.0,95,2.0,"98022",283000.0
2430,4,1.75,106,1.5,"98024",445000.0
740,2,1.0,73,1.0,"98126",250000.0
770,3,1.0,73,1.0,"98146",307000.0
2200,4,2.75,24,1.0,"98023",315000.0
2920,3,3.0,107,1.5,"98136",555000.0
2040,4,2.5,36,1.0,"98031",264900.0
1600,3,2.0,37,1.0,"98103",510000.0
1990,4,2.5,13,2.0,"98058",328000.0
1830,4,2.5,13,2.0,"98038",358000.0
2540,3,2.5,10,2.0,"98042",325000.0
2700,2,3.25,25,3.0,"98075",1365000.0
1440,4,2.0,48,1.0,"98001",230000.0
1550,3,2.0,60,1.0,"98199",545000.0
2490,3,2.5,12,2.0,"98029",705380.0
2650,5,2.5,36,1.0,"98028",459000.0
2000,4,2.25,14,2.0,"98115",815000.0
3440,6,5.0,8,2.0,"98055",495000.0
2280,3,2.5,28,2.5,"98010",520000.0
1320,2,1.5,14,3.0,"98107",430000.0
2070,4,2.5,26,2.0,"98003",255000.0
1860,3,2.0,107,2.0,"98115",588000.0
940,3,1.0,56,1.0,"98008",350000.0
2290,4,2.75,52,1.0,"98006",625000.0
1510,2,2.0,57,1.0,"98059",172500.0
1830,3,2.0,106,1.5,"98116",554000.0
3090,4,2.5,14,2.0,"98052",775000.0
4340,4,3.5,12,2.0,"98053",1187500.0
3200,3,2.75,38,2.0,"98028",618000.0
1560,4,1.0,61,1.5,"98166",305000.0
1280,3,2.0,21,1.0,"98042",232000.0
2020,4,2.5,13,2.0,"98001",262000.0
1040,3,1.0,44,1.0,"98198",234000.0
2260,4,2.75,13,1.0,"98125",500000.0
860,3,1.0,95,1.0,"98166",278000.0
1920,5,1.0,54,1.0,"98168",230000.0
2290,4,1.75,46,1.0,"98027",500000.0
2070,4,2.75,70,1.0,"98155",366500.0
4250,6,3.0,113,2.5,"98118",665000.0
2220,3,1.5,87,2.0,"98116",1101000.0
1840,2,1.75,58,1.0,"98117",575000.0
2590,4,2.5,22,2.0,"98075",674750.0
3110,5,2.0,75,1.0,"98118",719000.0
2600,3,1.75,35,1.0,"98070",482000.0
1060,2,1.0,63,1.0,"98133",254000.0
1250,3,1.75,71,1.0,"98117",443725.0
2520,4,2.5,35,2.0,"98053",575000.0
2070,3,2.25,38,1.0,"98155",469000.0
1300,2,1.0,57,1.0,"98001",175000.0
2190,5,2.0,54,1.0,"98108",437000.0
2760,4,3.0,41,1.0,"98028",550000.0
1710,3,2.25,36,1.0,"98031",172040.0
1750,3,2.0,22,1.0,"98038",363000.0
1552,3,2.25,3,2.0,"98092",282000.0
2350,6,2.0,110,2.0,"98178",400000.0
5110,5,3.5,12,2.0,"98034",650000.0
1720,3,2.5,25,2.0,"98042",365000.0
1960,4,2.5,13,2.0,"98023",269950.0
1270,2,1.0,38,1.0,"98010",260000.0
1180,3,1.5,38,1.0,"98023",193000.0
2230,4,2.25,10,2.0,"98038",340000.0
4700,4,3.25,37,2.0,"98005",900000.0
2150,3,2.5,24,2.0,"98058",371000.0
2400,3,2.5,30,2.0,"98045",592000.0
1830,3,2.5,24,2.0,"98168",300000.0
2800,4,3.0,12,2.0,"98038",449950.0
2090,3,2.5,26,2.0,"98003",299500.0
2340,4,2.25,52,1.0,"98040",995000.0
1670,4,1.75,55,1.0,"98106",335000.0
1990,4,2.25,37,1.0,"98003",280000.0
2270,4,2.25,38,1.0,"98034",446000.0
4910,4,2.75,51,1.0,"98004",1544500.0
950,3,1.0,72,1.0,"98118",325000.0
1610,3,1.75,60,1.0,"98033",450000.0
1940,4,2.5,15,2.0,"98038",322500.0
1210,3,1.0,60,1.0,"98006",453000.0
2570,4,2.5,14,2.0,"98034",655000.0
1700,3,2.25,89,2.0,"98115",603000.0
1610,4,1.0,68,1.5,"98001",235000.0
4120,4,3.5,9,2.0,"98033",968933.0
2880,3,3.5,35,1.0,"98074",1015000.0
1990,4,2.25,42,2.0,"98033",435000.0
1260,3,2.0,29,1.0,"98038",242000.0
4750,6,3.25,68,2.0,"98022",487000.0
3010,4,2.75,19,2.0,"98052",810000.0
2410,3,2.5,39,1.0,"98072",625000.0
1280,3,1.5,42,1.0,"98001",165000.0
2320,3,1.0,55,1.0,"98118",335000.0
1220,3,1.0,57,1.0,"98065",286700.0
1400,2,1.5,61,1.0,"98115",699000.0
1590,3,1.75,41,1.0,"98058",280000.0
2220,4,2.5,27,2.0,"98029",580000.0
2770,2,2.5,9,2.0,"98053",754800.0
2303,4,2.5,20,2.0,"98019",525000.0
1600,3,1.75,53,1.0,"98155",562000.0
1280,4,1.75,89,1.0,"98117",575000.0
2900,5,2.5,9,2.0,"98027",808900.0
2950,3,2.25,49,1.0,"98040",992000.0
1700,3,2.5,18,2.0,"98038",335000.0
1050,3,2.75,30,1.0,"98125",473000.0
2990,4,2.75,38,1.0,"98023",350000.0
3100,5,2.5,109,2.5,"98122",1600000.0
1240,3,1.0,65,1.0,"98155",305500.0
780,2,1.0,69,1.0,"98077",306000.0
850,2,2.25,14,2.0,"98133",233000.0
1540,3,1.75,44,1.0,"98125",490000.0
2280,4,2.5,21,2.0,"98042",445000.0
2550,3,2.25,56,1.0,"98178",355000.0
1770,2,2.0,28,1.0,"98058",360000.0
2320,3,1.75,80,2.0,"98115",737500.0
2600,3,3.5,46,2.0,"98004",985000.0
1570,2,3.25,9,2.0,"98126",349950.0
3060,4,2.5,10,2.0,"98065",520000.0
1960,4,2.5,60,1.0,"98177",355950.0
3270,5,2.5,11,2.0,"98055",485000.0
1090,3,1.0,46,1.0,"98092",143000.0
940,3,1.0,48,1.0,"98033",355000.0
3880,5,3.5,36,2.0,"98006",1126000.0
1770,5,1.75,56,1.0,"98059",200000.0
3640,4,2.5,16,2.0,"98075",913000.0
3160,3,2.5,49,1.0,"98004",1600000.0
1590,2,2.5,18,2.0,"98033",409900.0
1290,4,1.0,65,1.0,"98118",265000.0
3655,5,3.0,60,1.0,"98008",740000.0
2490,4,2.5,14,2.0,"98092",306000.0
1470,3,2.5,12,2.0,"98065",381000.0
3960,3,3.25,82,2.0,"98199",1220000.0
3190,3,3.5,74,1.0,"98166",1050000.0
810,2,1.0,67,1.0,"98133",408000.0
2980,5,2.5,9,2.0,"98052",739900.0
2780,4,2.5,30,1.0,"98072",674250.0
1340,2,1.0,62,1.0,"98177",438400.0
4930,5,5.0,15,2.0,"98040",1700000.0
1360,3,2.0,70,1.5,"98116",703000.0
1320,3,1.75,26,1.0,"98023",262000.0
1210,3,2.0,31,1.0,"98045",353000.0
1940,4,2.5,20,2.0,"98052",500000.0
3160,4,2.5,98,1.5,"98116",1280000.0
1980,4,2.5,11,2.0,"98042",332000.0
2320,4,2.5,41,1.0,"98008",824000.0
1660,4,2.0,47,1.0,"98144",290000.0
1660,3,2.5,13,2.0,"98109",700000.0
1080,2,1.0,93,1.0,"98107",550000.0
1510,2,1.0,94,1.5,"98133",549000.0
2950,4,2.5,64,1.0,"98004",1865000.0
3070,4,2.25,37,2.0,"98007",858000.0
970,2,1.0,68,1.0,"98133",345000.0
2140,4,1.75,85,2.5,"98022",340000.0
2570,4,2.25,53,2.5,"98040",1215000.0
1260,3,2.25,6,3.0,"98133",275000.0
1220,3,1.0,52,1.0,"98008",405000.0
1720,3,2.0,66,2.0,"98155",432500.0
2140,4,1.0,90,1.5,"98118",236500.0
1420,4,1.5,87,1.5,"98103",679000.0
2060,4,2.5,20,2.0,"98133",543000.0
1320,3,1.0,62,1.0,"98178",294000.0
1810,3,1.75,46,1.0,"98058",340500.0
2980,4,2.5,26,2.0,"98006",1012000.0
1350,2,2.0,39,1.0,"98052",335000.0
1540,3,2.0,27,1.0,"98011",425000.0
2510,3,2.5,14,2.0,"98022",353000.0
1670,3,2.5,24,2.0,"98029",540000.0
3690,5,3.5,9,2.0,"98074",640000.0
1320,3,1.0,56,1.0,"98028",339950.0
1510,3,1.75,36,1.0,"98045",195000.0
1510,3,1.75,36,1.0,"98045",322000.0
1870,4,1.75,37,1.0,"98005",660000.0
2400,6,3.0,24,2.0,"98002",280000.0
2400,6,3.0,24,2.0,"98002",300000.0
1170,3,1.0,49,1.0,"98023",207500.0
1190,3,1.5,59,1.0,"98146",195000.0
2080,3,2.0,61,1.0,"98117",700000.0
2150,4,1.75,33,1.0,"98106",560000.0
1580,3,1.75,104,1.0,"98126",260000.0
1580,3,1.75,104,1.0,"98126",575000.0
2370,3,2.5,9,2.0,"98072",475000.0
1840,3,1.75,110,1.0,"98118",285000.0
2660,4,2.5,12,2.0,"98029",753888.0
2190,3,2.5,12,2.0,"98029",650000.0
1660,3,2.25,86,1.5,"98117",620000.0
1780,3,1.75,38,1.0,"98075",526000.0
700,2,1.0,63,1.0,"98056",155000.0
1570,4,2.0,56,1.0,"98011",342000.0
1220,3,1.75,34,1.0,"98019",390000.0
3150,3,2.75,25,2.0,"98024",685000.0
2690,4,2.5,14,2.0,"98053",608000.0
680,2,1.0,72,1.0,"98168",179900.0
3750,6,3.25,79,2.0,"98117",1245000.0
1010,3,1.0,58,1.0,"98168",166000.0
1710,3,1.5,87,1.5,"98118",462000.0
2090,4,2.5,25,2.0,"98029",545000.0
1560,3,1.0,112,1.5,"98122",415000.0
1560,3,2.5,12,2.0,"98038",269000.0
2570,4,2.5,7,2.0,"98003",356500.0
1010,3,1.0,54,1.0,"98198",225000.0
1020,2,1.0,67,1.0,"98002",175000.0
1710,5,2.5,41,2.0,"98005",549000.0
2300,3,2.75,26,2.0,"98166",535000.0
1990,4,2.25,42,1.0,"98027",627000.0
2730,3,2.0,39,2.5,"98166",565000.0
2195,4,2.0,103,1.0,"98103",392450.0
1560,2,2.0,9,1.0,"98053",509000.0
1400,3,2.5,94,1.0,"98117",340000.0
1400,3,2.5,94,1.0,"98117",537000.0
3690,4,3.0,17,2.0,"98075",865000.0
1140,2,1.0,67,1.0,"98155",358000.0
1920,4,2.25,92,1.5,"98116",595000.0
2496,4,2.5,17,2.0,"98052",661000.0
2280,3,2.25,38,1.0,"98034",419950.0
3200,4,3.5,9,2.0,"98038",490000.0
880,2,1.0,75,1.0,"98117",525000.0
1320,3,2.0,20,3.0,"98117",350000.0
2450,3,2.5,7,2.0,"98072",552500.0
1040,3,1.0,54,1.0,"98023",210000.0
2480,3,2.5,25,2.0,"98042",390000.0
1830,5,1.75,57,1.5,"98155",336800.0
1440,3,2.5,12,2.0,"98053",465000.0
1580,4,2.5,4,2.0,"98038",299900.0
3230,3,3.25,9,2.0,"98029",715000.0
1810,4,2.5,45,1.0,"98042",235000.0
2495,3,2.5,8,2.0,"98001",276000.0
1740,4,1.5,51,1.0,"98003",265000.0
1680,3,1.75,115,1.0,"98103",425000.0
2460,4,2.5,22,2.0,"98092",313000.0
3050,3,2.5,31,1.0,"98177",715000.0
1630,3,2.25,24,2.0,"98001",265000.0
2460,3,2.75,11,2.0,"98028",646000.0
1030,3,1.0,61,1.0,"98146",175000.0
3410,3,2.5,42,1.0,"98003",649000.0
2310,3,2.75,75,1.0,"98199",785000.0
2610,4,2.75,95,1.0,"98122",890000.0
2330,3,3.0,17,1.0,"98034",612000.0
2980,4,2.5,12,2.0,"98023",330000.0
1790,3,2.25,37,1.0,"98052",493000.0
2940,4,2.25,58,1.0,"98112",1600000.0
3900,4,3.0,43,1.0,"98006",1620000.0
3900,4,3.0,43,1.0,"98006",1650000.0
1750,3,2.5,115,2.5,"98122",499000.0
2660,6,2.75,53,1.0,"98006",603500.0
1580,2,1.5,74,1.0,"98126",530000.0
2350,5,2.5,53,1.0,"98004",895000.0
2510,4,2.25,43,1.0,"98023",267345.0
1480,3,2.5,28,2.0,"98045",275000.0
1720,3,1.75,65,1.0,"98019",439950.0
1470,3,2.25,30,2.0,"98029",455000.0
1540,3,1.75,71,1.0,"98115",630000.0
2820,3,2.5,11,2.0,"98029",690000.0
1250,4,1.75,44,1.0,"98023",212000.0
2080,4,2.25,30,1.0,"98030",231500.0
5180,4,3.25,24,2.0,"98053",1237500.0
2860,3,2.5,25,2.0,"98092",378500.0
2710,4,2.5,26,2.0,"98038",482000.0
1140,2,1.0,91,1.0,"98103",695000.0
4070,4,2.5,26,2.0,"98052",965000.0
1710,3,1.75,74,1.0,"98199",675000.0
1340,3,1.5,43,1.0,"98034",387000.0
2290,4,2.75,38,2.0,"98058",347500.0
1860,3,2.0,93,1.0,"98166",385000.0
1080,3,1.0,65,1.0,"98126",265000.0
960,3,1.0,62,1.0,"98115",406000.0
980,2,1.5,93,2.0,"98014",134000.0
1500,3,1.0,89,2.0,"98103",415000.0
1440,3,1.75,42,1.0,"98034",375000.0
2580,4,2.5,22,2.0,"98074",620000.0
2070,5,2.5,16,2.0,"98038",337500.0
1880,3,2.5,48,1.0,"98005",565000.0
2420,3,1.75,104,2.0,"98045",399500.0
1890,2,1.75,28,2.0,"98004",1065000.0
1920,3,2.0,23,1.0,"98056",352500.0
1870,3,2.0,29,1.0,"98030",259000.0
900,2,1.0,44,1.0,"98106",320000.0
2160,3,2.5,26,2.0,"98052",733000.0
900,2,1.0,91,1.0,"98115",381500.0
1180,2,1.0,58,1.0,"98118",343000.0
900,2,1.0,77,1.0,"98022",205500.0
1600,3,2.0,48,1.0,"98075",525000.0
1500,3,1.75,72,1.0,"98056",300000.0
1070,2,1.0,73,1.0,"98077",299000.0
2570,4,2.5,25,2.0,"98029",561000.0
1210,3,1.0,87,1.5,"98144",450000.0
1850,4,2.5,30,2.0,"98052",540000.0
1740,3,2.5,23,2.0,"98045",379000.0
1300,3,1.0,57,1.0,"98198",230000.0
2000,3,2.5,26,2.0,"98042",399950.0
3220,5,2.5,13,2.0,"98042",355000.0
2160,4,2.25,46,1.0,"98008",580000.0
2130,3,2.0,93,1.5,"98144",700000.0
1580,3,1.75,53,1.0,"98198",279900.0
1200,3,1.0,110,1.0,"98178",210000.0
3790,3,3.0,26,2.0,"98122",1165000.0
860,2,1.0,84,1.0,"98055",290300.0
5130,5,4.5,19,2.0,"98006",1599950.0
1600,3,1.0,76,1.5,"98125",490000.0
2110,4,2.5,28,2.0,"98027",606000.0
1400,3,1.0,72,1.0,"98133",359950.0
2110,3,2.0,22,1.0,"98074",677100.0
1430,3,2.0,31,1.0,"98074",465000.0
3040,3,2.0,37,1.0,"98038",500000.0
980,2,1.0,65,1.0,"98155",455000.0
2570,6,2.0,104,1.5,"98115",705000.0
2060,3,2.5,48,1.0,"98177",420000.0
1300,3,1.0,47,1.0,"98003",169575.0
1300,3,1.0,47,1.0,"98003",250000.0
1680,3,2.25,42,1.0,"98034",530000.0
4020,5,3.25,45,1.0,"98027",590000.0
1530,3,1.75,36,1.0,"98042",257500.0
1170,3,1.0,58,1.0,"98125",415000.0
1580,3,1.75,70,1.5,"98107",536000.0
1270,3,1.5,51,1.0,"98031",246500.0
1480,3,1.75,40,1.0,"98034",395000.0
2220,3,2.25,41,1.0,"98052",739000.0
3200,4,2.75,31,2.0,"98005",1272000.0
910,3,1.0,47,1.0,"98003",190000.0
1480,3,1.5,53,1.0,"98168",305000.0
3770,4,4.25,32,2.0,"98028",925000.0
3500,4,3.0,38,2.0,"98040",895000.0
1480,3,1.75,72,1.5,"98115",656000.0
1660,4,1.0,70,1.5,"98117",560000.0
2520,5,2.25,38,2.0,"98074",610000.0
2850,4,2.5,28,2.0,"98075",645000.0
2153,3,2.5,8,2.0,"98001",259000.0
3780,4,2.5,25,2.0,"98033",980000.0
3770,4,4.0,48,1.0,"98177",872000.0
3600,6,2.75,38,1.0,"98040",1000000.0
2980,3,2.75,74,1.5,"98033",900000.0
2320,4,1.5,100,1.5,"98103",475000.0
2980,5,2.75,40,1.0,"98042",350000.0
2930,4,1.75,68,1.0,"98117",840000.0
2040,4,2.5,52,1.0,"98006",500000.0
1510,3,1.5,61,1.0,"98148",202500.0
2660,4,2.5,27,2.0,"98027",523000.0
1740,3,2.5,26,2.0,"98001",225000.0
2240,3,2.25,35,1.0,"98198",418200.0
1570,4,1.75,56,1.0,"98028",356500.0
2500,4,3.0,89,1.5,"98103",670000.0
1750,3,2.25,53,1.0,"98155",456150.0
3030,4,2.5,17,2.0,"98045",471000.0
1680,3,2.5,7,3.0,"98116",558000.0
5740,6,4.5,15,2.0,"98006",1380000.0
1220,3,1.0,54,1.0,"98002",161500.0
1310,3,1.0,53,1.5,"98034",311000.0
2490,6,1.75,49,1.5,"98034",470000.0
2220,3,3.25,86,1.5,"98108",569000.0
2240,4,2.5,26,2.0,"98029",689000.0
1890,3,1.75,36,1.0,"98045",271900.0
1850,4,2.5,24,2.0,"98030",278000.0
2210,2,2.5,84,2.0,"98112",820000.0
1410,3,1.75,48,1.0,"98056",399500.0
1890,3,2.75,36,2.0,"98008",462000.0
1830,3,1.0,38,1.0,"98042",347500.0
1440,2,0.75,101,1.0,"98107",562100.0
950,2,1.0,57,1.0,"98058",230000.0
2370,4,2.5,49,2.0,"98033",687000.0
3070,4,2.5,15,2.0,"98075",725786.0
1300,3,1.0,46,1.0,"98072",315500.0
1300,4,2.0,65,1.0,"98146",312000.0
1210,3,3.25,13,2.0,"98133",343000.0
710,1,1.0,0,1.5,"98144",385195.0
2240,4,2.25,34,1.0,"98059",415000.0
3600,3,1.75,67,2.0,"98033",461000.0
1960,4,2.5,13,2.0,"98056",369990.0
1820,4,2.5,16,2.0,"98019",349950.0
1960,3,2.25,49,1.0,"98055",285750.0
1750,4,2.25,43,1.0,"98005",542500.0
3700,5,3.5,4,2.0,"98053",830000.0
2910,4,2.5,39,2.0,"98034",705000.0
1270,2,1.0,66,1.0,"98117",615000.0
720,2,1.0,75,1.0,"98178",184500.0
1040,2,1.0,114,1.0,"98122",412000.0
2210,3,1.5,81,1.5,"98168",250000.0
2060,5,2.0,112,2.0,"98105",580000.0
780,2,1.0,92,1.0,"98055",220000.0
2240,4,2.75,39,1.0,"98033",675000.0
800,2,1.0,97,1.0,"98107",373500.0
2440,2,1.5,105,2.0,"98118",662700.0
1460,5,1.0,74,2.0,"98168",239950.0
1150,3,1.0,58,1.0,"98052",383000.0
2650,3,2.75,40,1.0,"98028",485000.0
2600,4,2.75,39,1.0,"98075",610000.0
1820,6,1.75,61,1.0,"98116",545000.0
2560,2,2.5,114,2.0,"98112",780000.0
1714,3,2.5,10,2.0,"98055",305000.0
1330,3,1.0,31,1.0,"98074",405000.0
7350,5,3.5,14,2.0,"98065",1110000.0
2050,3,1.75,56,2.0,"98058",273000.0
1810,3,1.0,45,2.0,"98072",326500.0
1380,3,1.75,34,1.0,"98056",365000.0
3070,3,2.75,28,2.0,"98004",1000750.0
800,2,1.0,75,1.0,"98117",422500.0
2140,4,2.75,22,2.0,"98001",354450.0
1330,3,1.0,44,1.0,"98077",320000.0
1030,3,1.0,54,1.0,"98032",223000.0
1740,3,2.5,7,2.0,"98053",410000.0
1200,3,1.0,92,1.5,"98144",438000.0
1490,3,3.0,22,2.0,"98199",390000.0
1890,4,2.5,11,2.0,"98092",298500.0
3060,5,2.25,26,2.0,"98006",749999.0
3250,6,2.5,49,1.0,"98115",779000.0
2730,3,2.75,37,2.0,"98034",570000.0
810,3,1.0,97,1.0,"98144",385000.0
2240,4,2.0,54,1.0,"98033",649000.0
1740,3,1.0,68,1.0,"98168",283000.0
2380,4,2.25,54,1.0,"98008",699900.0
1540,4,1.0,44,1.0,"98058",278500.0
2340,4,1.75,40,1.0,"98052",700000.0
2710,4,2.75,20,2.0,"98045",535000.0
1310,3,1.75,61,1.0,"98168",234500.0
1390,3,1.75,42,1.0,"98133",374150.0
2201,4,2.5,9,2.0,"98198",397000.0
1960,3,2.25,27,1.0,"98008",613000.0
2850,3,2.5,61,1.0,"98004",1150000.0
1880,4,1.75,91,1.0,"98115",595000.0
2440,5,2.75,12,2.0,"98030",340000.0
2560,4,2.5,10,2.0,"98038",388000.0
1410,3,1.75,65,1.0,"98166",404000.0
2870,3,2.0,69,1.5,"98115",810000.0
2620,4,2.5,28,2.0,"98058",405000.0
2970,5,3.0,15,2.0,"98075",726000.0
1780,3,2.5,29,1.0,"98030",266000.0
3700,5,2.25,45,1.0,"98177",722500.0
1252,4,2.5,19,1.0,"98001",352000.0
1240,4,1.5,54,1.0,"98198",265000.0
2160,3,2.5,1,2.0,"98116",856000.0
2040,3,2.5,9,2.0,"98038",346950.0
3130,5,3.5,1,2.0,"98006",866059.0
2350,3,2.5,11,2.0,"98065",410000.0
1570,3,1.75,33,2.0,"98045",370000.0
1530,3,1.0,96,1.5,"98022",230000.0
1520,2,2.0,16,1.0,"98117",400000.0
1350,3,1.0,56,1.0,"98023",172000.0
1950,3,1.75,53,1.0,"98007",615000.0
3950,4,3.5,17,2.0,"98075",860000.0
2040,3,1.75,57,1.0,"98116",555000.0
1990,3,2.5,89,1.5,"98103",579000.0
1300,3,1.75,47,1.0,"98034",385000.0
2030,4,2.25,38,2.0,"98011",420000.0
2340,3,1.75,101,1.5,"98103",645000.0
2160,3,2.5,19,2.0,"98133",549950.0
2770,3,2.75,53,1.0,"98033",678000.0
2030,4,2.0,65,2.0,"98178",199000.0
1440,3,1.0,58,1.0,"98040",604000.0
1730,5,1.75,52,1.0,"98059",268000.0
4510,5,3.5,12,2.0,"98074",960000.0
2100,3,2.5,35,1.0,"98052",509250.0
1800,3,2.5,28,2.0,"98034",416000.0
1090,3,1.0,48,1.0,"98003",190000.0
1010,3,1.5,42,1.0,"98003",212000.0
2040,3,2.5,30,2.0,"98023",325900.0
2270,3,3.5,19,2.0,"98136",560000.0
1730,3,2.5,28,2.0,"98030",275000.0
2480,4,2.5,21,2.0,"98059",665000.0
3480,4,3.5,89,2.0,"98144",1505000.0
1720,4,2.0,85,1.0,"98106",375000.0
1570,3,1.75,36,1.0,"98126",359950.0
3527,4,2.75,10,2.0,"98198",340000.0
840,2,1.0,67,1.0,"98177",401000.0
1950,2,1.75,63,1.0,"98166",669000.0
1980,4,2.5,11,2.0,"98052",638500.0
1620,2,1.5,91,2.0,"98144",545000.0
1980,4,1.0,42,1.0,"98034",524000.0
3530,5,3.75,2,2.0,"98040",1610000.0
1260,2,1.0,68,1.0,"98126",280000.0
2120,4,2.5,36,1.0,"98006",828000.0
1360,3,1.75,31,1.0,"98023",223000.0
3100,4,3.5,34,2.0,"98033",1289000.0
2370,2,2.0,45,1.0,"98019",750000.0
1460,2,1.0,68,1.0,"98125",430000.0
1980,4,1.75,67,1.0,"98040",711000.0
1930,4,2.5,21,2.0,"98042",310000.0
3700,5,1.75,58,1.0,"98178",415000.0
1970,4,2.5,28,2.0,"98030",274900.0
2470,3,3.0,35,2.0,"98027",525000.0
1180,3,1.0,63,1.0,"98092",179500.0
1280,3,1.0,105,1.5,"98115",478000.0
1380,3,1.75,34,1.0,"98042",195000.0
2740,4,3.0,35,1.0,"98058",385000.0
2020,3,2.75,46,1.0,"98011",401000.0
2835,4,2.5,13,2.0,"98038",522000.0
1520,4,1.75,47,1.0,"98065",330000.0
2190,3,2.5,16,2.0,"98155",503000.0
1680,5,1.75,36,1.0,"98003",175000.0
3915,4,3.5,1,2.0,"98053",963990.0
1720,5,2.0,64,1.0,"98004",845000.0
670,2,1.0,110,1.0,"98108",157500.0
1790,2,3.0,14,2.0,"98144",450000.0
2440,4,1.75,65,1.0,"98115",925000.0
920,2,1.0,77,1.0,"98115",600000.0
1680,4,1.0,104,1.5,"98103",709000.0
3290,5,3.75,77,2.0,"98199",1385000.0
2120,3,2.5,31,1.0,"98092",248000.0
910,3,1.0,103,1.0,"98103",245000.0
1000,2,1.0,73,1.0,"98108",332000.0
2340,3,2.5,13,2.0,"98065",459950.0
1180,3,2.0,21,2.0,"98122",425000.0
2080,3,2.25,36,1.0,"98077",460000.0
3760,6,2.5,48,1.0,"98117",838300.0
1480,3,2.5,20,2.0,"98010",256000.0
3060,3,2.75,31,2.0,"98006",864000.0
3070,4,3.5,93,2.0,"98116",900000.0
1170,3,1.0,57,1.0,"98058",145600.0
2900,5,3.0,38,1.0,"98115",865000.0
2210,3,2.25,46,2.0,"98023",250250.0
1440,4,2.0,72,1.0,"98056",162000.0
1980,4,1.75,42,1.0,"98034",450000.0
2060,4,2.75,37,1.0,"98005",675500.0
2420,3,2.25,68,1.5,"98115",697000.0
3440,3,3.25,10,2.0,"98105",1324050.0
1600,3,1.75,31,1.0,"98052",490000.0
2210,3,2.25,64,1.0,"98115",590000.0
2250,4,1.75,58,1.0,"98023",280000.0
1680,2,1.0,74,1.0,"98136",515000.0
1140,3,1.0,106,1.0,"98115",576000.0
1430,3,1.75,34,2.0,"98011",375000.0
1440,3,1.0,35,1.0,"98052",478000.0
1670,3,1.0,38,1.0,"98042",282000.0
3080,4,4.5,39,2.0,"98040",1400000.0
4300,5,3.25,43,2.0,"98027",593500.0
3010,4,3.5,11,2.0,"98045",724950.0
1560,3,1.75,49,1.0,"98056",306000.0
1920,4,1.75,40,1.0,"98058",341000.0
1400,3,2.5,85,1.0,"98106",399950.0
2280,5,2.0,23,2.0,"98122",534000.0
3880,6,2.5,12,2.0,"98053",635000.0
1350,2,1.0,88,1.0,"98103",350000.0
1480,3,1.5,87,1.5,"98112",856000.0
1670,4,3.0,15,3.0,"98122",582000.0
3400,4,2.5,11,2.0,"98052",799000.0
2070,3,2.5,16,2.0,"98065",423700.0
4870,4,3.5,20,2.0,"98006",1835000.0
1760,3,2.0,27,1.0,"98010",322000.0
4030,4,3.25,13,2.0,"98053",929000.0
1130,2,1.0,76,1.0,"98115",443000.0
1510,3,1.75,47,1.0,"98034",441500.0
3110,4,3.5,36,2.0,"98075",875000.0
740,2,1.0,68,1.0,"98115",450000.0
1630,3,2.25,41,1.0,"98034",425000.0
2780,4,1.75,37,2.0,"98074",660000.0
1990,3,1.75,76,1.0,"98105",763101.0
2250,4,2.75,23,2.0,"98019",499000.0
1720,3,1.75,41,1.0,"98053",521000.0
900,2,1.0,90,1.0,"98022",302000.0
2360,4,2.25,17,2.0,"98038",293000.0
1530,3,2.25,4,2.0,"98019",335000.0
1450,2,1.0,96,2.0,"98103",499000.0
2040,3,1.75,91,1.5,"98115",600000.0
2620,4,1.75,53,1.5,"98005",720000.0
1180,2,2.0,10,2.0,"98038",195000.0
1110,3,1.0,63,1.0,"98166",249000.0
1840,3,2.25,26,2.0,"98019",334000.0
2720,4,1.75,63,1.0,"98115",599950.0
1090,2,1.75,33,1.0,"98198",149900.0
1730,4,1.75,70,1.0,"98115",700000.0
1170,4,1.5,55,1.0,"98040",525000.0
4740,4,3.75,24,2.0,"98027",1049000.0
1960,3,2.5,38,1.0,"98034",402000.0
1430,3,2.0,68,1.0,"98103",450000.0
2510,3,2.25,34,2.0,"98027",520000.0
1420,3,1.75,35,1.0,"98023",205000.0
2680,3,2.25,11,1.0,"98038",635000.0
1220,3,1.0,57,1.0,"98001",210500.0
1070,2,1.0,75,1.0,"98126",406650.0
1580,3,1.75,47,1.0,"98010",350000.0
1820,4,1.75,73,1.0,"98115",425000.0
3590,3,3.5,16,2.0,"98074",798000.0
1960,3,1.0,107,2.0,"98056",180000.0
3160,5,3.25,43,2.0,"98040",1250000.0
2030,4,2.0,90,2.0,"98133",435000.0
1240,3,1.5,53,1.0,"98034",355000.0
5370,5,3.25,97,2.0,"98004",3000000.0
2670,5,2.5,57,2.0,"98155",685000.0
1640,3,1.0,55,1.0,"98059",311000.0
2130,4,2.25,49,1.0,"98031",305000.0
2550,3,2.5,91,1.5,"98144",675000.0
3630,4,2.75,47,1.0,"98040",769000.0
1690,3,1.5,61,1.5,"98006",430000.0
2390,6,2.0,90,1.5,"98011",516250.0
2350,3,3.5,75,1.0,"98125",760000.0
1420,3,3.5,12,2.0,"98115",579950.0
1570,3,2.25,35,1.0,"98133",476000.0
1600,3,1.75,48,1.0,"98034",510000.0
720,2,1.0,60,1.0,"98106",205000.0
1470,3,1.0,46,1.0,"98032",240000.0
2790,5,3.5,24,2.0,"98166",738000.0
1720,3,1.75,75,1.0,"98125",420000.0
1300,3,1.75,46,1.0,"98052",455000.0
2520,4,1.0,103,1.5,"98144",765000.0
1780,4,1.5,53,1.5,"98059",372000.0
1200,3,1.0,67,1.0,"98118",160000.0
2990,4,2.5,12,2.0,"98074",772000.0
1910,5,1.75,109,2.0,"98112",1125000.0
1370,3,1.0,91,1.5,"98103",479000.0
1910,3,2.5,16,2.0,"98075",570000.0
1170,4,1.0,56,1.5,"98125",350000.0
1250,3,2.5,11,3.0,"98115",353000.0
3340,5,2.5,13,2.0,"98038",699000.0
1380,3,2.0,60,2.0,"98148",265000.0
780,1,1.0,26,1.5,"98014",167000.0
2080,4,2.25,51,1.0,"98008",500000.0
1410,3,1.0,114,2.0,"98144",700000.0
520,1,1.0,97,1.0,"98116",295000.0
3500,4,3.5,11,2.0,"98115",1010000.0
840,2,1.0,46,1.0,"98042",209000.0
2240,3,1.75,47,1.0,"98001",276000.0
2100,4,2.5,13,2.0,"98059",380000.0
1750,3,1.5,61,1.0,"98024",315000.0
3130,4,2.5,19,2.0,"98014",685530.0
1470,3,2.0,47,1.0,"98002",254600.0
1440,3,2.0,73,1.0,"98056",230000.0
1430,3,3.0,12,3.0,"98103",335000.0
2170,4,2.5,35,1.0,"98052",550000.0
1150,3,1.0,59,1.5,"98032",123300.0
2170,4,2.75,49,1.5,"98030",275436.0
2630,4,3.5,31,1.5,"98188",325000.0
2490,4,2.5,18,2.0,"98053",635000.0
1710,3,1.75,71,1.0,"98107",513000.0
2130,4,2.5,35,1.0,"98075",580000.0
940,3,1.0,61,1.0,"98148",225000.0
1400,3,1.0,54,1.0,"98168",265000.0
1630,4,1.75,37,1.0,"98144",313000.0
1370,2,1.0,67,1.0,"98133",296000.0
2380,4,2.75,58,1.0,"98007",655500.0
2140,5,1.75,64,1.0,"98002",250750.0
1970,4,2.5,11,2.0,"98059",438000.0
2550,3,2.75,48,2.0,"98072",590000.0
1080,3,1.0,68,1.0,"98133",329500.0
3070,3,2.25,28,2.0,"98006",1195000.0
1470,2,1.0,71,1.0,"98199",415000.0
3620,4,2.5,31,2.0,"98052",900000.0
1050,3,1.5,40,1.0,"98024",378000.0
1050,2,1.0,110,1.0,"98022",474000.0
1320,3,1.0,115,2.0,"98122",464000.0
1210,3,1.0,59,1.0,"98155",310000.0
1860,3,1.5,63,2.0,"98177",580000.0
2830,3,2.75,53,1.0,"98070",999000.0
810,2,1.0,73,1.0,"98199",510000.0
1630,3,1.5,75,1.0,"98115",650000.0
880,3,1.0,37,1.0,"98023",196000.0
1660,4,1.75,63,1.0,"98168",220000.0
3440,3,2.25,30,2.0,"98006",855000.0
2110,3,1.75,37,1.0,"98028",483000.0
1060,3,1.0,63,1.0,"98133",400000.0
1900,3,2.5,22,2.0,"98011",435000.0
820,1,1.0,8,1.0,"98126",219500.0
4860,4,3.5,19,2.0,"98039",2950000.0
2050,3,2.5,7,3.0,"98133",427000.0
1090,2,1.5,115,1.5,"98103",430000.0
1090,2,1.5,115,1.5,"98103",685000.0
1920,2,1.5,78,1.0,"98199",495000.0
1870,3,2.5,25,2.0,"98001",299950.0
2690,4,1.75,75,1.5,"98146",390000.0
2160,3,1.75,87,1.5,"98144",385000.0
3000,4,2.5,20,2.0,"98027",740000.0
2290,4,3.0,91,2.0,"98116",991700.0
2250,3,2.75,106,2.5,"98122",765000.0
2130,4,2.25,54,2.0,"98006",802000.0
2500,4,2.75,46,1.0,"98004",950000.0
2300,4,2.5,27,2.0,"98042",392000.0
3360,3,2.5,26,1.0,"98014",590000.0
1920,4,2.5,26,2.0,"98126",425000.0
2440,5,1.75,71,1.5,"98146",765000.0
1440,3,2.25,32,2.0,"98034",313500.0
1780,3,1.0,68,2.0,"98125",320000.0
1490,4,1.75,55,1.0,"98199",604000.0
1400,3,2.0,11,2.0,"98112",570000.0
2150,4,2.5,33,2.0,"98052",639000.0
1910,4,2.0,52,1.0,"98059",335000.0
2660,4,1.75,98,2.0,"98115",896000.0
1650,3,1.75,58,1.0,"98188",259500.0
1980,3,2.0,57,1.0,"98115",637000.0
2690,4,2.75,35,1.0,"98023",307450.0
1380,3,1.75,90,1.0,"98117",535000.0
2500,4,2.25,75,1.5,"98117",669500.0
1590,3,1.75,63,1.0,"98166",259000.0
1100,4,1.5,96,1.0,"98122",441000.0
1470,4,2.5,12,2.0,"98118",228800.0
1680,2,2.0,9,1.0,"98053",530000.0
1450,2,2.0,91,1.0,"98112",524000.0
2020,4,2.25,90,1.5,"98126",430000.0
2470,4,3.25,109,1.5,"98112",1325000.0
1230,3,1.0,46,1.0,"98042",210000.0
1850,4,2.5,85,1.0,"98126",449000.0
2540,2,2.5,11,2.0,"98116",945000.0
970,3,1.0,58,1.0,"98188",200450.0
1070,3,1.5,30,1.0,"98002",219950.0
2620,4,3.0,59,1.0,"98006",659500.0
2110,4,2.75,49,1.5,"98008",746000.0
2110,3,1.75,33,1.0,"98052",540000.0
1910,5,2.0,47,1.0,"98133",485000.0
670,2,1.0,73,1.0,"98126",202000.0
6930,4,5.5,65,1.0,"98006",2525000.0
2010,3,2.75,36,1.0,"98028",502000.0
1770,2,2.75,12,1.0,"98001",279000.0
1340,3,1.0,94,1.0,"98103",409500.0
1660,3,2.0,32,1.0,"98034",453000.0
1820,4,1.0,68,1.5,"98106",367000.0
2510,3,2.5,23,2.0,"98056",550000.0
1560,3,1.5,53,1.0,"98031",273500.0
2280,4,3.0,37,1.0,"98125",505000.0
2650,3,2.5,21,2.0,"98053",770000.0
2470,4,2.25,31,2.0,"98155",565000.0
1270,3,0.75,44,1.0,"98077",316000.0
1520,4,1.0,55,1.5,"98198",160000.0
1310,3,1.0,59,1.0,"98198",170000.0
1310,3,1.0,59,1.0,"98198",235000.0
3930,4,3.5,16,2.0,"98005",1799000.0
990,3,1.0,48,1.0,"98034",310000.0
2080,4,1.75,60,1.0,"98178",285000.0
960,2,1.0,73,1.0,"98117",280000.0
4070,4,4.25,11,2.0,"98040",2298000.0
2750,4,2.5,26,2.0,"98075",763776.0
3230,5,2.75,50,1.0,"98166",530000.0
890,1,1.0,19,1.5,"98019",362000.0
990,2,1.0,84,1.0,"98117",430000.0
1290,3,1.0,96,1.5,"98117",456500.0
2170,4,2.5,26,2.0,"98115",445000.0
1330,3,1.0,52,1.0,"98034",386900.0
1340,3,1.0,60,1.0,"98006",479000.0
2200,3,2.5,15,2.0,"98065",525000.0
2520,4,1.75,36,1.0,"98023",272000.0
1180,4,1.0,65,1.5,"98125",517000.0
2660,3,1.75,64,1.0,"98117",615000.0
1250,3,1.75,50,1.0,"98008",439000.0
2270,3,2.5,27,1.0,"98029",716000.0
1080,2,1.0,73,1.0,"98118",308000.0
1620,3,2.25,89,2.0,"98119",800000.0
940,3,2.0,74,1.0,"98117",575000.0
1620,3,1.5,48,1.0,"98042",219950.0
2350,4,2.5,28,2.0,"98006",770000.0
2090,3,1.75,48,1.0,"98034",424950.0
1760,3,2.25,31,2.0,"98065",387000.0
2050,4,1.75,41,1.0,"98155",790000.0
600,2,1.0,82,1.0,"98146",156000.0
2540,2,1.0,73,1.0,"98118",580000.0
2090,4,2.25,45,2.0,"98033",490000.0
2700,5,3.25,89,2.0,"98144",950000.0
1410,2,2.5,7,2.0,"98126",400000.0
1170,2,2.5,7,2.0,"98133",325000.0
2540,4,2.5,13,2.0,"98092",365000.0
2190,3,1.75,95,1.5,"98002",255000.0
3890,5,3.5,31,2.0,"98125",985000.0
2030,4,2.5,48,1.0,"98115",595000.0
1350,3,1.0,71,1.0,"98125",427500.0
1940,3,1.5,100,1.5,"98112",728000.0
1260,2,1.0,75,1.0,"98117",549950.0
2800,3,2.0,61,1.0,"98125",650000.0
3080,5,3.25,47,1.0,"98033",1125000.0
840,3,1.0,46,1.0,"98042",203000.0
860,2,1.0,112,1.0,"98118",311000.0
2400,6,2.0,83,1.0,"98028",387500.0
1640,4,2.0,52,1.0,"98155",370000.0
1060,2,1.0,64,1.0,"98125",228000.0
2080,2,1.75,92,1.0,"98117",740000.0
2090,4,2.0,41,1.0,"98178",200000.0
1240,3,1.0,88,1.0,"98103",660000.0
2030,4,2.0,71,2.0,"98168",275000.0
1120,2,1.0,77,1.0,"98199",708000.0
1270,3,2.5,22,2.0,"98045",280000.0
2260,4,2.5,13,2.0,"98042",325000.0
1780,3,2.5,20,2.0,"98045",495000.0
1780,2,2.0,93,1.5,"98119",691000.0
4080,4,2.5,32,2.0,"98004",2288000.0
2120,3,2.5,36,1.0,"98001",329500.0
2060,3,2.5,26,2.0,"98023",348000.0
1670,2,1.0,68,1.0,"98125",425000.0
1080,3,1.0,73,1.0,"98106",210000.0
1210,2,1.0,64,1.0,"98126",285000.0
990,3,1.0,49,1.0,"98023",222000.0
1720,4,2.5,54,1.0,"98092",200000.0
1530,3,2.0,20,1.0,"98023",247500.0
6550,4,5.5,9,1.0,"98058",1500000.0
1100,3,1.75,73,1.0,"98146",190000.0
3020,4,2.5,94,1.5,"98112",975000.0
3180,4,3.0,90,2.0,"98105",1130000.0
1830,4,1.75,57,1.0,"98003",283200.0
2540,3,2.5,78,1.0,"98177",650000.0
1770,3,2.0,61,1.0,"98133",449500.0
1470,3,1.75,28,1.0,"98034",400000.0
570,1,1.0,73,1.0,"98146",89950.0
960,3,1.0,65,1.0,"98146",158800.0
2940,4,3.0,4,2.0,"98136",870000.0
1000,3,1.5,26,1.0,"98001",196000.0
2450,3,1.75,75,1.0,"98199",850000.0
3310,4,2.5,10,2.0,"98052",775000.0
1670,3,2.5,14,2.0,"98027",483500.0
1620,3,1.5,25,2.0,"98019",387000.0
2990,3,3.0,64,2.0,"98155",900000.0
1240,3,1.5,51,1.0,"98106",336000.0
670,2,1.0,66,1.0,"98118",415000.0
1320,3,1.5,106,1.0,"98112",350000.0
6110,4,5.25,10,2.0,"98059",1320000.0
2440,3,1.75,70,1.0,"98199",765000.0
2900,4,2.5,2,2.0,"98059",527000.0
2310,4,2.75,107,1.5,"98118",524000.0
1110,2,1.0,78,1.0,"98115",448000.0
4100,4,3.25,34,2.0,"98072",775000.0
930,3,1.0,105,1.5,"98032",176500.0
2420,4,2.25,63,1.0,"98146",750000.0
2870,4,2.25,64,1.0,"98112",1265000.0
1480,3,1.0,57,1.0,"98146",250000.0
1960,3,2.75,115,1.5,"98122",759000.0
1470,3,2.0,89,1.5,"98199",640000.0
2460,3,3.25,105,2.0,"98115",990000.0
1960,4,1.75,69,1.0,"98125",395000.0
1160,2,1.5,9,2.0,"98133",275000.0
1910,3,2.5,18,2.0,"98059",390000.0
2720,5,2.75,102,1.5,"98107",752500.0
1020,2,1.0,109,1.5,"98107",450000.0
900,2,1.0,106,1.0,"98117",473000.0
1120,3,1.75,42,1.0,"98045",178500.0
2340,3,2.5,30,1.0,"98038",485000.0
1410,3,1.5,33,1.0,"98023",215000.0
1920,4,1.75,96,1.0,"98116",589000.0
1370,4,1.75,97,1.0,"98028",325000.0
1590,3,2.5,11,2.5,"98116",580000.0
1850,4,1.75,61,1.0,"98198",181100.0
1430,3,2.0,107,1.0,"98199",345000.0
1940,3,1.75,55,1.0,"98125",781000.0
1270,4,1.0,112,1.5,"98122",402500.0
1380,3,1.5,67,1.0,"98106",426000.0
1720,3,2.5,10,2.0,"98065",389000.0
4050,6,3.0,45,2.0,"98027",670000.0
3660,4,3.25,106,2.5,"98112",1506000.0
1870,3,2.25,18,2.0,"98056",288400.0
2230,4,2.0,107,1.5,"98103",700000.0
2020,4,3.0,47,1.0,"98199",830000.0
3690,2,2.75,26,2.0,"98166",1899000.0
1450,2,1.0,48,1.0,"98115",350500.0
1630,3,1.75,59,1.0,"98166",431000.0
1840,3,2.5,57,1.0,"98177",485000.0
1620,3,1.5,66,1.0,"98117",780000.0
1840,2,1.5,58,1.0,"98136",720000.0
1360,3,1.0,44,1.0,"98072",415000.0
2080,4,1.0,74,1.0,"98117",480000.0
2550,4,2.25,36,1.0,"98028",452250.0
2550,3,2.5,30,2.0,"98023",316000.0
1160,2,1.0,70,1.0,"98178",700000.0
1760,4,2.0,90,1.0,"98118",285000.0
1720,3,1.75,109,1.0,"98115",575000.0
2300,3,2.25,55,1.0,"98166",590000.0
2500,4,1.75,59,1.0,"98166",587500.0
1750,4,2.25,47,1.5,"98155",364000.0
1890,3,2.5,29,2.0,"98074",490000.0
1800,3,2.25,37,1.0,"98027",410000.0
2160,3,2.5,16,2.0,"98029",520000.0
1380,3,1.0,68,1.0,"98133",389000.0
1180,2,1.0,105,1.0,"98119",450000.0
2550,3,2.5,9,2.0,"98031",325000.0
1070,2,1.0,91,1.0,"98103",660000.0
2870,3,2.25,20,2.0,"98136",850000.0
1940,3,2.5,25,2.0,"98042",285000.0
870,2,1.0,92,1.0,"98107",395000.0
1550,3,2.0,19,2.0,"98103",440000.0
1400,3,1.75,98,1.5,"98056",249000.0
1210,3,1.75,85,1.5,"98105",635000.0
3430,3,2.5,14,2.0,"98001",515000.0
3020,3,3.25,61,2.0,"98112",1400000.0
950,2,1.0,60,1.0,"98166",200000.0
3370,4,2.75,45,1.0,"98136",1135000.0
1460,4,1.0,69,1.0,"98126",445000.0
1740,3,1.5,95,1.5,"98117",555000.0
1720,4,2.0,65,1.0,"98116",537000.0
1480,3,1.75,47,1.0,"98055",315000.0
3320,5,2.5,15,2.0,"98075",805000.0
3490,4,2.5,46,1.5,"98023",414000.0
1160,2,1.5,13,2.0,"98144",375000.0
3010,4,1.75,63,1.0,"98125",401000.0
1030,3,1.0,48,1.0,"98198",210000.0
980,2,1.0,76,1.0,"98115",365000.0
1990,5,1.5,55,1.0,"98178",178000.0
1790,2,1.0,92,1.0,"98112",710000.0
810,2,1.0,87,1.0,"98146",255000.0
2940,5,2.25,38,1.0,"98077",528000.0
4883,4,4.25,9,2.0,"98092",537000.0
1360,4,1.5,60,1.0,"98116",442000.0
1370,3,1.75,37,1.0,"98014",375000.0
2120,4,2.5,10,2.0,"98052",637250.0
1240,3,1.75,73,1.0,"98136",427500.0
2770,4,2.5,11,2.0,"98053",700000.0
1660,3,1.75,106,1.0,"98116",680000.0
1170,2,2.0,74,1.0,"98115",393820.0
2470,4,2.75,75,1.0,"98108",525000.0
1310,2,1.75,86,1.0,"98117",505000.0
1670,3,2.0,56,1.0,"98033",555565.0
1660,3,1.75,73,1.0,"98177",650000.0
3500,5,3.25,10,2.0,"98065",632500.0
1440,3,2.5,10,2.0,"98038",269000.0
2360,4,2.75,37,1.0,"98034",405000.0
3460,3,3.5,29,2.0,"98077",845000.0
1750,3,1.0,54,1.0,"98032",234000.0
1470,4,1.75,69,1.5,"98107",638000.0
1710,3,1.75,48,1.0,"98045",290000.0
520,1,0.75,95,1.0,"98022",262000.0
2350,4,2.5,12,2.0,"98042",270000.0
2380,4,2.25,67,2.0,"98117",875000.0
1920,3,2.25,33,2.0,"98032",299000.0
1580,3,1.0,68,1.0,"98027",551000.0
3070,3,2.75,65,2.0,"98166",350000.0
2660,3,2.5,23,2.0,"98004",1901000.0
1700,2,1.75,100,1.0,"98117",511718.0
5010,4,3.25,37,2.0,"98027",965000.0
2680,4,2.25,16,2.0,"98011",475000.0
2720,4,2.75,87,1.5,"98117",1062000.0
940,2,1.0,89,1.0,"98070",252000.0
3596,6,2.5,51,1.0,"98166",580000.0
1240,2,2.25,7,2.0,"98144",374950.0
4660,5,4.0,36,2.0,"98056",739000.0
1710,4,1.75,40,1.0,"98031",271000.0
930,2,1.0,29,1.0,"98168",230000.0
1430,3,2.25,31,1.0,"98023",210000.0
1650,3,2.75,27,2.0,"98166",350000.0
1560,3,2.25,47,1.0,"98034",491500.0
1870,3,2.5,21,1.0,"98045",325000.0
1320,3,2.0,28,1.0,"98038",190000.0
1400,4,2.0,70,1.5,"98117",658600.0
1940,3,1.5,57,1.0,"98168",299950.0
2000,5,2.0,84,1.5,"98122",464000.0
1640,3,1.0,73,1.5,"98168",308000.0
1020,3,1.0,96,1.0,"98033",625000.0
1630,3,1.75,38,1.0,"98032",240000.0
2940,4,2.5,20,2.0,"98042",530000.0
2120,5,4.5,76,2.0,"98006",1000000.0
790,1,1.0,97,1.0,"98122",439000.0
2020,4,1.75,67,1.0,"98133",575000.0
1530,3,1.75,56,1.0,"98155",418000.0
3250,4,3.75,85,2.0,"98004",1208000.0
2930,4,3.75,90,1.5,"98119",1100000.0
3150,3,3.75,8,2.0,"98112",1900000.0
2180,3,2.5,30,2.0,"98072",580000.0
1040,2,1.0,76,1.0,"98126",380000.0
880,3,1.0,91,1.0,"98055",256000.0
1400,3,1.0,58,1.0,"98125",349950.0
2600,4,2.5,53,2.0,"98115",691500.0
1590,3,1.75,107,1.5,"98105",556000.0
1610,3,2.25,47,1.0,"98023",218000.0
1390,4,2.0,107,1.5,"98108",425000.0
3710,3,3.25,17,2.0,"98014",935000.0
2360,4,1.75,41,1.0,"98006",732000.0
1440,3,1.0,63,1.0,"98004",805500.0
1400,3,1.75,100,1.0,"98126",507250.0
4600,4,2.5,25,2.0,"98053",800000.0
2100,3,2.25,36,2.0,"98008",600000.0
2010,4,1.75,33,1.0,"98074",627800.0
2550,2,2.25,113,2.0,"98115",660000.0
1240,2,2.5,29,2.0,"98003",153503.0
2090,3,2.25,40,1.0,"98034",456500.0
2770,5,2.5,13,2.0,"98004",1306000.0
3560,3,2.5,18,2.0,"98052",843500.0
1240,3,1.0,90,1.0,"98103",625000.0
1640,2,1.75,94,1.0,"98105",527000.0
3940,5,3.75,64,1.5,"98004",1965000.0
3150,5,2.5,46,2.0,"98005",1003000.0
2550,4,3.0,107,2.0,"98117",855000.0
3940,4,3.25,15,2.0,"98059",725000.0
580,1,1.0,15,1.0,"98126",315000.0
1330,3,1.75,37,1.0,"98001",180000.0
930,2,1.0,89,1.0,"98136",700000.0
1060,3,1.0,53,2.0,"98033",476500.0
1180,3,1.5,55,1.0,"98148",193000.0
1850,4,2.5,25,2.0,"98030",295000.0
820,2,1.0,90,1.0,"98136",363000.0
3600,4,2.5,25,2.0,"98077",875000.0
1850,3,2.0,63,1.0,"98002",257200.0
2240,3,2.0,47,1.0,"98008",555000.0
1860,3,2.25,52,2.0,"98022",380000.0
2390,4,2.75,26,2.0,"98023",282000.0
2040,4,2.5,25,2.0,"98115",545000.0
1900,3,1.5,89,1.5,"98115",550000.0
1900,3,1.5,89,1.5,"98115",921500.0
2200,3,1.5,111,2.0,"98112",885000.0
2280,4,2.25,75,1.5,"98119",820000.0
1090,3,1.0,34,1.0,"98056",289000.0
670,1,1.0,73,1.0,"98116",334000.0
1050,3,1.0,109,1.0,"98010",206000.0
2090,3,2.25,57,1.0,"98115",491950.0
2030,3,2.5,12,2.0,"98024",430000.0
1250,3,2.0,35,1.0,"98042",208000.0
2600,4,2.25,37,1.0,"98023",245000.0
640,2,1.0,97,1.0,"98117",426000.0
2120,3,2.5,9,2.0,"98059",400000.0
1330,3,1.0,73,1.0,"98115",553000.0
750,2,1.0,67,1.0,"98117",296000.0
2230,3,2.5,38,1.0,"98042",428000.0
1890,4,2.5,35,1.0,"98106",325000.0
820,2,1.0,63,1.0,"98133",294000.0
1880,3,1.75,38,1.0,"98059",410000.0
2360,4,4.25,76,2.0,"98003",590000.0
1850,3,2.25,30,2.0,"98029",445000.0
2310,4,2.5,87,2.0,"98122",921000.0
2520,3,1.5,60,1.0,"98045",496000.0
800,2,1.0,68,1.0,"98198",95000.0
1580,4,1.75,70,1.0,"98126",359000.0
2430,3,2.5,30,1.0,"98045",452500.0
2350,4,1.75,69,1.5,"98116",555000.0
3800,5,3.0,31,1.5,"98042",549900.0
3670,5,3.0,63,1.0,"98155",569000.0
1780,4,2.0,41,1.0,"98058",318500.0
1295,2,1.5,8,2.0,"98112",487028.0
1350,3,1.0,56,1.0,"98032",240000.0
1440,3,2.25,50,1.0,"98030",253000.0
1320,5,1.75,68,1.0,"98198",380000.0
700,2,0.75,57,1.0,"98092",250000.0
2510,2,1.75,38,2.0,"98092",368500.0
3180,3,1.0,46,1.0,"98022",340000.0
910,2,1.0,97,1.0,"98136",400000.0
1570,3,2.0,88,1.5,"98117",835000.0
2450,3,2.5,22,2.0,"98023",299000.0
4910,6,2.25,105,2.5,"98102",1675000.0
1570,3,2.0,17,1.0,"98092",265000.0
2680,4,2.5,17,2.0,"98059",437500.0
2090,3,1.75,68,2.0,"98199",865000.0
2150,3,2.0,27,1.0,"98029",626000.0
1140,2,2.0,6,2.0,"98144",247300.0
4230,4,3.5,18,2.0,"98004",2075000.0
1790,3,1.0,78,1.5,"98108",425000.0
3100,5,3.5,45,1.0,"98008",905000.0
2220,3,2.5,25,3.0,"98117",641250.0
2370,4,2.5,31,2.0,"98027",675000.0
4070,4,2.75,13,2.0,"98045",845000.0
1790,4,1.0,61,1.0,"98133",401500.0
1610,3,2.5,28,2.0,"98052",395000.0
2830,5,2.75,57,1.0,"98040",1100000.0
1010,3,1.0,61,1.0,"98168",145000.0
1560,3,1.0,85,1.5,"98117",900000.0
1330,3,1.5,47,1.0,"98034",374500.0
2330,4,2.25,50,2.0,"98005",850000.0
960,3,1.0,64,1.0,"98116",490000.0
1710,3,2.5,22,2.0,"98003",304000.0
2230,4,2.25,52,1.0,"98133",400000.0
1700,3,2.0,23,2.0,"98011",454000.0
1040,2,2.0,65,1.0,"98118",160000.0
1070,3,1.75,49,1.0,"98052",542000.0
3600,5,2.5,47,1.0,"98166",403500.0
2750,4,2.5,12,2.0,"98038",418000.0
1920,4,1.5,64,2.0,"98198",406000.0
1770,3,2.25,37,1.0,"98198",242500.0
2460,4,2.5,12,2.0,"98058",425000.0
1550,4,2.0,106,1.5,"98103",613000.0
1460,3,2.0,20,1.0,"98045",189000.0
2440,4,2.25,68,1.5,"98125",700000.0
1640,3,1.0,80,1.5,"98103",750000.0
1290,2,1.0,109,1.0,"98115",494000.0
3150,4,3.0,15,2.0,"98075",700000.0
2305,2,2.5,8,1.0,"98077",705000.0
1060,2,1.75,38,1.0,"98072",356000.0
2060,3,1.75,31,1.0,"98052",625000.0
900,2,1.0,75,1.0,"98198",144975.0
3890,4,4.5,11,2.0,"98029",970000.0
1910,3,1.75,38,1.0,"98072",415000.0
2340,4,3.0,36,1.0,"98034",485000.0
2900,3,3.0,18,2.0,"98052",799950.0
3290,4,2.5,24,2.0,"98077",783350.0
630,1,1.0,72,1.0,"98109",430000.0
5410,5,4.75,74,2.0,"98112",2544750.0
4270,4,2.5,24,1.0,"98053",975000.0
1700,3,1.5,65,1.0,"98004",950000.0
1430,2,1.0,71,1.5,"98177",350000.0
2850,4,2.75,7,2.0,"98125",637000.0
2160,3,2.0,24,1.0,"98059",895000.0
1760,2,2.0,69,1.0,"98118",579000.0
2700,4,1.75,57,1.0,"98003",314900.0
860,2,1.0,70,1.0,"98022",122000.0
880,2,1.0,88,1.0,"98103",405000.0
1360,2,2.5,18,2.0,"98112",553650.0
1770,2,2.5,8,3.0,"98126",369900.0
2030,3,2.0,36,1.0,"98001",225000.0
1180,2,1.0,97,1.0,"98178",160000.0
2430,4,2.0,54,1.0,"98038",449500.0
1300,3,1.0,62,1.0,"98004",650000.0
2360,4,2.5,38,2.0,"98077",542126.0
1200,3,1.5,30,1.0,"98045",309950.0
1000,2,1.0,102,1.0,"98001",115000.0
1556,2,1.5,58,1.0,"98032",221700.0
1890,3,2.5,100,1.5,"98107",726000.0
1810,3,1.75,89,1.0,"98116",515000.0
2730,4,2.5,24,2.0,"98006",756000.0
3070,4,3.75,88,2.0,"98112",1570000.0
2080,4,2.25,36,1.0,"98074",442000.0
1620,4,2.0,40,2.0,"98031",260000.0
1150,2,1.75,92,1.0,"98102",390000.0
1250,2,1.0,86,1.0,"98117",459500.0
1430,3,1.5,67,1.0,"98155",330000.0
790,2,1.0,71,1.0,"98168",189000.0
1200,3,1.0,61,1.5,"98030",280000.0
2110,2,1.75,67,1.0,"98155",400000.0
3160,4,2.0,73,1.0,"98056",368000.0
2700,4,1.75,47,1.5,"98058",390000.0
820,2,1.0,70,1.0,"98133",245000.0
1800,4,2.5,55,1.0,"98133",375000.0
1750,5,1.5,54,1.0,"98033",465000.0
1540,3,2.0,18,1.0,"98059",445000.0
1130,3,1.0,63,1.0,"98118",250000.0
1500,3,1.0,63,1.0,"98133",475500.0
1600,2,1.75,75,1.5,"98105",672324.0
1200,3,2.0,78,1.0,"98115",420000.0
1690,3,2.0,108,1.5,"98117",515000.0
2270,4,2.5,29,2.0,"98052",732350.0
1910,4,2.5,10,2.0,"98038",297500.0
1640,3,1.5,86,1.5,"98115",475000.0
2120,4,2.5,12,2.0,"98019",414000.0
1400,3,1.5,63,1.0,"98125",357250.0
760,2,1.0,65,1.0,"98133",289950.0
1070,3,1.0,98,1.0,"98118",550000.0
1460,3,1.75,57,1.0,"98028",446000.0
1280,3,1.5,83,1.5,"98038",279000.0
1650,3,2.25,27,2.0,"98011",370000.0
1260,3,2.0,17,1.0,"98188",216000.0
2200,3,2.5,63,1.0,"98004",1100000.0
3560,4,2.5,38,1.0,"98040",1280600.0
1140,2,1.5,27,1.0,"98106",355000.0
2550,4,2.5,27,2.0,"98008",699000.0
1553,3,2.5,1,3.0,"98133",412000.0
1140,2,1.0,92,1.0,"98065",276000.0
790,2,1.0,71,1.0,"98178",100000.0
2130,4,1.75,101,1.5,"98119",955500.0
1390,3,1.0,57,1.0,"98058",199000.0
4000,4,3.5,8,2.0,"98065",762000.0
1520,4,2.0,48,1.0,"98034",425000.0
1657,2,1.0,105,2.0,"98116",546000.0
1680,3,1.75,39,1.0,"98133",419600.0
2270,4,2.25,61,1.0,"98199",735000.0
2470,2,2.5,4,3.0,"98112",1234570.0
1240,2,2.0,30,2.0,"98117",445000.0
1740,3,2.0,41,1.0,"98045",665000.0
4090,5,3.5,13,1.0,"98034",1290000.0
2520,4,2.75,36,2.0,"98074",508500.0
1340,5,1.0,81,1.5,"98155",345950.0
1640,3,1.0,47,1.0,"98042",207500.0
3000,4,2.5,46,1.0,"98040",1075000.0
1210,3,1.0,85,2.0,"98112",640000.0
1810,3,1.0,74,1.0,"98070",329500.0
2200,4,2.75,36,1.0,"98028",460000.0
2200,3,1.75,67,1.5,"98004",1230000.0
2350,5,3.0,91,2.0,"98118",805000.0
1090,3,1.5,52,1.0,"98042",200000.0
2280,3,1.75,38,1.0,"98059",749700.0
1520,2,1.0,88,1.0,"98117",535000.0
1620,3,2.25,65,1.0,"98178",330000.0
1510,3,2.0,87,1.5,"98116",479200.0
3001,5,2.5,9,2.0,"98042",373000.0
2020,4,1.5,62,1.0,"98178",355000.0
1380,3,2.0,7,1.0,"98038",275000.0
1520,3,1.5,66,1.0,"98136",380000.0
1090,2,1.75,100,1.0,"98105",417000.0
4220,5,3.75,11,2.0,"98075",1165000.0
2520,3,2.25,37,1.0,"98074",598500.0
1760,3,2.0,95,1.0,"98199",629000.0
930,2,1.0,58,1.0,"98168",226950.0
2600,4,2.5,76,1.5,"98177",1225000.0
2180,3,2.25,36,1.0,"98056",415000.0
1910,3,2.5,14,2.0,"98029",595000.0
1100,3,1.75,47,1.0,"98042",209950.0
1760,3,1.75,42,1.0,"98053",568000.0
700,2,1.0,64,1.0,"98178",119900.0
1080,3,1.0,53,1.0,"98023",207000.0
1070,3,1.0,48,1.0,"98001",195000.0
1460,3,1.5,60,1.0,"98166",324950.0
1050,1,1.0,68,1.0,"98133",210000.0
3160,4,2.75,20,2.0,"98053",1078000.0
1400,4,1.0,61,1.0,"98108",325088.0
3120,4,3.0,38,2.0,"98058",790000.0
720,2,1.0,33,1.0,"98058",150000.0
2840,3,3.0,16,2.0,"98059",790000.0
1220,2,1.0,105,1.0,"98126",255000.0
2820,4,3.0,87,1.5,"98117",697000.0
840,2,1.0,107,1.0,"98117",457500.0
1610,3,2.0,75,1.5,"98115",690000.0
1860,4,3.25,98,2.0,"98103",967000.0
2260,4,1.75,47,1.0,"98040",980000.0
2450,4,2.75,27,2.0,"98059",619420.0
850,2,1.0,105,1.0,"98103",389000.0
1800,3,1.0,51,1.0,"98118",500000.0
1230,4,1.75,65,1.0,"98004",569000.0
2060,4,2.25,48,1.0,"98034",425000.0
2750,4,2.25,67,1.0,"98118",635000.0
1120,2,1.0,35,1.0,"98070",256500.0
3010,4,2.5,10,2.0,"98028",695000.0
1580,4,1.5,70,1.5,"98107",535000.0
2630,4,2.5,11,2.0,"98059",454200.0
790,2,1.0,72,1.0,"98117",418500.0
3110,4,2.75,32,2.0,"98072",749950.0
2130,3,1.75,16,1.0,"98070",338500.0
4520,4,3.75,23,1.5,"98040",1250000.0
1600,3,2.5,22,2.0,"98001",299950.0
1950,4,1.75,52,1.0,"98168",325000.0
2010,4,3.0,42,2.0,"98011",434000.0
2550,4,1.75,37,1.0,"98058",328950.0
5340,5,3.75,103,2.5,"98144",2095000.0
2000,4,2.0,37,2.0,"98075",570000.0
2170,3,2.25,1,2.0,"98103",802000.0
1550,3,1.0,97,1.5,"98103",525000.0
2790,6,3.0,108,2.5,"98119",700000.0
1980,3,1.75,59,1.0,"98042",350000.0
1190,2,1.5,10,3.0,"98133",277500.0
3650,5,2.75,40,1.0,"98004",1575000.0
1510,3,1.0,102,1.5,"98022",195000.0
1200,3,2.0,47,1.0,"98002",222000.0
2830,5,3.0,36,1.0,"98040",865000.0
1650,4,2.0,56,1.0,"98144",445000.0
1710,4,1.5,91,1.5,"98115",495800.0
1740,3,1.0,91,1.5,"98122",548500.0
1840,3,1.75,41,1.0,"98058",310000.0
1820,3,1.5,53,1.0,"98055",205000.0
3860,5,3.75,12,2.0,"98038",470000.0
1810,3,1.5,13,1.5,"98010",430000.0
1030,2,2.0,16,3.0,"98125",310000.0
1410,4,1.0,62,1.5,"98133",355000.0
2140,5,2.5,47,1.0,"98166",621500.0
1930,6,1.5,44,1.0,"98146",175000.0
1930,6,1.5,44,1.0,"98146",326000.0
1930,4,3.5,95,1.5,"98116",690000.0
2210,4,2.5,12,2.0,"98003",335000.0
1360,4,1.0,54,1.0,"98188",197000.0
1830,3,1.75,65,1.0,"98055",312500.0
2120,3,2.25,56,1.0,"98155",436000.0
2700,4,2.5,13,2.0,"98103",1015000.0
3160,4,2.5,23,2.0,"98006",805000.0
2770,4,2.25,36,2.0,"98074",652427.0
2240,3,2.5,70,1.0,"98005",1008000.0
2570,4,2.5,16,2.0,"98092",355000.0
880,2,1.0,76,1.0,"98133",334550.0
1820,3,2.25,31,2.0,"98052",557500.0
1660,4,2.25,52,1.0,"98188",277500.0
2200,4,3.0,55,1.0,"98058",300000.0
1640,4,1.0,87,1.5,"98133",325000.0
1650,4,2.0,64,1.0,"98144",402500.0
1420,3,1.75,52,1.0,"98007",461000.0
1270,3,1.0,89,1.5,"98103",540000.0
1070,3,1.0,44,1.0,"98108",385000.0
1060,2,1.0,91,1.0,"98103",480000.0
2190,3,2.25,52,1.0,"98056",539950.0
1940,3,2.25,25,2.0,"98024",529000.0
1300,3,2.5,7,2.0,"98199",417000.0
1330,3,1.5,49,1.0,"98027",405000.0
1940,3,2.25,49,1.0,"98023",299000.0
2100,3,1.75,32,1.0,"98001",299000.0
1290,3,1.0,64,1.0,"98136",372220.0
1560,2,1.75,111,1.0,"98109",494400.0
2630,3,1.75,57,1.0,"98055",280000.0
2100,3,2.5,23,2.0,"98023",277950.0
2070,3,2.75,19,2.0,"98058",770000.0
2960,4,2.5,26,2.0,"98072",760000.0
1300,2,2.0,11,1.0,"98198",230000.0
2520,4,2.5,21,2.0,"98155",525000.0
1150,3,1.0,88,1.5,"98045",307000.0
2030,4,2.0,68,1.5,"98188",253779.0
1880,3,1.5,47,1.0,"98155",405000.0
2320,2,1.0,73,2.0,"98146",360000.0
1050,2,1.0,105,1.5,"98116",521000.0
3030,4,2.5,37,2.0,"98005",680000.0
530,1,0.75,65,1.0,"98074",355000.0
1090,3,1.5,47,1.0,"98042",200000.0
2220,3,2.25,22,1.0,"98118",330000.0
1430,3,2.25,28,2.0,"98023",221000.0
3780,4,4.5,105,2.0,"98116",1598890.0
1560,2,1.0,68,1.0,"98125",310000.0
2220,4,2.25,83,1.5,"98199",862000.0
1140,3,1.5,55,1.0,"98168",200000.0
2540,4,2.5,58,1.0,"98008",630000.0
1440,3,2.25,30,2.0,"98029",432250.0
1570,3,2.25,38,1.0,"98033",478000.0
1860,4,2.25,53,1.0,"98032",249000.0
2440,5,3.0,9,1.0,"98108",495000.0
2100,4,2.5,55,1.0,"98008",630000.0
2150,4,2.5,18,2.0,"98053",550000.0
2440,3,2.5,21,2.0,"98042",350000.0
1930,5,1.5,49,2.0,"98058",270000.0
1830,4,2.0,52,1.0,"98033",488250.0
1850,4,3.5,29,2.0,"98023",248000.0
3210,4,3.5,1,3.0,"98136",889000.0
1090,1,1.0,88,1.0,"98117",375000.0
1870,3,1.5,109,2.0,"98102",933000.0
1920,3,2.25,38,1.0,"98006",625000.0
700,2,1.0,72,1.0,"98116",328000.0
3380,4,2.25,46,1.0,"98166",470000.0
2430,5,2.5,8,2.0,"98056",502500.0
1950,3,1.75,39,1.0,"98072",484000.0
900,2,1.0,54,1.0,"98014",252500.0
2060,3,2.5,28,2.0,"98006",610000.0
2180,4,2.0,46,1.0,"98155",419000.0
2140,4,2.25,29,2.0,"98092",322500.0
1730,6,1.0,97,1.5,"98109",563000.0
3140,4,2.5,22,2.0,"98042",464000.0
3010,4,4.25,64,2.0,"98115",870000.0
800,2,1.5,12,2.0,"98103",280000.0
3300,3,2.5,21,2.0,"98006",850000.0
1530,2,1.0,69,1.0,"98115",458950.0
760,2,1.0,69,1.0,"98168",122000.0
2450,5,3.0,21,2.0,"98117",525000.0
1000,2,1.0,53,1.0,"98045",286300.0
840,2,1.0,63,1.0,"98166",218450.0
1380,3,1.5,60,1.0,"98107",525000.0
1380,3,1.5,60,1.0,"98107",650000.0
2020,4,2.0,66,1.5,"98045",356000.0
1260,2,1.0,64,1.0,"98117",436500.0
1440,3,1.75,36,1.0,"98034",410000.0
1540,4,1.75,65,1.0,"98125",512500.0
1060,4,1.0,90,1.0,"98118",510000.0
1900,4,1.75,49,1.0,"98005",566000.0
2870,3,1.75,67,1.5,"98166",525000.0
1050,3,1.0,95,1.0,"98126",435000.0
1840,3,2.75,26,1.0,"98014",406500.0
3000,5,2.75,49,1.0,"98052",550000.0
1200,3,2.0,66,1.5,"98022",251000.0
1840,3,1.5,56,1.0,"98040",830000.0
2790,4,2.5,26,2.0,"98052",803000.0
970,3,1.0,73,1.0,"98002",206000.0
1070,4,1.0,71,1.5,"98178",200000.0
900,2,1.0,63,1.0,"98106",219000.0
2680,4,4.0,53,1.0,"98199",777000.0
2000,3,2.5,36,2.0,"98075",593700.0
1660,3,1.5,59,1.0,"98004",712500.0
1770,4,1.5,69,1.5,"98116",600000.0
1230,3,2.0,75,1.5,"98105",554663.0
1740,3,1.0,53,1.0,"98188",267000.0
1710,3,2.0,62,1.0,"98133",390000.0
2020,6,2.0,36,1.0,"98108",335000.0
2410,4,2.5,40,1.0,"98040",938000.0
2310,4,2.75,22,1.0,"98198",370000.0
2400,5,2.5,12,2.0,"98042",335000.0
3160,5,2.0,92,1.5,"98103",695000.0
1560,3,1.0,62,1.0,"98166",387500.0
1770,3,2.5,23,2.0,"98031",245000.0
1600,3,2.0,25,1.0,"98045",308550.0
1330,3,1.75,47,1.0,"98003",225000.0
2970,4,2.5,22,2.0,"98053",715000.0
1020,3,1.0,61,1.0,"98133",335000.0
2490,3,2.5,12,2.0,"98029",634000.0
1700,5,2.0,59,1.0,"98108",337500.0
850,1,1.0,75,1.0,"98010",440000.0
1250,3,1.75,25,1.0,"98045",350000.0
610,2,1.0,97,1.0,"98136",400000.0
3700,4,3.5,26,2.0,"98006",1288000.0
950,3,1.0,61,1.0,"98006",435000.0
3860,4,2.5,11,2.0,"98065",681000.0
1360,3,3.5,8,2.0,"98144",397000.0
3890,4,2.5,19,2.0,"98077",775000.0
1680,3,2.25,56,1.0,"98008",480000.0
1520,3,2.5,30,2.0,"98030",158000.0
2420,3,2.0,10,1.5,"98010",590000.0
3890,5,2.75,11,2.0,"98065",772500.0
2940,5,1.5,60,1.0,"98155",464500.0
1350,3,1.75,49,1.0,"98188",281000.0
2190,3,2.25,25,1.0,"98052",620000.0
2280,3,2.25,30,1.0,"98116",475000.0
1070,2,2.0,83,1.0,"98055",245000.0
2540,5,2.25,90,1.5,"98115",660000.0
2270,4,2.25,42,1.0,"98006",527500.0
1220,2,1.0,101,1.0,"98010",135000.0
1890,3,1.75,12,1.0,"98092",275000.0
1990,4,2.0,89,1.0,"98122",430000.0
1220,3,1.0,47,1.0,"98002",213500.0
2640,3,3.0,3,2.0,"98045",535000.0
1480,3,1.75,63,1.0,"98004",641000.0
2320,3,2.0,63,1.0,"98056",436300.0
2410,4,1.75,104,1.5,"98109",1440000.0
2090,4,2.75,66,1.0,"98040",830000.0
920,3,1.0,105,1.0,"98118",380000.0
850,3,0.75,70,1.0,"98146",132500.0
1130,3,1.0,61,1.0,"98188",179950.0
1260,3,1.0,61,1.0,"98002",188200.0
2090,4,2.0,64,1.0,"98040",659000.0
2020,3,2.0,89,1.5,"98108",317000.0
1970,3,2.25,56,1.0,"98199",625000.0
1820,3,1.75,39,1.0,"98155",350000.0
1840,3,1.5,100,1.5,"98107",750000.0
2100,4,1.75,56,1.0,"98133",457000.0
1770,4,2.0,109,2.0,"98107",632500.0
1110,3,2.0,24,1.0,"98031",223000.0
2090,4,2.75,39,1.0,"98052",610000.0
2080,4,1.75,67,2.0,"98155",385000.0
1400,3,3.25,10,2.0,"98118",367500.0
1060,3,1.0,66,1.0,"98125",385100.0
720,2,1.0,95,1.0,"98118",230000.0
1100,3,2.75,7,2.0,"98106",286000.0
1010,3,1.0,48,1.0,"98001",201700.0
5230,4,4.75,13,2.5,"98038",1350000.0
2420,4,1.75,36,1.0,"98027",525000.0
1200,3,1.5,40,1.0,"98011",361000.0
1950,3,1.5,13,3.0,"98117",530000.0
1870,3,2.25,65,1.0,"98125",455000.0
1310,4,2.25,49,1.0,"98034",421000.0
1520,4,2.0,70,1.5,"98115",640000.0
1270,3,1.0,60,1.0,"98188",240000.0
840,2,1.0,87,1.0,"98033",360000.0
900,2,1.0,62,1.0,"98042",157340.0
3010,4,3.0,65,2.0,"98115",1240000.0
1050,3,1.0,61,1.0,"98133",250000.0
3360,6,2.75,53,1.0,"98052",735000.0
5370,7,4.75,48,1.5,"98040",884900.0
2690,3,3.5,67,2.0,"98072",775000.0
1710,3,1.75,67,1.0,"98155",463000.0
1640,3,2.5,6,3.0,"98112",579000.0
4000,6,3.75,11,2.0,"98058",570000.0
4140,5,4.5,10,2.0,"98074",1060000.0
3140,4,2.75,44,1.0,"98042",375000.0
1320,2,1.75,77,1.0,"98117",422000.0
3080,4,3.5,1,2.0,"98126",866500.0
2500,3,2.5,29,2.0,"98074",705000.0
2520,4,2.5,21,2.0,"98045",470000.0
2350,3,1.25,49,1.0,"98007",360000.0
2570,4,2.5,67,1.0,"98155",795000.0
3100,4,2.5,12,2.0,"98034",800000.0
4730,4,3.5,80,1.5,"98112",2453500.0
1030,3,1.75,88,1.0,"98126",277284.0
1020,2,1.0,62,1.0,"98116",460000.0
2080,3,2.5,19,2.0,"98033",898888.0
1410,3,1.0,34,1.0,"98019",211000.0
1360,2,2.0,11,2.0,"98038",222000.0
2620,3,2.5,23,2.0,"98053",672000.0
2260,3,2.25,41,1.0,"98005",778000.0
1490,3,1.75,39,1.0,"98058",312500.0
2530,4,2.5,40,1.5,"98115",650000.0
3140,6,2.25,56,1.0,"98005",740000.0
1820,3,2.0,43,1.0,"98059",320000.0
1770,4,2.5,25,2.0,"98019",455000.0
4430,5,4.0,2,2.0,"98004",2450000.0
1490,3,3.25,14,3.0,"98102",500000.0
1790,3,1.75,37,1.0,"98065",325000.0
1710,3,2.5,11,3.0,"98103",416000.0
2070,4,2.25,47,2.0,"98072",495000.0
1140,2,1.0,107,1.0,"98112",549000.0
3930,5,2.0,47,1.5,"98008",589000.0
1100,3,1.5,48,1.0,"98001",194820.0
2260,3,2.5,105,1.5,"98117",405000.0
2260,3,2.5,105,1.5,"98117",625000.0
1130,3,1.0,61,1.0,"98168",205000.0
1950,3,3.75,56,1.0,"98178",345100.0
960,3,1.0,62,1.0,"98178",200000.0
4210,4,3.5,14,2.0,"98039",1905000.0
3430,3,1.5,27,1.0,"98045",524500.0
3470,4,2.75,22,2.0,"98019",598600.0
2140,5,3.0,37,1.0,"98118",367777.0
2520,3,2.75,69,1.0,"98119",750000.0
3550,5,2.25,47,2.0,"98034",575000.0
700,2,1.0,66,1.0,"98168",84000.0
740,2,1.0,89,1.0,"98118",255000.0
3300,4,3.75,89,1.5,"98105",1740000.0
1640,3,2.25,38,1.0,"98106",415000.0
2780,3,2.5,25,2.0,"98198",449900.0
1830,5,1.5,86,1.5,"98031",220000.0
3540,4,2.5,12,2.0,"98052",899000.0
1440,3,2.5,61,1.0,"98125",430000.0
2960,4,2.5,14,2.0,"98030",472500.0
3180,6,2.5,48,1.0,"98006",680000.0
3310,5,4.0,15,2.0,"98033",1650000.0
2390,3,2.0,94,2.0,"98105",810000.0
2460,3,2.5,38,2.0,"98027",605000.0
1630,3,1.75,57,1.0,"98033",522000.0
3490,5,2.75,10,2.0,"98075",759000.0
2500,4,2.75,49,2.0,"98118",411000.0
2080,4,2.5,31,1.0,"98001",286950.0
1290,3,1.5,15,3.0,"98103",440000.0
1700,3,1.0,60,1.0,"98146",149000.0
1700,3,1.0,60,1.0,"98146",284700.0
2540,3,2.5,51,1.0,"98028",374950.0
1180,3,1.5,63,1.0,"98004",816000.0
1520,4,1.75,55,1.0,"98027",533250.0
2390,3,2.75,73,1.0,"98133",689800.0
2740,4,2.75,68,1.5,"98125",775000.0
2190,3,2.5,24,1.0,"98033",702000.0
1350,3,1.0,73,1.5,"98188",160000.0
1350,3,1.0,73,1.5,"98188",255500.0
2980,4,2.75,42,1.0,"98005",949000.0
790,2,1.0,71,1.0,"98058",169500.0
2130,4,2.25,50,2.0,"98006",586000.0
2700,4,2.5,37,1.0,"98072",680000.0
3200,3,2.0,38,1.0,"98005",851500.0
1159,2,1.5,67,1.0,"98199",582500.0
3080,4,3.5,7,2.0,"98019",637000.0
1000,3,1.0,60,1.0,"98146",225000.0
2260,3,3.25,12,2.0,"98119",795000.0
2270,4,2.25,39,1.0,"98023",304999.0
760,1,0.75,100,1.0,"98002",95000.0
1420,4,1.75,73,1.0,"98056",240000.0
2500,4,2.5,57,1.0,"98004",772000.0
1450,2,1.5,32,1.0,"98198",245000.0
2500,5,3.0,16,1.0,"98126",430000.0
2210,3,1.5,99,1.5,"98144",799000.0
3020,5,2.75,8,2.0,"98033",880000.0
3290,4,2.5,11,2.0,"98075",750000.0
5780,4,4.0,7,2.0,"98112",2890000.0
1820,3,2.5,22,2.0,"98029",532000.0
2500,4,2.75,37,1.0,"98155",525000.0
1210,2,1.0,63,1.0,"98198",239000.0
1090,2,1.5,64,1.0,"98116",460000.0
1330,4,2.25,53,1.5,"98005",540000.0
890,2,1.0,92,1.0,"98117",475000.0
1360,3,1.75,47,1.0,"98108",445000.0
4220,5,3.75,24,2.0,"98040",1575000.0
3780,4,2.5,11,2.0,"98038",549950.0
2610,4,2.0,75,1.5,"98188",294950.0
1980,3,2.5,22,3.0,"98109",736000.0
1290,3,1.75,35,1.0,"98042",214946.0
3620,5,3.25,12,2.0,"98029",856000.0
2680,2,2.5,11,1.0,"98053",775000.0
1200,3,1.75,56,1.0,"98198",205000.0
1992,2,2.75,112,1.5,"98070",429592.0
1640,4,1.75,38,1.0,"98072",414250.0
1920,4,2.75,109,1.0,"98106",399950.0
1840,3,2.25,36,1.0,"98031",319990.0
1310,3,1.5,45,1.0,"98052",524000.0
1050,2,1.0,102,1.5,"98019",349950.0
2570,4,2.5,88,1.5,"98105",889000.0
930,3,1.0,96,1.5,"98106",300000.0
730,1,1.0,104,1.0,"98107",395000.0
1270,2,2.5,7,3.0,"98117",348000.0
1150,2,1.0,94,1.0,"98033",830000.0
820,2,1.0,50,1.0,"98055",173000.0
3000,4,1.75,65,1.0,"98056",585000.0
2220,3,2.0,49,1.0,"98116",576750.0
2500,5,3.25,53,1.0,"98106",495000.0
1540,3,3.5,8,2.0,"98109",216650.0
2750,4,2.75,37,1.0,"98155",615000.0
3130,4,2.5,37,1.0,"98006",675000.0
1430,3,2.0,32,1.0,"98052",510000.0
2680,3,2.5,20,2.0,"98010",630000.0
3010,4,2.5,12,2.0,"98042",359950.0
1530,3,1.5,29,1.5,"98038",265000.0
1240,3,1.0,99,1.0,"98118",210000.0
2260,3,2.5,17,1.0,"98022",367000.0
2820,4,2.25,89,1.5,"98122",1075000.0
3560,3,2.5,67,1.0,"98199",756000.0
1630,3,2.25,55,1.0,"98146",203000.0
2880,4,2.5,13,2.0,"98022",535000.0
2200,3,3.25,68,2.0,"98118",525000.0
1620,3,1.75,34,1.0,"98059",347500.0
1480,3,1.75,10,2.5,"98034",620000.0
2250,4,2.5,19,2.0,"98006",645000.0
3540,4,3.0,75,2.0,"98112",2200000.0
1790,3,2.0,25,1.0,"98092",280000.0
1400,3,2.0,91,1.0,"98125",432000.0
2390,3,1.5,86,2.0,"98126",790000.0
2400,4,1.75,58,1.0,"98008",635000.0
2050,3,1.5,57,1.0,"98126",442000.0
2640,4,3.0,14,2.0,"98065",490000.0
2320,5,1.75,53,1.0,"98001",250000.0
2440,4,2.5,113,2.5,"98119",1325000.0
1260,3,1.0,61,1.0,"98198",120000.0
6240,5,4.75,12,1.0,"98040",2950000.0
1930,4,2.5,22,2.0,"98038",325000.0
1200,4,1.75,47,1.0,"98092",210000.0
970,1,1.0,95,1.0,"98166",215000.0
1810,3,1.75,47,1.0,"98056",387000.0
1380,3,1.0,90,1.5,"98117",408000.0
1470,3,1.0,62,1.0,"98166",410000.0
1010,3,1.0,90,1.0,"98126",216000.0
1010,3,1.0,90,1.0,"98126",390000.0
1340,3,1.5,65,1.0,"98146",357000.0
970,3,1.0,45,1.0,"98031",215000.0
1122,3,1.0,115,1.5,"98118",265000.0
1670,3,2.75,1,3.0,"98116",589950.0
2840,3,1.75,65,1.0,"98155",440000.0
770,2,1.0,101,1.0,"98027",248000.0
2040,3,2.25,38,2.0,"98072",730000.0
3052,4,2.5,11,2.0,"98003",425000.0
2620,3,2.5,38,2.0,"98004",680000.0
3120,5,2.25,35,2.0,"98023",341500.0
1100,2,1.0,65,1.0,"98105",395000.0
3410,4,2.75,53,1.5,"98005",1225000.0
2510,5,2.75,40,1.0,"98052",695500.0
1680,3,1.75,38,1.0,"98198",308000.0
1960,3,2.0,38,1.0,"98038",422500.0
1040,2,1.0,100,1.0,"98136",418000.0
1750,5,1.5,54,1.5,"98028",385000.0
2170,3,3.25,87,1.5,"98040",876650.0
1639,3,2.5,12,2.0,"98144",450000.0
2100,4,2.25,42,1.0,"98028",418800.0
880,2,1.0,70,2.0,"98199",330000.0
1940,3,1.75,52,1.0,"98006",550000.0
2490,4,2.5,25,1.0,"98148",270000.0
2060,3,2.25,75,2.0,"98199",978500.0
2720,4,2.5,34,2.0,"98006",975000.0
2180,3,2.25,42,1.0,"98034",455000.0
3600,4,3.25,24,2.0,"98034",1415000.0
840,2,1.0,64,1.0,"98168",220000.0
2370,3,2.0,45,2.0,"98033",490000.0
2270,4,2.25,37,2.0,"98034",420000.0
2720,4,2.5,12,2.0,"98092",408500.0
1140,3,1.5,100,1.5,"98109",716000.0
2460,4,2.5,77,2.0,"98112",965000.0
1240,3,1.5,47,1.0,"98072",357823.0
1670,3,2.25,38,1.0,"98125",425000.0
2220,4,1.75,62,1.0,"98116",711777.0
980,3,1.0,49,1.0,"98028",335000.0
1890,4,1.5,96,1.5,"98116",825000.0
1100,2,1.0,115,1.5,"98108",210000.0
2770,2,1.75,32,2.0,"98177",575000.0
4250,4,2.75,12,2.0,"98059",1208000.0
1370,2,2.0,10,1.0,"98053",431500.0
1480,3,1.5,56,1.0,"98007",475000.0
3770,4,3.75,99,2.5,"98122",1495000.0
2870,6,3.0,55,2.0,"98042",540000.0
3820,3,2.5,28,2.0,"98053",775000.0
1530,3,2.5,18,1.0,"98117",635000.0
4120,3,2.75,16,1.0,"98059",1300000.0
1590,3,2.25,39,1.0,"98133",405000.0
1520,3,1.0,64,1.0,"98168",210000.0
2350,4,2.5,92,2.0,"98112",880000.0
1370,4,2.0,60,1.5,"98188",239000.0
1540,3,2.5,71,1.0,"98126",515000.0
3786,3,3.25,37,1.0,"98070",1379900.0
1500,4,2.25,16,2.0,"98001",215000.0
1750,6,2.0,72,1.0,"98056",315000.0
1800,3,1.5,58,1.0,"98133",442500.0
1180,2,1.75,74,1.0,"98042",311000.0
830,2,1.0,90,1.0,"98103",425000.0
1540,3,1.75,96,1.0,"98103",433500.0
1610,3,2.25,37,2.0,"98115",450000.0
1990,3,2.25,28,2.0,"98052",675000.0
2070,3,2.5,16,2.0,"98074",535000.0
1760,3,1.75,48,1.0,"98005",577000.0
1740,3,1.75,76,1.0,"98125",480000.0
1950,3,1.5,101,1.0,"98034",400000.0
1280,3,1.0,68,1.5,"98155",304000.0
1460,3,1.75,25,1.0,"98056",355000.0
3770,4,3.25,23,2.0,"98058",998000.0
2410,4,1.75,79,2.0,"98074",550000.0
1400,3,1.75,67,2.0,"98178",210000.0
2100,3,2.5,25,2.0,"98023",317000.0
5360,4,3.5,44,1.0,"98074",700000.0
1000,3,1.0,46,1.0,"98059",265000.0
3150,4,3.5,14,2.0,"98075",700000.0
4180,5,3.5,25,2.0,"98075",1020000.0
2840,4,2.25,43,1.0,"98004",1145000.0
2110,4,2.5,30,1.0,"98027",460000.0
1660,2,1.5,65,1.0,"98115",410000.0
2160,4,3.0,94,1.0,"98122",665000.0
2420,4,2.5,21,2.0,"98056",600000.0
1920,4,1.75,48,1.0,"98133",502000.0
2310,4,2.5,37,2.0,"98019",364950.0
2330,3,2.25,88,1.5,"98115",680000.0
2340,5,2.5,48,1.0,"98003",235500.0
2590,4,2.5,14,2.0,"98065",576000.0
1410,2,3.0,9,2.0,"98136",405000.0
2850,3,2.75,26,1.0,"98031",335000.0
730,2,1.0,62,1.0,"98148",122000.0
1470,3,1.75,76,1.0,"98155",432000.0
2330,4,2.25,41,1.0,"98058",375000.0
2460,4,2.25,56,1.0,"98002",276000.0
2080,3,2.25,38,1.5,"98072",450000.0
990,2,1.0,105,1.0,"98116",210000.0
1450,3,2.5,4,2.0,"98038",279000.0
1340,3,1.75,115,2.0,"98107",635000.0
2730,3,2.5,17,2.0,"98023",350000.0
1140,3,1.0,57,1.0,"98058",218000.0
1950,4,1.5,71,1.5,"98115",750000.0
2000,4,1.75,57,1.0,"98023",310597.0
900,3,1.0,92,1.0,"98034",355000.0
3390,5,2.75,11,2.0,"98075",735000.0
720,1,1.0,75,1.0,"98108",155000.0
940,3,1.0,50,1.0,"98052",354000.0
1770,3,1.75,33,1.0,"98028",415000.0
590,1,1.0,89,1.0,"98122",202000.0
1980,3,2.5,19,2.0,"98107",580000.0
3070,4,3.25,53,2.0,"98004",1495000.0
3500,4,2.5,11,2.0,"98053",790000.0
2100,3,2.5,16,2.0,"98065",499900.0
2620,4,2.25,63,1.0,"98070",525000.0
2810,4,2.5,26,2.0,"98006",810000.0
2290,4,1.5,68,1.0,"98133",425000.0
1350,3,1.75,22,1.0,"98010",241250.0
2770,4,2.5,54,1.0,"98003",318700.0
2530,4,1.75,98,1.5,"98103",720000.0
1280,3,1.0,74,1.5,"98024",291000.0
1060,3,1.75,32,1.0,"98077",420000.0
1000,2,1.75,40,1.0,"98198",210000.0
3870,3,3.25,24,2.0,"98106",645000.0
3370,5,2.0,108,1.5,"98109",762000.0
2290,4,1.75,79,1.0,"98146",247500.0
1670,3,2.25,25,2.0,"98042",282500.0
1460,3,1.75,54,1.0,"98027",395000.0
1770,3,1.75,55,1.0,"98148",295000.0
820,2,1.0,61,1.0,"98056",235000.0
1900,3,1.75,67,1.0,"98105",770000.0
1870,2,2.0,9,1.0,"98053",559950.0
1840,4,2.0,73,1.0,"98199",639000.0
1590,3,1.0,48,1.0,"98058",314950.0
1640,3,1.0,69,1.0,"98118",525000.0
3000,3,2.25,14,1.5,"98075",2400000.0
2160,3,1.75,55,1.0,"98115",820000.0
2490,3,3.0,104,2.0,"98119",1385000.0
1290,3,2.0,65,1.0,"98116",521450.0
3190,3,2.5,27,2.0,"98074",760750.0
1540,4,1.0,92,1.5,"98031",759600.0
2140,3,2.0,49,1.0,"98056",346150.0
980,2,1.0,89,1.0,"98103",390000.0
2450,5,2.25,42,2.0,"98058",359950.0
1360,3,2.0,91,1.5,"98116",430000.0
4610,4,3.5,15,2.0,"98075",960000.0
7480,7,6.75,62,2.0,"98166",800000.0
2860,3,2.5,16,2.0,"98005",1010000.0
1810,3,2.0,45,1.0,"98045",290000.0
2240,4,2.0,67,1.0,"98004",1350000.0
3610,3,3.25,12,2.0,"98027",777000.0
1450,2,1.0,94,1.5,"98107",526000.0
1450,3,3.5,8,2.0,"98119",550000.0
1820,3,1.5,57,1.0,"98198",276000.0
5620,5,3.25,99,2.0,"98144",2500000.0
2080,3,1.75,65,1.0,"98118",325000.0
1780,3,2.5,8,3.0,"98126",365000.0
4340,8,6.0,48,2.0,"98004",2150000.0
2860,4,3.25,90,2.0,"98115",825050.0
2540,3,1.5,56,1.0,"98115",690000.0
1140,4,1.0,57,1.5,"98126",390000.0
1320,3,2.0,20,3.0,"98117",385000.0
2040,3,2.5,28,2.0,"98029",619000.0
1790,4,2.25,32,1.0,"98045",494000.0
1910,3,2.0,60,1.0,"98034",412450.0
1460,3,1.75,87,2.0,"98117",580000.0
1420,3,1.5,58,1.0,"98042",269900.0
1790,4,1.5,87,1.5,"98144",704300.0
1390,3,2.0,10,2.0,"98022",267000.0
1880,4,1.75,39,1.0,"98023",310000.0
1570,3,1.5,107,2.0,"98118",227064.0
2690,3,2.5,72,2.0,"98115",925000.0
1670,3,1.75,23,1.0,"98022",245000.0
1040,3,1.0,46,1.0,"98034",339888.0
1560,4,2.0,47,1.0,"98034",439000.0
1470,2,1.0,75,1.0,"98115",400000.0
2070,3,2.25,60,1.5,"98155",560000.0
1370,2,1.0,74,1.0,"98199",703011.0
1120,2,1.0,89,1.0,"98126",363000.0
2640,4,2.75,14,2.0,"98075",650000.0
1030,3,1.0,43,1.0,"98034",299950.0
1120,3,1.0,73,1.0,"98168",228950.0
1730,4,1.75,59,1.0,"98008",465000.0
2090,3,2.5,32,2.0,"98006",725000.0
920,3,1.0,38,1.0,"98001",212500.0
2970,4,2.25,32,2.0,"98058",526000.0
1720,3,2.5,22,2.0,"98028",383000.0
1460,3,1.75,27,1.0,"98055",244000.0
1540,3,1.5,85,1.5,"98105",565000.0
2850,8,3.0,56,1.0,"98055",373000.0
1310,3,2.0,53,1.0,"98034",300000.0
2430,5,2.5,14,2.0,"98058",405000.0
1700,3,1.5,61,1.0,"98004",979000.0
2160,4,1.75,37,2.0,"98092",324888.0
860,3,1.5,86,1.0,"98117",445000.0
2050,3,3.5,9,2.0,"98112",761000.0
1650,4,2.0,43,1.0,"98034",435000.0
1570,3,2.25,24,1.0,"98022",252000.0
1660,3,1.75,58,1.5,"98133",350000.0
1220,3,1.0,60,1.0,"98039",875000.0
1220,3,1.0,60,1.0,"98039",940000.0
1780,3,2.0,51,1.0,"98148",280000.0
2180,3,2.5,11,2.0,"98011",450000.0
3520,3,2.5,11,2.5,"98092",905000.0
2220,3,2.5,17,2.0,"98001",382450.0
1610,3,2.0,48,1.0,"98042",246700.0
1070,3,1.5,59,1.0,"98155",220000.0
1060,3,1.0,102,1.0,"98118",555750.0
1160,3,1.5,53,1.0,"98118",262500.0
910,2,1.0,66,1.0,"98115",515000.0
2970,3,2.5,17,2.0,"98059",499500.0
790,1,1.0,73,1.0,"98168",135000.0
1540,2,2.0,67,2.0,"98136",462500.0
3130,4,2.5,59,1.0,"98177",937500.0
1470,3,1.5,74,1.0,"98125",458000.0
3160,4,2.75,82,1.5,"98199",845000.0
2675,3,2.25,31,2.0,"98075",660000.0
1340,3,2.0,28,1.0,"98030",265000.0
3830,9,4.5,77,2.5,"98103",599999.0
1800,3,2.5,28,2.0,"98023",280000.0
2990,3,3.25,41,2.0,"98072",1055000.0
3720,4,3.0,55,1.0,"98005",875000.0
920,3,1.0,54,1.0,"98002",125000.0
3280,4,3.0,10,2.0,"98053",634800.0
1440,4,1.0,51,1.0,"98001",269950.0
1940,3,2.25,34,1.0,"98178",359950.0
1590,3,1.75,36,1.0,"98056",417000.0
1340,2,2.0,8,1.0,"98053",389000.0
3770,4,2.5,18,2.0,"98006",1038000.0
2680,6,2.5,48,1.0,"98033",698000.0
2820,4,2.5,7,2.0,"98155",685000.0
1520,3,1.75,83,1.0,"98168",198500.0
2560,4,2.5,3,2.0,"98042",350000.0
3310,3,2.5,96,1.0,"98038",649950.0
1540,3,1.5,47,1.0,"98011",441000.0
1430,3,1.75,51,1.0,"98052",462600.0
2506,4,2.5,9,2.0,"98030",365070.0
2250,4,2.0,59,1.0,"98005",550000.0
2740,5,1.75,70,1.0,"98144",470000.0
1540,3,1.75,38,1.0,"98024",340000.0
4190,4,2.75,50,1.0,"98005",910000.0
1690,4,1.75,36,1.0,"98028",405000.0
1990,4,2.25,83,1.5,"98126",661000.0
2410,4,2.5,22,2.0,"98034",635000.0
1150,2,1.0,67,1.0,"98125",282000.0
1720,4,1.75,59,2.0,"98188",235000.0
1260,3,2.0,34,2.0,"98023",277500.0
2020,5,2.5,37,1.0,"98058",346500.0
2240,5,2.25,56,1.0,"98136",480000.0
1930,4,2.25,19,2.0,"98019",360000.0
1820,3,2.5,21,1.0,"98092",245000.0
1560,3,3.5,20,2.0,"98102",625000.0
2170,5,3.0,104,1.5,"98115",750500.0
1600,3,1.75,38,1.0,"98072",525000.0
3760,4,3.5,17,2.0,"98053",740000.0
1240,3,1.5,58,1.0,"98008",523000.0
1090,3,1.75,86,1.5,"98118",292000.0
2740,4,2.5,54,1.0,"98177",625000.0
3110,3,2.5,13,2.0,"98065",700000.0
1610,3,2.5,8,2.0,"98144",399950.0
1880,4,3.5,8,3.0,"98122",545000.0
1740,4,2.0,61,1.0,"98133",339999.0
3270,4,2.25,106,2.0,"98122",1210000.0
1990,3,2.5,12,2.0,"98075",545000.0
1960,4,1.75,48,1.0,"98023",260000.0
1680,3,1.75,23,1.0,"98115",526000.0
2910,4,3.0,12,2.0,"98059",701000.0
580,1,1.0,107,1.0,"98117",330600.0
2540,3,1.75,66,1.0,"98177",550500.0
950,2,1.0,66,1.0,"98126",430000.0
810,2,1.0,87,1.0,"98126",260600.0
4080,5,3.0,54,2.0,"98103",825000.0
1820,4,2.0,59,1.0,"98155",378950.0
2650,4,2.5,15,2.0,"98019",435000.0
1670,3,2.25,0,2.0,"98115",631000.0
2480,3,2.5,29,2.0,"98058",415000.0
1240,3,1.75,48,1.0,"98003",222000.0
1390,3,2.0,28,1.0,"98042",245000.0
2880,3,2.5,30,2.0,"98074",720000.0
1060,3,1.0,55,1.0,"98032",215000.0
1070,2,1.0,91,1.0,"98103",579100.0
1640,4,1.75,72,1.5,"98056",522500.0
1510,3,2.0,43,1.0,"98115",489000.0
1230,3,1.0,90,1.5,"98106",240000.0
1510,3,2.0,8,1.0,"98053",420250.0
3180,4,2.5,48,2.0,"98034",523000.0
2260,4,2.0,57,1.0,"98115",628000.0
1920,4,2.5,25,2.0,"98031",320000.0
1980,3,2.5,16,2.0,"98055",359950.0
1200,2,1.0,57,1.0,"98198",232000.0
2020,4,2.25,54,1.0,"98115",810000.0
2010,4,1.5,94,1.5,"98002",245000.0
1930,3,2.25,31,1.0,"98003",273000.0
2710,5,2.5,56,1.0,"98004",1191000.0
1950,5,1.0,98,1.5,"98136",438000.0
2110,3,1.75,56,1.0,"98055",400000.0
1250,3,1.0,64,1.0,"98126",340000.0
1380,2,2.5,9,3.0,"98103",552000.0
2050,3,1.75,24,2.0,"98105",790000.0
1800,3,1.5,84,2.0,"98168",360000.0
1310,3,1.0,81,1.0,"98168",235000.0
1010,2,1.0,102,1.0,"98107",775000.0
1850,3,2.75,50,1.5,"98034",489200.0
1750,3,2.25,38,2.0,"98058",341000.0
2154,4,2.5,3,2.0,"98030",335000.0
1230,3,1.75,11,2.0,"98116",393500.0
1960,3,2.0,75,1.0,"98178",360000.0
1070,4,1.0,92,1.0,"98126",400800.0
1450,3,1.0,76,1.0,"98199",585000.0
3680,4,2.75,79,2.0,"98105",1600000.0
5760,4,2.5,21,2.0,"98177",2880500.0
1220,3,1.0,60,1.0,"98133",300000.0
2950,4,2.75,103,2.0,"98103",1045000.0
1340,3,1.5,16,2.0,"98117",360000.0
2870,4,2.25,89,2.0,"98146",665900.0
2590,4,1.0,104,1.5,"98118",470000.0
2090,4,1.75,52,1.0,"98052",581000.0
3000,6,3.5,36,1.0,"98125",527000.0
1730,4,1.75,60,1.0,"98007",423000.0
2850,4,3.5,89,1.5,"98103",875000.0
1020,3,1.0,64,1.0,"98116",410000.0
2200,3,2.5,18,2.0,"98072",606000.0
3240,3,2.5,18,2.0,"98045",654000.0
490,3,0.75,56,1.5,"98014",150000.0
2990,3,2.5,12,1.0,"98106",373000.0
2450,5,2.0,115,1.0,"98133",550000.0
1900,3,2.5,25,2.0,"98033",512500.0
2640,4,2.5,12,2.0,"98038",360000.0
1340,3,2.0,18,3.0,"98117",369000.0
3220,4,2.5,12,2.0,"98033",825000.0
930,3,2.0,37,1.0,"98045",255000.0
3240,4,2.5,69,1.0,"98105",1285000.0
2630,5,2.5,47,1.5,"98002",270000.0
1730,3,2.5,19,2.0,"98029",480680.0
2120,4,1.75,50,1.0,"98007",525000.0
880,3,1.0,69,1.5,"98155",291500.0
1800,4,2.0,41,1.0,"98059",305000.0
1600,3,1.75,17,1.0,"98002",285000.0
3280,3,2.5,90,2.0,"98199",1875000.0
3290,5,1.75,47,1.0,"98030",329500.0
2890,4,2.25,31,3.0,"98056",1570000.0
1730,3,2.5,24,1.0,"98198",379260.0
1590,3,2.5,15,2.0,"98065",356000.0
1710,4,1.75,59,1.0,"98007",571900.0
1995,3,1.75,58,2.0,"98198",271500.0
1300,3,1.75,48,1.0,"98034",390000.0
2720,3,2.5,30,1.0,"98038",550000.0
1360,2,2.5,16,2.0,"98102",755000.0
1590,2,2.5,21,2.0,"98199",509500.0
1200,2,1.0,73,1.0,"98103",486700.0
1170,2,1.0,105,1.5,"98103",527500.0
2010,5,2.5,103,1.5,"98119",475000.0
1880,3,2.75,14,2.0,"98108",268000.0
3250,3,2.0,37,2.0,"98075",562000.0
2270,4,2.5,40,1.0,"98040",780000.0
3680,9,3.0,107,2.0,"98102",700000.0
1880,3,2.0,84,1.0,"98109",710000.0
1050,3,1.0,68,1.0,"98115",445000.0
2250,3,3.25,10,1.0,"98038",729000.0
1689,3,3.25,7,3.0,"98125",384400.0
2860,6,3.0,53,1.0,"98006",815000.0
2710,4,2.5,25,3.0,"98122",865000.0
1770,3,2.0,48,1.0,"98033",514000.0
2820,4,2.75,50,1.0,"98006",615000.0
3400,4,3.25,35,1.0,"98072",865000.0
3110,4,2.5,11,2.0,"98052",755000.0
1480,4,1.0,62,1.0,"98155",425000.0
940,2,1.0,105,1.0,"98136",375000.0
2680,4,2.5,6,2.0,"98052",750000.0
3190,4,2.75,10,2.0,"98075",722000.0
1920,3,2.5,66,2.0,"98119",1011000.0
2610,3,2.5,19,2.0,"98052",725000.0
1040,3,0.75,68,1.0,"98055",170000.0
2880,4,3.25,33,1.0,"98005",845000.0
1450,3,2.0,24,2.0,"98022",271900.0
3902,6,4.5,38,3.0,"98116",1300000.0
2460,4,2.5,38,1.0,"98023",261500.0
2170,3,2.5,12,2.0,"98029",619500.0
1970,5,2.25,29,1.0,"98024",435000.0
1000,3,1.0,61,1.0,"98133",210000.0
1580,3,2.0,106,1.0,"98117",489950.0
2130,4,1.5,53,1.0,"98032",260000.0
1370,4,1.0,66,1.0,"98155",300000.0
2150,4,2.0,49,1.0,"98003",530000.0
1370,3,1.75,38,1.0,"98092",235000.0
1370,3,1.0,97,2.0,"98105",593500.0
3290,3,3.0,40,2.0,"98070",562000.0
3190,3,2.0,21,2.0,"98022",585000.0
4140,4,3.25,38,1.0,"98004",2400000.0
1690,3,1.75,29,1.0,"98030",199500.0
1690,5,1.0,101,1.5,"98115",544500.0
1430,3,1.0,53,1.0,"98034",394900.0
1980,4,3.75,6,2.0,"98103",912000.0
1490,3,2.5,25,2.0,"98042",260000.0
3620,5,3.0,51,1.0,"98006",858000.0
2720,4,2.5,52,1.0,"98040",1275000.0
1490,4,1.75,45,1.0,"98031",242150.0
1230,3,1.75,29,1.0,"98023",220000.0
1900,3,2.0,38,1.0,"98023",235000.0
1530,3,1.75,37,1.0,"98133",370000.0
2290,3,1.75,34,1.0,"98077",450000.0
2240,5,1.5,59,1.0,"98125",534950.0
3470,4,2.5,10,2.0,"98065",730000.0
3050,4,2.5,32,1.0,"98030",465000.0
1100,3,1.0,60,1.0,"98030",178000.0
1610,3,1.0,39,1.0,"98031",215000.0
1910,3,2.75,31,1.0,"98023",300000.0
1510,3,2.0,42,1.0,"98125",430000.0
1280,3,1.5,30,2.0,"98002",183000.0
1910,3,2.5,8,2.5,"98199",585000.0
1170,3,1.0,46,2.0,"98092",192950.0
1550,2,1.0,85,1.0,"98117",599000.0
1060,3,1.0,47,1.0,"98106",326500.0
1040,2,1.0,71,1.0,"98133",358803.0
1550,3,2.5,16,2.0,"98033",537000.0
2490,3,2.5,54,1.0,"98146",1155000.0
920,2,1.0,65,1.0,"98002",156000.0
1250,3,1.0,76,1.5,"98022",219000.0
2540,3,1.5,93,2.0,"98119",1190000.0
2190,5,1.75,37,1.0,"98030",248000.0
1340,3,1.75,28,1.0,"98010",340000.0
2410,5,2.5,40,1.0,"98040",899100.0
1830,3,1.75,52,1.0,"98155",346950.0
1850,3,1.0,87,2.0,"98108",330000.0
1410,3,1.0,61,1.0,"98177",325000.0
1460,3,1.75,40,1.0,"98058",315000.0
1500,3,2.5,1,2.0,"98119",649950.0
1130,3,1.0,73,1.5,"98133",316000.0
1620,2,2.5,7,2.0,"98065",386000.0
2330,2,1.75,33,1.0,"98188",535000.0
1520,3,3.0,12,3.0,"98115",600000.0
2840,4,2.5,14,2.0,"98022",339000.0
1520,3,2.0,66,1.0,"98166",167000.0
1740,3,1.0,63,1.0,"98118",430000.0
4000,4,4.0,8,2.0,"98065",688000.0
2780,3,2.25,67,1.0,"98199",834500.0
3500,4,4.25,64,1.0,"98177",1075000.0
1060,3,1.0,55,1.0,"98030",250000.0
1290,3,1.0,89,1.5,"98118",402500.0
2390,3,2.5,37,1.0,"98034",432500.0
2460,5,1.75,43,1.0,"98028",485000.0
2930,4,2.75,37,1.0,"98023",560000.0
2200,4,2.25,25,2.0,"98155",410000.0
1870,3,2.5,35,1.0,"98034",455000.0
2060,4,2.5,40,1.0,"98155",459500.0
1610,4,1.75,47,1.0,"98034",371000.0
2120,3,2.25,13,2.0,"98092",289500.0
1450,3,3.5,8,2.0,"98199",395000.0
1980,2,1.0,92,1.0,"98144",496752.0
860,2,1.0,72,1.0,"98133",227000.0
1460,3,1.75,30,1.0,"98056",330000.0
2590,5,2.0,57,1.0,"98008",480000.0
1120,2,1.0,39,1.0,"98019",290000.0
1340,3,1.0,70,1.5,"98032",281000.0
1780,4,1.5,89,1.5,"98118",705000.0
2920,4,2.5,106,1.5,"98105",1400000.0
2820,4,3.25,57,1.0,"98155",485000.0
1550,3,2.25,12,3.0,"98107",622000.0
1600,3,2.25,57,1.0,"98022",380000.0
3190,4,2.75,33,2.0,"98034",2125000.0
1960,3,1.75,76,1.0,"98115",561500.0
970,3,1.0,43,1.0,"98045",242000.0
1360,3,1.5,49,1.0,"98059",348500.0
1360,3,1.5,49,1.0,"98059",370000.0
3810,6,3.75,38,2.0,"98103",752000.0
1340,3,1.75,30,1.0,"98042",230000.0
1990,3,2.25,3,3.0,"98118",715000.0
1120,3,1.75,47,1.0,"98198",240415.0
2060,4,1.75,93,1.5,"98105",562000.0
1170,3,1.5,98,1.0,"98126",360000.0
1610,3,2.5,1,2.0,"98119",659950.0
1890,3,2.0,3,2.0,"98136",458500.0
1680,3,1.75,26,1.0,"98055",366000.0
2890,4,2.75,1,2.0,"98006",978000.0
1360,2,1.0,68,1.0,"98115",525000.0
1660,3,1.5,108,2.0,"98119",926300.0
1620,2,1.0,64,1.0,"98115",750000.0
960,2,1.0,73,1.0,"98033",660000.0
1000,4,1.75,68,1.5,"98155",305000.0
2395,2,2.5,12,1.0,"98053",800000.0
3050,4,1.75,49,1.0,"98034",600000.0
1120,2,1.0,43,1.5,"98010",435000.0
2960,4,3.25,8,2.0,"98119",1135000.0
1250,3,2.25,7,3.0,"98133",318000.0
1940,4,2.0,105,1.0,"98107",639000.0
1750,3,2.5,38,2.0,"98052",453000.0
2150,4,1.75,60,1.0,"98004",800000.0
1500,2,1.75,73,1.0,"98117",437000.0
3230,3,2.75,90,2.0,"98023",1150000.0
3000,4,2.5,30,2.0,"98034",490000.0
1520,4,1.75,48,1.0,"98034",499950.0
1190,3,1.5,47,1.0,"98042",160134.0
990,3,1.0,62,1.0,"98148",191000.0
1250,3,1.0,50,1.0,"98001",221000.0
2080,4,2.0,55,1.0,"98118",352800.0
1640,3,2.5,27,2.0,"98019",350000.0
1550,4,1.5,97,1.5,"98105",458000.0
1290,3,1.0,55,1.0,"98092",359950.0
3250,3,3.0,11,2.0,"98146",1050000.0
1260,3,1.75,73,1.0,"98108",353000.0
2840,3,3.5,9,3.0,"98052",717550.0
1960,3,2.25,38,2.0,"98052",450000.0
760,3,1.0,112,1.0,"98118",167500.0
2240,3,1.75,39,2.0,"98070",550000.0
2240,4,2.25,45,2.0,"98040",939000.0
1820,3,1.75,67,1.0,"98146",700000.0
3370,4,3.5,10,2.0,"98045",480000.0
1160,3,1.0,86,1.0,"98105",501000.0
1640,3,2.25,28,1.0,"98052",580000.0
820,1,0.75,16,1.0,"98065",527550.0
2800,4,2.5,10,2.0,"98038",399000.0
1780,3,1.75,58,1.5,"98146",240000.0
2200,4,2.75,26,1.0,"98092",353000.0
1480,4,2.0,105,1.0,"98108",335000.0
2010,3,3.0,14,2.0,"98118",475000.0
2880,3,2.0,89,1.5,"98117",660000.0
940,3,1.0,115,1.0,"98107",551000.0
1620,4,1.75,47,1.0,"98030",249950.0
4400,4,3.25,27,2.0,"98075",1150000.0
1530,3,1.75,60,1.0,"98116",575000.0
3460,4,2.75,41,1.0,"98006",1088890.0
2890,4,2.5,9,2.0,"98065",515000.0
1980,3,1.5,56,1.0,"98168",235000.0
1980,3,1.0,103,1.5,"98102",796000.0
1450,2,1.5,31,1.0,"98103",450000.0
4280,4,3.0,44,1.0,"98116",2050000.0
1810,4,2.5,21,2.0,"98042",270000.0
2490,3,3.0,15,2.0,"98116",1705000.0
1610,3,1.0,87,1.5,"98126",565000.0
1820,1,2.5,105,2.0,"98103",680000.0
3520,4,2.5,23,2.0,"98077",864500.0
3740,4,2.25,64,1.0,"98177",1150000.0
2150,3,2.25,24,2.0,"98188",335000.0
3526,4,3.25,18,2.0,"98075",911000.0
1070,2,1.0,65,1.0,"98116",425000.0
1410,3,1.0,66,1.0,"98058",299950.0
3190,4,2.5,16,2.0,"98074",864000.0
1270,2,1.0,76,1.0,"98199",425000.0
1970,4,1.5,52,1.5,"98059",374950.0
1640,3,2.25,47,1.0,"98032",247000.0
1600,3,1.0,62,1.0,"98118",475000.0
3020,3,2.5,12,2.0,"98092",275000.0
1350,2,1.0,68,1.0,"98077",355000.0
1870,4,1.75,56,1.0,"98042",285000.0
2730,3,2.75,52,1.5,"98146",1338750.0
1100,2,1.0,35,1.0,"98019",325000.0
4320,5,3.5,18,2.0,"98004",1670000.0
2700,3,2.5,56,1.0,"98198",402000.0
3700,3,3.0,15,1.0,"98117",1100000.0
2190,4,1.75,56,1.0,"98028",375000.0
2840,5,2.75,55,1.0,"98028",396000.0
2610,4,2.75,28,1.0,"98058",320000.0
2630,3,2.5,14,2.0,"98053",610000.0
1090,3,1.5,49,1.0,"98058",249950.0
3090,4,3.5,16,2.0,"98092",675000.0
1670,2,2.0,96,1.0,"98126",448000.0
1300,3,1.0,115,2.0,"98119",819000.0
3670,3,2.5,32,1.0,"98177",1250000.0
1700,4,2.5,21,2.0,"98030",225000.0
2560,2,3.0,11,1.0,"98014",790000.0
2770,4,2.5,22,2.0,"98136",685000.0
3240,3,3.25,14,2.0,"98074",812000.0
2300,2,2.5,8,1.0,"98053",705000.0
2483,4,3.0,10,2.0,"98030",360000.0
760,1,1.5,9,3.0,"98107",344000.0
2040,4,1.5,112,2.0,"98112",825000.0
1200,3,1.0,70,1.0,"98115",476500.0
960,2,1.0,66,1.0,"98126",379500.0
2410,3,1.75,35,1.0,"98072",620000.0
2260,3,3.25,15,2.0,"98146",477590.0
1910,3,1.0,69,1.0,"98117",490000.0
1500,3,1.5,88,1.5,"98117",470000.0
1360,3,2.25,9,2.0,"98112",500000.0
1320,3,1.0,33,1.0,"98155",370000.0
1940,2,1.5,92,1.0,"98112",790000.0
2650,4,2.5,29,2.0,"98005",725000.0
3040,4,2.75,109,2.0,"98102",840000.0
1240,3,1.0,63,1.0,"98166",390000.0
2210,3,2.25,57,1.0,"98155",507000.0
1540,3,1.75,64,1.0,"98118",263500.0
1320,3,2.5,11,2.0,"98106",369000.0
3040,3,2.5,7,2.0,"98055",500000.0
910,2,1.0,92,1.0,"98117",570000.0
2040,4,3.0,21,1.0,"98092",284000.0
980,2,1.0,68,1.0,"98117",415000.0
980,3,1.0,112,1.5,"98118",197500.0
4420,4,3.75,53,2.0,"98125",925000.0
1570,3,2.0,62,1.0,"98118",468000.0
1600,3,1.0,85,1.5,"98125",355000.0
1830,4,1.75,76,1.0,"98199",639000.0
2820,3,2.5,24,2.0,"98074",720000.0
1800,3,1.75,65,1.0,"98155",381000.0
4380,3,4.0,32,2.0,"98052",1050000.0
2980,3,3.0,10,2.0,"98029",670000.0
1690,3,1.0,73,1.0,"98133",400000.0
4040,4,3.5,28,2.0,"98077",910000.0
1250,3,1.0,84,1.0,"98034",294000.0
1500,3,1.75,47,1.0,"98058",315001.0
1630,3,2.0,56,1.0,"98059",360000.0
1410,3,2.0,113,2.0,"98122",520000.0
1140,3,1.0,71,1.0,"98117",474000.0
3280,4,2.5,11,2.0,"98053",702000.0
3490,4,3.5,14,2.0,"98038",728000.0
2020,4,2.5,22,2.0,"98055",308000.0
4580,5,4.0,11,3.0,"98075",2000000.0
2270,3,2.5,29,2.0,"98092",340000.0
1310,2,1.75,68,1.0,"98065",306500.0
1420,3,2.0,111,1.5,"98119",716000.0
2980,4,3.0,34,2.0,"98034",950000.0
4180,5,3.0,12,2.0,"98053",673200.0
1950,4,2.25,54,1.0,"98115",564500.0
1790,4,1.75,41,1.0,"98056",393000.0
1400,5,1.75,99,1.0,"98014",425000.0
1320,3,1.0,36,1.0,"98168",150000.0
1620,4,2.25,35,1.0,"98042",327000.0
3120,4,2.5,17,2.0,"98042",444900.0
2100,4,2.5,17,2.0,"98023",305000.0
1370,3,3.25,11,3.0,"98107",469000.0
1520,3,1.75,46,1.0,"98006",525000.0
2410,3,2.5,37,1.0,"98030",330000.0
1260,4,1.0,104,1.0,"98105",618000.0
2830,4,2.5,33,1.0,"98023",295500.0
2064,3,2.0,112,2.0,"98070",567035.0
2640,4,2.25,38,1.0,"98027",518000.0
1020,2,1.0,37,1.0,"98045",303000.0
2200,4,2.5,17,2.0,"98031",300000.0
1420,3,1.5,59,1.0,"98007",413107.0
1350,3,1.0,101,1.5,"98103",400000.0
1290,3,1.0,74,1.0,"98136",535000.0
1680,4,2.0,100,1.0,"98107",555000.0
2280,3,2.5,7,2.0,"98042",312000.0
1840,3,2.25,105,1.5,"98122",785200.0
2040,4,2.0,56,1.0,"98033",749000.0
1490,3,1.5,58,1.0,"98146",285000.0
2440,4,2.5,8,2.0,"98065",425000.0
1930,3,2.0,57,1.0,"98155",360000.0
1200,3,1.0,61,1.0,"98106",260000.0
1550,3,2.0,56,1.0,"98106",369000.0
2180,4,2.5,37,1.0,"98023",275000.0
1430,3,2.25,10,3.0,"98103",407000.0
1230,2,1.75,66,1.0,"98117",575000.0
1670,3,1.5,87,2.0,"98119",1236000.0
2720,2,2.5,79,1.0,"98199",875000.0
2220,4,1.5,54,1.0,"98056",320000.0
1520,3,1.5,61,1.0,"98004",810000.0
1590,3,1.75,31,1.0,"98038",274000.0
1480,4,1.75,56,1.0,"98030",239900.0
1860,4,1.5,62,1.0,"98125",450000.0
1360,4,2.0,55,1.0,"98001",263400.0
1360,3,1.0,61,1.0,"98178",265000.0
2360,4,3.0,55,1.0,"98118",418000.0
2360,3,2.0,12,2.0,"98028",390000.0
1860,3,2.0,106,1.0,"98106",430000.0
2630,3,2.25,28,2.5,"98052",1442500.0
1280,2,1.75,19,1.0,"98022",297000.0
2330,4,2.25,27,2.0,"98177",650000.0
720,2,1.0,65,1.0,"98178",195000.0
3380,3,3.5,16,2.0,"98058",554000.0
3650,3,2.0,24,2.0,"98070",550000.0
1640,3,1.75,64,1.5,"98115",700000.0
1730,4,1.0,67,1.5,"98065",300000.0
1030,2,1.0,63,1.5,"98155",315000.0
1790,3,1.0,72,1.0,"98105",603000.0
840,2,1.0,91,1.0,"98119",530000.0
1300,3,1.75,46,1.0,"98052",397500.0
1240,3,1.0,111,1.5,"98055",221000.0
2170,4,2.25,39,1.0,"98072",466000.0
1330,3,1.0,110,2.0,"98022",197500.0
1390,3,3.0,9,2.0,"98118",280000.0
1240,2,1.5,106,1.0,"98116",412000.0
880,2,1.0,65,1.0,"98116",454000.0
2540,4,2.25,25,1.0,"98019",540000.0
2520,5,1.5,87,1.5,"98022",250000.0
2510,5,2.25,48,1.0,"98005",900000.0
2020,5,1.75,53,1.0,"98168",245000.0
2060,3,1.75,28,1.0,"98030",290000.0
930,2,1.0,82,1.0,"98168",160000.0
2700,2,1.5,105,1.5,"98116",1260000.0
1060,2,1.0,76,1.0,"98125",325000.0
670,2,1.0,68,1.0,"98188",185000.0
1750,3,2.0,99,1.0,"98107",477000.0
930,2,1.0,73,1.0,"98166",100000.0
2420,4,2.5,30,1.0,"98003",345000.0
2410,4,2.25,50,1.0,"98166",530000.0
1150,3,1.0,62,1.0,"98168",203000.0
2480,4,2.5,11,2.0,"98053",599000.0
1310,4,1.0,75,1.5,"98144",370000.0
1240,3,1.0,61,1.0,"98198",140000.0
1150,3,1.0,104,2.0,"98136",500000.0
1460,3,1.75,86,1.0,"98144",527200.0
3060,5,2.75,36,1.0,"98146",549900.0
3520,4,2.5,9,2.0,"98052",760000.0
960,2,1.0,64,1.0,"98118",319000.0
2430,3,2.5,18,2.0,"98030",362300.0
1930,3,2.5,42,1.0,"98198",421000.0
1090,3,1.0,70,1.5,"98117",690000.0
2790,3,2.5,62,1.0,"98027",640000.0
1650,4,1.75,37,1.0,"98002",238000.0
3740,3,3.0,24,2.0,"98070",789000.0
5310,6,4.0,48,2.0,"98040",1050000.0
1690,3,2.5,7,2.0,"98042",302500.0
1400,4,1.75,52,1.0,"98058",259950.0
1440,3,1.5,40,1.0,"98075",456000.0
1360,3,2.5,28,2.0,"98052",369950.0
1726,3,1.75,33,2.0,"98070",363750.0
2220,3,1.75,26,1.0,"98014",585000.0
1850,3,2.5,29,2.0,"98023",268000.0
2860,5,2.5,105,2.0,"98102",1200000.0
1120,3,1.0,110,1.0,"98118",345000.0
2340,4,2.5,22,2.0,"98155",539000.0
3760,5,3.25,31,2.0,"98006",851000.0
1920,3,2.5,18,2.0,"98116",900000.0
3230,3,2.5,70,2.0,"98117",850000.0
1260,3,1.75,49,1.0,"98008",390000.0
1540,3,1.75,60,1.0,"98155",345000.0
1700,3,2.5,10,2.0,"98029",534500.0
3600,6,5.25,44,2.0,"98126",643500.0
3150,3,2.75,90,1.5,"98112",1206500.0
1280,2,1.75,86,1.0,"98116",495000.0
980,2,1.0,65,1.0,"98115",535000.0
2190,4,2.5,11,2.0,"98065",435000.0
2470,4,2.0,6,2.0,"98166",305000.0
2590,4,2.5,14,2.0,"98115",799000.0
2580,4,2.5,16,2.0,"98052",700000.0
1270,3,2.25,10,2.0,"98107",467000.0
1250,3,1.0,56,1.0,"98058",263000.0
4660,4,2.5,12,2.0,"98059",760000.0
2019,4,2.5,7,2.0,"98022",293000.0
1490,3,2.0,26,1.0,"98002",245000.0
1560,2,1.5,66,1.0,"98070",181000.0
1030,3,1.0,53,1.0,"98056",240000.0
2560,4,2.75,40,1.0,"98033",880000.0
1460,3,2.0,20,1.0,"98038",285000.0
770,2,1.0,65,1.0,"98125",407500.0
1960,4,2.5,11,2.0,"98056",325000.0
1900,3,1.75,37,1.0,"98155",405000.0
1970,3,2.5,88,1.5,"98106",291700.0
2490,3,2.5,20,2.0,"98022",370000.0
1430,3,1.5,62,1.0,"98166",270000.0
2680,4,2.5,63,1.0,"98033",800000.0
1610,3,1.75,87,1.0,"98103",626500.0
4300,4,3.5,28,2.0,"98040",1130000.0
3200,4,2.5,12,2.0,"98038",399950.0
2140,3,1.75,57,1.0,"98166",419000.0
4240,4,2.5,26,2.0,"98075",1160000.0
3410,4,3.5,7,2.0,"98004",1405000.0
2090,4,2.75,48,2.0,"98033",710000.0
1410,3,1.0,73,1.0,"98033",650000.0
2820,4,2.5,31,2.0,"98072",369900.0
2770,4,2.5,18,2.0,"98014",641000.0
1400,3,1.0,64,1.0,"98155",403000.0
3620,3,3.25,10,2.0,"98199",1015000.0
2260,4,2.5,41,1.0,"98040",865000.0
3440,4,2.5,84,1.5,"98040",2485000.0
2150,4,1.0,89,2.0,"98126",810000.0
1256,3,2.5,10,3.0,"98125",316750.0
2220,4,2.25,26,2.0,"98027",652500.0
2850,6,2.75,53,1.0,"98106",360000.0
700,2,1.0,62,1.0,"98056",208000.0
3700,4,2.5,23,2.0,"98077",898000.0
1400,4,1.75,54,1.0,"98028",295000.0
3130,4,1.75,37,2.0,"98133",652500.0
2170,4,3.0,23,2.0,"98029",560000.0
1020,3,1.0,58,1.0,"98056",280000.0
1760,3,2.5,78,1.5,"98148",289950.0
1860,3,2.5,37,1.0,"98055",397500.0
1140,2,1.0,59,1.0,"98077",380000.0
1670,3,2.5,27,1.0,"98045",415900.0
1710,2,1.75,92,1.0,"98115",475000.0
500,1,1.0,87,1.0,"98106",125000.0
1470,3,1.0,57,1.0,"98042",238000.0
1370,4,1.5,62,1.0,"98168",296000.0
3470,6,3.0,91,1.5,"98028",475000.0
1650,3,2.25,105,1.5,"98116",390000.0
1180,3,1.0,75,1.0,"98116",425000.0
3110,6,3.0,94,1.5,"98103",725000.0
2080,3,2.25,42,1.0,"98052",605000.0
1600,3,1.0,109,2.0,"98122",302000.0
2380,3,2.25,84,2.0,"98199",886000.0
1630,4,1.75,97,1.0,"98115",540000.0
1910,4,2.25,40,2.0,"98072",435000.0
3140,4,3.25,23,2.0,"98146",409000.0
1250,3,1.0,40,1.0,"98052",405000.0
1990,3,2.5,11,2.0,"98075",560200.0
2110,4,1.75,40,1.0,"98058",324000.0
2490,4,2.5,16,2.0,"98092",390000.0
800,2,1.0,77,1.0,"98055",414000.0
2360,3,2.5,17,2.0,"98065",441500.0
1770,3,2.5,23,2.0,"98106",375000.0
2710,4,2.5,16,2.0,"98074",668500.0
1940,5,1.5,75,1.5,"98125",540000.0
3450,4,3.25,55,2.0,"98166",1035000.0
3440,4,3.25,1,2.0,"98116",1345000.0
2410,4,2.75,59,1.0,"98033",758000.0
2290,4,2.25,37,2.0,"98004",949880.0
1030,3,1.0,88,1.5,"98116",570000.0
2290,4,2.5,27,2.0,"98006",736000.0
1490,3,1.5,109,1.5,"98122",670000.0
2370,4,1.75,66,1.0,"98105",1130000.0
1930,4,2.0,101,1.5,"98122",650000.0
1600,2,1.75,97,1.0,"98112",690000.0
2240,4,2.25,27,2.0,"98053",610000.0
770,2,1.0,91,1.0,"98117",413500.0
2300,3,2.5,47,2.0,"98075",765000.0
3400,4,2.75,14,2.0,"98006",828200.0
900,2,1.0,97,1.0,"98055",205000.0
1450,3,2.5,20,1.0,"98133",465000.0
2240,4,2.5,10,2.0,"98133",556000.0
1780,4,2.5,21,2.0,"98029",540000.0
2320,4,2.5,11,2.0,"98059",423000.0
1590,3,1.75,52,1.0,"98007",375000.0
990,3,1.0,79,1.5,"98168",173250.0
2605,3,1.5,12,1.0,"98019",599900.0
2870,5,2.75,39,1.0,"98107",646000.0
5180,5,4.75,14,2.0,"98065",1075000.0
2180,4,2.0,115,1.0,"98122",558000.0
850,2,1.0,66,1.0,"98126",354000.0
4050,4,4.0,25,2.0,"98040",1195000.0
2250,4,2.0,106,1.5,"98122",670000.0
3100,6,4.25,37,3.0,"98112",1125000.0
1747,2,1.0,67,2.5,"98001",267500.0
2410,4,2.5,13,2.0,"98092",299800.0
2070,4,1.75,57,1.0,"98008",430000.0
1860,5,1.0,94,1.5,"98103",775000.0
950,3,1.0,71,1.0,"98126",333000.0
1060,3,2.0,64,1.0,"98125",336000.0
880,2,1.0,70,2.0,"98199",323000.0
2550,4,2.5,14,2.0,"98027",575000.0
1550,2,2.25,7,2.0,"98106",328000.0
1590,3,1.0,89,1.5,"98117",572500.0
1650,3,1.75,107,1.0,"98115",600000.0
2430,4,3.0,12,2.0,"98038",412000.0
1810,3,2.5,55,1.0,"98033",827500.0
2890,4,2.5,21,2.0,"98023",300000.0
1280,3,2.5,30,2.0,"98118",415000.0
3410,7,2.75,109,1.5,"98102",750000.0
2220,3,2.75,101,2.0,"98122",800000.0
1060,3,1.0,61,1.0,"98118",420000.0
1120,3,1.5,58,1.0,"98056",266000.0
2680,4,2.5,11,2.0,"98019",499000.0
1770,4,1.5,68,2.0,"98116",440000.0
2950,3,2.0,97,2.0,"98166",495000.0
1260,2,1.75,64,1.0,"98103",630000.0
1430,3,1.75,43,1.0,"98034",424000.0
2730,4,2.5,29,2.0,"98052",760000.0
3270,4,3.5,25,2.0,"98074",650000.0
1720,4,1.75,55,1.0,"98042",248500.0
1270,3,1.75,53,1.0,"98056",379600.0
3260,4,2.5,37,1.0,"98125",538000.0
2050,4,2.5,27,2.0,"98029",530000.0
2050,4,2.25,48,2.0,"98008",545000.0
3580,4,3.0,30,1.5,"98072",925000.0
1960,4,2.75,32,1.5,"98072",565000.0
840,2,1.0,68,1.0,"98199",405100.0
1300,3,1.75,52,1.0,"98008",502000.0
1260,3,2.25,12,2.0,"98029",425000.0
1650,3,2.25,30,2.0,"98031",233500.0
1710,3,2.5,29,2.0,"98030",287000.0
1180,3,1.0,49,1.0,"98002",190000.0
2780,3,2.25,36,2.0,"98053",666000.0
950,2,1.0,106,1.0,"98118",330000.0
3620,5,3.5,57,2.0,"98040",1490000.0
2140,3,2.25,28,2.0,"98038",393000.0
1920,4,2.75,17,1.0,"98178",353000.0
750,2,1.0,99,1.0,"98108",260000.0
2060,3,2.5,14,2.0,"98005",680000.0
2380,3,2.25,52,1.0,"98004",921000.0
750,2,1.0,66,1.0,"98125",319000.0
1160,3,1.0,32,1.0,"98074",280000.0
1050,3,1.0,73,1.0,"98146",220000.0
1740,3,1.5,38,1.0,"98042",219000.0
2050,4,2.75,27,1.0,"98074",528000.0
1980,3,1.75,66,1.0,"98133",405000.0
1690,3,2.5,1,2.0,"98029",372977.0
2320,4,3.25,105,1.5,"98144",934550.0
2480,3,1.5,75,2.0,"98177",1465000.0
2290,4,2.25,57,2.0,"98199",975000.0
3180,5,2.5,25,2.0,"98033",800866.0
3470,7,3.5,35,2.0,"98007",950000.0
1540,4,3.0,113,1.5,"98107",624000.0
2800,5,2.25,52,2.0,"98075",1850000.0
1050,3,1.0,62,1.0,"98028",310000.0
1010,3,2.0,73,1.0,"98033",675000.0
1660,3,1.75,50,1.0,"98005",490000.0
2760,5,2.25,57,1.0,"98126",600000.0
1040,2,1.0,66,1.0,"98014",154000.0
2220,4,1.75,51,2.0,"98166",480000.0
1270,3,1.0,61,1.0,"98198",196900.0
2960,3,3.25,26,2.0,"98011",735000.0
1330,3,2.0,29,1.0,"98003",205500.0
1210,2,1.75,1,2.0,"98029",357186.0
2120,4,2.5,17,2.0,"98030",275000.0
2090,3,1.75,67,1.0,"98002",248500.0
2680,3,2.5,25,2.0,"98092",350000.0
1790,4,2.75,28,1.0,"98045",390000.0
1950,3,2.75,59,1.0,"98028",390000.0
3740,5,2.25,36,1.5,"98074",660000.0
1140,3,1.75,65,1.0,"98155",310000.0
2480,3,2.5,15,2.0,"98052",717000.0
2580,5,2.5,51,1.0,"98198",260000.0
2290,3,2.0,55,1.0,"98103",745000.0
2320,4,2.5,40,1.0,"98072",470000.0
2530,3,2.5,18,2.0,"98031",429000.0
1400,4,2.0,46,1.0,"98155",220000.0
2060,3,3.0,8,2.0,"98119",497000.0
1640,3,1.0,106,1.5,"98103",716100.0
1960,4,1.0,36,1.5,"98027",371000.0
3000,5,2.75,54,1.0,"98027",379000.0
1320,3,1.0,61,1.0,"98039",937500.0
1760,4,2.0,109,1.5,"98103",720000.0
2130,3,3.25,91,2.0,"98136",616000.0
1390,3,2.0,27,1.0,"98030",259000.0
1400,3,1.75,111,1.5,"98117",538000.0
3230,3,2.75,49,1.5,"98034",605000.0
1110,3,1.0,48,1.0,"98034",369950.0
1670,3,2.5,13,2.0,"98038",310000.0
1540,3,1.0,55,1.0,"98198",227500.0
2090,4,2.25,42,1.0,"98023",274000.0
1410,3,2.0,28,1.0,"98034",410000.0
1370,3,2.0,51,1.0,"98042",354800.0
1910,4,2.25,61,1.0,"98199",650000.0
1678,3,2.0,21,1.0,"98030",353000.0
960,3,1.0,38,1.0,"98038",224975.0
2080,2,1.75,64,1.0,"98155",600000.0
1790,3,2.25,39,1.0,"98034",437500.0
2540,3,2.5,16,2.0,"98034",567000.0
1790,5,1.5,52,2.0,"98198",225000.0
940,2,1.0,74,1.0,"98118",255000.0
6810,5,3.75,93,2.5,"98102",2479000.0
900,2,1.0,64,1.0,"98117",370000.0
1900,4,1.75,40,1.0,"98033",675000.0
1440,3,1.0,62,1.0,"98108",285000.0
2070,3,1.75,42,1.0,"98058",310000.0
2240,4,2.5,43,1.0,"98034",475000.0
3320,4,2.5,9,2.0,"98042",410000.0
1950,4,2.25,68,1.0,"98109",895000.0
1240,3,1.5,74,1.0,"98125",375000.0
1830,4,2.5,12,2.0,"98038",349000.0
1740,3,1.75,112,1.5,"98122",650500.0
1410,3,1.75,65,1.0,"98004",760000.0
2050,4,2.75,29,1.0,"98116",480000.0
3220,4,2.75,22,2.0,"98075",689000.0
1960,3,1.75,104,1.0,"98108",415000.0
1070,3,1.75,47,1.0,"98002",195000.0
2820,5,2.5,48,1.0,"98168",318000.0
4060,4,3.0,26,1.0,"98092",404000.0
800,2,1.0,90,1.0,"98118",339950.0
1260,3,1.0,36,1.0,"98022",215000.0
2420,3,2.5,25,2.0,"98092",339900.0
810,1,1.5,33,2.0,"98033",285000.0
1600,3,1.0,68,1.5,"98107",550000.0
1350,4,1.0,51,1.5,"98103",430000.0
970,3,1.0,48,1.0,"98003",219000.0
1780,2,1.5,68,1.0,"98117",555000.0
1350,3,2.0,26,1.0,"98038",233000.0
1840,3,1.75,43,1.0,"98003",248000.0
2550,5,2.25,40,1.0,"98166",454000.0
1700,4,2.5,84,2.0,"98112",950000.0
2430,3,2.5,35,2.0,"98055",359000.0
2740,5,2.0,53,1.5,"98155",407500.0
1560,3,1.5,51,1.0,"98001",224000.0
1040,2,1.0,61,1.0,"98146",210000.0
1820,4,1.75,47,1.0,"98042",261000.0
1833,3,3.0,17,3.0,"98115",719000.0
2160,3,2.5,21,2.0,"98126",440000.0
2100,3,2.75,17,2.0,"98045",525000.0
1370,3,1.5,47,2.0,"98034",375000.0
1414,2,2.5,29,2.0,"98006",428000.0
4115,5,3.25,1,2.0,"98053",988830.0
1550,3,1.75,66,1.0,"98002",199950.0
2100,4,2.25,86,1.5,"98112",840000.0
1160,3,1.75,23,1.0,"98022",285000.0
3597,5,2.5,9,2.0,"98001",330000.0
1230,3,1.5,55,1.0,"98198",147500.0
2190,4,2.5,37,2.0,"98032",320000.0
1040,3,1.75,48,1.0,"98027",382500.0
4690,5,4.0,89,2.0,"98112",2048000.0
2270,4,2.25,41,1.0,"98006",596000.0
1950,4,2.25,36,2.0,"98023",220000.0
1880,3,2.5,22,2.0,"98031",325000.0
2850,4,2.5,14,2.0,"98075",679950.0
1160,2,1.0,68,1.0,"98125",175000.0
1370,3,1.75,49,1.0,"98023",268000.0
3260,4,3.5,18,2.0,"98053",715000.0
3170,7,2.25,46,2.0,"98027",600000.0
3450,5,2.5,23,2.0,"98052",950000.0
1490,2,1.75,32,1.0,"98092",475000.0
1460,3,1.5,52,1.0,"98075",700000.0
1300,3,1.75,53,1.0,"98024",275000.0
1300,3,1.75,53,1.0,"98024",369500.0
1540,4,2.0,37,1.0,"98032",215000.0
2130,4,2.25,51,2.0,"98008",593450.0
1350,2,1.75,7,1.0,"98053",498800.0
2450,5,3.25,64,2.0,"98115",849000.0
1940,4,2.5,90,2.0,"98112",1151250.0
2890,5,2.5,12,2.0,"98029",825000.0
1680,3,1.75,26,1.0,"98058",265000.0
1960,4,2.25,30,1.0,"98023",285000.0
1590,3,1.75,36,1.0,"98038",240000.0
1390,4,1.0,57,1.0,"98003",261000.0
2440,4,1.75,37,1.0,"98032",330000.0
1850,4,2.0,37,1.0,"98032",250000.0
2800,4,2.5,22,2.0,"98003",350000.0
3780,3,2.5,29,1.5,"98072",930000.0
1910,3,2.0,35,1.0,"98030",275000.0
2460,4,2.25,46,1.0,"98106",325000.0
810,1,1.0,79,1.0,"98106",255000.0
1900,3,1.5,72,1.0,"98117",562200.0
3490,2,1.75,35,1.0,"98006",952000.0
2200,3,2.5,27,1.0,"98058",365000.0
1190,3,1.5,46,1.0,"98077",332900.0
2040,3,2.25,32,2.0,"98052",721000.0
2400,4,2.5,16,2.0,"98065",487275.0
1670,3,2.5,20,2.0,"98055",310000.0
990,2,1.0,107,1.0,"98118",245000.0
2920,3,1.75,51,1.0,"98055",325000.0
1840,3,1.75,44,1.0,"98075",550000.0
910,2,1.0,109,1.5,"98118",350000.0
2950,5,2.5,9,2.0,"98058",599000.0
1240,3,1.5,60,1.0,"98166",259950.0
1980,4,2.5,19,2.0,"98038",240000.0
1200,3,1.0,46,1.0,"98042",186000.0
1280,3,1.5,33,1.0,"98074",395000.0
3150,4,2.5,11,2.0,"98058",475000.0
3500,5,3.5,19,2.0,"98075",815000.0
1680,3,1.5,64,1.0,"98040",572000.0
1360,3,2.5,29,2.0,"98052",419500.0
2110,3,2.25,35,1.0,"98023",298700.0
2034,2,1.0,68,1.0,"98070",549000.0
1900,3,1.5,55,1.0,"98168",278000.0
2380,4,2.0,89,1.5,"98118",455000.0
4050,5,3.5,27,1.0,"98166",925000.0
1120,2,1.5,16,3.0,"98103",465000.0
2850,4,4.0,16,2.0,"98029",620000.0
2360,4,2.25,52,1.0,"98155",499900.0
2540,5,3.0,53,1.0,"98006",620000.0
1160,3,1.75,74,1.0,"98115",450000.0
2710,4,3.5,8,2.0,"98029",690000.0
3120,5,2.25,46,2.0,"98004",1895000.0
3120,5,2.25,46,2.0,"98004",1940000.0
1870,3,2.0,64,1.0,"98040",832500.0
1010,3,1.0,60,1.0,"98188",245000.0
2980,3,2.5,25,1.5,"98077",820000.0
2420,4,2.75,10,2.0,"98038",369000.0
3830,4,3.25,1,2.0,"98053",1050000.0
3040,3,3.0,22,3.0,"98118",653000.0
1460,2,1.75,35,1.0,"98045",220650.0
1940,5,3.0,8,1.0,"98168",300000.0
3780,4,3.5,14,2.0,"98029",970000.0
1950,4,2.5,11,2.0,"98058",360000.0
2450,3,2.5,15,2.0,"98074",672500.0
1730,4,1.5,62,1.5,"98056",268000.0
1690,4,1.5,86,1.5,"98126",440000.0
2550,3,2.5,34,2.0,"98144",1400000.0
2290,4,2.5,29,2.0,"98074",590000.0
2710,4,2.25,53,1.0,"98001",359000.0
1880,4,1.75,37,1.0,"98023",266500.0
2930,4,2.5,1,2.0,"98056",635000.0
3110,3,2.5,14,2.0,"98092",559000.0
3480,4,2.5,26,2.0,"98053",895000.0
1110,2,1.5,54,1.0,"98072",625000.0
2440,4,2.25,58,1.0,"98007",650000.0
2280,4,1.75,58,1.0,"98055",312500.0
900,3,1.0,71,1.0,"98168",225000.0
1980,4,1.75,47,1.0,"98052",425000.0
3360,3,2.75,27,1.0,"98022",329999.0
2340,5,2.25,42,2.0,"98052",572000.0
3110,4,2.5,13,2.0,"98042",386500.0
980,2,1.0,111,1.0,"98107",452000.0
1480,4,2.0,72,1.0,"98122",278000.0
1800,3,2.25,39,1.0,"98072",474900.0
2130,2,1.75,69,1.0,"98199",450000.0
1270,2,1.0,115,1.0,"98115",611000.0
1150,2,2.5,11,2.0,"98001",214100.0
1840,3,2.5,3,2.0,"98038",317000.0
3180,4,3.5,36,2.0,"98177",1000000.0
1510,5,2.75,69,2.0,"98105",1000000.0
3070,4,2.5,10,2.0,"98059",525000.0
1800,3,2.25,32,2.0,"98034",436000.0
1540,3,1.75,32,1.0,"98074",450000.0
2330,3,1.75,35,1.0,"98074",588500.0
1400,4,1.75,62,1.0,"98166",340000.0
2846,4,2.5,15,1.5,"98001",482000.0
5830,4,3.5,10,2.0,"98024",1575000.0
3380,3,2.5,50,2.0,"98008",749000.0
1440,3,1.5,47,1.0,"98058",330000.0
1740,3,2.5,7,3.0,"98116",568000.0
1470,3,1.75,58,1.0,"98022",239000.0
2810,3,2.5,12,2.0,"98011",528000.0
2090,4,3.0,21,1.0,"98106",385000.0
4110,4,3.25,36,2.0,"98028",825000.0
3230,5,3.25,13,2.0,"98136",815000.0
2601,4,2.5,20,2.0,"98072",625000.0
2070,3,1.75,60,1.0,"98136",690000.0
1660,3,1.0,58,1.0,"98106",210000.0
1590,4,1.0,91,1.5,"98103",599000.0
1860,3,1.75,64,1.0,"98199",860000.0
1420,3,1.0,61,1.0,"98188",147200.0
1240,3,1.0,105,1.5,"98116",476900.0
2500,4,2.5,37,1.0,"98027",450000.0
2640,4,2.5,16,2.0,"98019",570000.0
1440,3,1.0,105,1.5,"98115",567500.0
3030,5,3.25,39,2.0,"98008",790000.0
1820,3,1.5,63,1.0,"98004",875000.0
2220,3,2.0,35,2.0,"98027",490000.0
2430,3,1.75,37,1.0,"98059",335000.0
1670,3,1.75,53,1.0,"98006",550000.0
1180,3,1.75,34,1.0,"98074",385000.0
1620,3,1.75,39,1.0,"98011",395000.0
1030,2,1.0,87,1.0,"98116",650000.0
2900,4,2.75,8,2.0,"98028",637000.0
3420,3,2.25,52,1.0,"98028",692500.0
1710,3,1.75,51,1.0,"98059",322400.0
1580,3,1.5,58,1.0,"98002",233500.0
1230,3,2.0,31,1.0,"98074",400000.0
2200,5,2.5,99,1.5,"98103",547000.0
2570,5,2.25,65,1.0,"98166",519000.0
3320,4,3.5,38,1.0,"98040",1025000.0
1090,3,1.0,60,1.0,"98106",365000.0
2970,5,2.75,37,2.0,"98072",699000.0
1970,3,1.75,47,1.0,"98052",525000.0
3220,4,3.0,25,2.0,"98031",430000.0
1600,3,1.0,49,1.0,"98034",325000.0
670,2,1.0,73,1.0,"98126",279000.0
2360,4,1.75,104,2.0,"98115",805000.0
2150,3,3.0,66,1.5,"98125",419950.0
620,2,1.0,88,1.0,"98117",425000.0
1730,4,1.75,66,2.0,"98125",446000.0
2500,5,2.0,52,1.0,"98034",455000.0
990,3,1.0,72,1.0,"98106",226550.0
1420,3,2.0,111,1.5,"98103",764000.0
2170,3,2.25,37,2.0,"98042",439950.0
1880,4,2.0,63,1.0,"98103",453000.0
1300,3,1.0,44,1.0,"98003",219950.0
2360,3,1.5,89,2.0,"98103",702500.0
1780,3,1.5,59,1.0,"98003",285000.0
2160,2,2.25,10,3.0,"98103",798750.0
950,2,1.0,67,1.0,"98126",320000.0
1680,3,1.75,30,1.5,"98027",425000.0
2290,4,2.5,11,2.0,"98072",540000.0
4140,4,5.25,10,2.0,"98075",1060000.0
3920,4,3.75,2,3.0,"98103",1165000.0
1500,3,1.75,64,1.0,"98005",576000.0
1720,3,1.75,38,1.0,"98052",525000.0
2641,4,2.5,17,2.0,"98031",324950.0
4930,3,2.5,34,2.0,"98072",600000.0
2460,3,2.5,14,1.0,"98056",464000.0
1995,4,2.25,34,2.0,"98023",266000.0
3010,3,2.5,17,2.0,"98053",775000.0
1270,3,1.75,63,1.0,"98126",415000.0
3080,4,2.75,12,2.0,"98058",550000.0
1670,3,2.25,25,2.0,"98022",235000.0
1470,3,2.0,28,1.0,"98198",280000.0
1730,3,1.75,39,1.0,"98034",459000.0
1070,3,1.0,46,1.0,"98023",195000.0
1660,3,1.5,56,1.0,"98002",235000.0
2410,4,2.25,50,1.0,"98006",711800.0
1040,3,2.5,8,3.0,"98107",440000.0
970,2,1.0,99,1.0,"98103",515000.0
2910,5,2.75,76,1.5,"98105",1200000.0
2340,3,1.75,50,1.5,"98006",560000.0
1880,3,1.75,30,1.0,"98001",340000.0
1110,2,1.0,103,1.5,"98102",600000.0
2790,4,2.5,18,2.0,"98074",764000.0
1590,4,2.0,14,1.0,"98019",337000.0
5700,6,2.75,38,1.0,"98006",1385000.0
1200,4,1.0,96,1.0,"98126",249000.0
3200,3,3.0,37,1.0,"98042",350000.0
1510,3,2.25,22,1.0,"98038",269950.0
1880,3,1.75,37,1.0,"98075",735000.0
3070,4,2.5,75,2.0,"98105",1295000.0
2110,4,2.25,41,2.0,"98034",475000.0
2350,3,2.0,26,1.5,"98023",339000.0
3270,4,3.5,18,1.0,"98155",600000.0
2220,4,1.75,97,1.0,"98106",397500.0
5990,4,3.5,11,2.0,"98053",1525000.0
1760,3,2.0,30,2.0,"98052",460000.0
2200,4,2.75,64,1.0,"98133",370000.0
1550,4,1.0,58,1.5,"98106",250000.0
5070,4,3.75,15,2.0,"98053",1100000.0
1040,2,2.25,7,2.0,"98122",430000.0
2560,3,1.5,88,1.5,"98112",1085000.0
1850,3,1.75,63,1.0,"98177",670000.0
2090,3,1.5,61,1.0,"98118",461550.0
2010,3,2.5,1,2.0,"98029",479990.0
2518,4,2.5,10,2.0,"98075",643000.0
2810,3,2.75,27,2.0,"98052",607000.0
2600,3,2.5,31,1.0,"98074",625000.0
2060,3,2.5,62,1.0,"98136",731100.0
2920,3,2.5,16,2.0,"98042",859000.0
2130,4,2.5,29,2.0,"98058",435000.0
2290,3,3.0,67,1.0,"98001",465000.0
1230,3,1.0,88,1.5,"98115",740000.0
2020,3,1.75,54,1.0,"98040",740000.0
1430,3,2.0,35,1.0,"98030",250000.0
2270,2,2.5,6,3.0,"98052",656000.0
1910,4,2.5,23,2.0,"98031",300000.0
1780,3,1.5,61,1.0,"98077",643000.0
2690,4,2.5,8,2.0,"98042",311000.0
1330,3,1.75,40,1.0,"98034",360000.0
3060,4,2.5,47,1.0,"98133",475000.0
1760,3,3.25,7,3.0,"98125",469950.0
1570,3,1.75,55,1.0,"98148",240000.0
960,2,1.0,79,1.0,"98168",232000.0
1680,3,2.0,24,1.0,"98092",350000.0
1440,2,1.0,87,1.5,"98034",803000.0
1960,3,2.25,35,1.0,"98058",355000.0
1790,4,2.0,106,1.0,"98103",475000.0
2560,3,2.5,27,2.0,"98006",823000.0
1010,2,1.5,97,1.0,"98103",395000.0
2560,4,3.75,52,2.0,"98133",499000.0
1200,2,1.75,111,1.0,"98122",420000.0
3910,3,2.5,16,2.0,"98008",961500.0
2260,4,1.75,48,1.0,"98005",833000.0
2110,3,2.25,37,2.0,"98072",479000.0
3340,4,2.5,19,2.0,"98033",1150000.0
1400,3,1.0,71,1.5,"98125",267000.0
1760,4,1.75,27,1.5,"98075",555000.0
2010,3,2.5,28,2.0,"98029",490000.0
2300,4,2.0,100,1.5,"98117",619000.0
2510,5,2.75,52,1.0,"98155",569950.0
1340,3,2.0,110,2.0,"98103",549000.0
1560,3,1.75,53,1.5,"98052",422500.0
3350,4,3.5,35,1.0,"98198",400000.0
3710,4,2.75,16,2.0,"98065",692500.0
2430,4,2.5,13,2.0,"98042",310000.0
2430,3,1.75,38,1.0,"98178",499900.0
2100,3,2.25,32,2.0,"98074",492000.0
1880,2,2.5,28,1.0,"98024",460000.0
1630,3,2.5,96,2.0,"98119",800000.0
1640,4,1.0,90,1.5,"98103",832600.0
2310,4,2.75,26,1.0,"98011",470000.0
1930,2,2.0,12,1.0,"98053",542000.0
4750,4,4.5,10,2.0,"98118",1309500.0
2300,4,2.5,56,1.0,"98198",308130.0
1050,2,1.0,10,1.0,"98029",310000.0
1500,2,1.0,68,1.0,"98146",235000.0
1150,3,1.0,57,1.0,"98058",215000.0
1920,4,1.5,56,1.0,"98023",210000.0
3660,4,2.75,25,2.0,"98053",730000.0
1720,3,1.75,34,1.0,"98092",245000.0
2100,3,2.25,67,1.0,"98166",540000.0
2400,4,2.5,14,2.0,"98001",299000.0
2540,3,2.5,24,2.0,"98074",510000.0
2080,4,1.75,49,1.0,"98001",198000.0
3400,5,3.25,16,2.0,"98007",950000.0
2200,4,1.75,37,2.0,"98092",300000.0
2140,5,1.75,53,1.0,"98033",528000.0
3850,5,3.25,13,2.0,"98092",507000.0
4270,4,3.25,14,2.0,"98065",770000.0
1340,3,1.75,40,1.0,"98031",255000.0
1100,1,1.5,37,1.5,"98198",220000.0
2870,5,2.75,10,2.0,"98059",690700.0
1320,2,1.0,62,1.0,"98177",447000.0
2150,6,2.0,63,1.0,"98119",755000.0
2470,4,1.5,75,1.5,"98199",700000.0
1910,4,2.75,35,1.0,"98030",250000.0
2130,3,2.5,12,2.0,"98038",320000.0
2240,4,2.5,26,2.0,"98059",565000.0
1800,5,2.75,76,2.0,"98107",754300.0
2160,3,1.5,66,1.0,"98177",650000.0
3140,4,2.5,12,2.0,"98059",529888.0
1920,3,2.5,15,2.0,"98028",432000.0
1050,3,1.0,60,1.5,"98022",235000.0
3695,4,3.5,1,2.0,"98053",994900.0
3910,4,2.5,15,2.0,"98038",489000.0
3010,4,2.75,5,2.0,"98052",800000.0
1370,4,1.5,43,1.0,"98034",370000.0
2080,4,2.75,36,1.0,"98034",436000.0
2250,3,2.5,9,2.0,"98059",395000.0
2120,5,1.75,73,1.0,"98133",377691.0
2220,5,3.0,12,2.0,"98118",370000.0
1440,3,2.5,28,1.0,"98029",515000.0
910,3,1.0,46,1.0,"98001",169000.0
1270,3,1.0,94,1.0,"98117",475000.0
2480,3,2.5,16,2.0,"98031",420000.0
2630,6,2.75,115,2.0,"98103",1297000.0
2410,3,2.0,30,2.0,"98006",822000.0
2930,4,2.75,51,1.0,"98004",1500000.0
1570,3,2.25,27,1.0,"98074",485000.0
1900,4,1.0,59,1.0,"98055",270000.0
2590,6,2.5,37,1.0,"98055",300000.0
3810,4,2.5,8,2.0,"98074",878000.0
2290,3,2.5,14,2.0,"98006",590000.0
1220,1,2.25,69,2.0,"98033",611900.0
1100,3,1.75,47,1.0,"98092",240000.0
2810,4,2.5,12,2.0,"98092",395000.0
890,3,1.0,58,1.0,"98178",169000.0
1280,3,2.0,52,1.0,"98031",200500.0
2320,3,2.5,25,2.0,"98003",308000.0
1720,3,2.25,32,2.0,"98023",290256.0
1530,3,1.75,48,1.0,"98058",279950.0
1580,3,1.75,36,1.0,"98022",195000.0
1360,3,1.0,70,1.0,"98010",630000.0
2680,4,3.0,113,2.0,"98039",1160000.0
1640,3,2.25,21,2.0,"98029",478000.0
2520,3,2.25,71,2.0,"98126",835000.0
1400,3,2.25,10,2.0,"98034",639000.0
2300,4,2.75,31,2.0,"98074",623000.0
1900,3,1.75,56,1.0,"98178",220000.0
2000,3,2.25,37,1.0,"98006",526000.0
900,2,1.0,67,1.0,"98118",243500.0
2980,4,2.5,15,2.0,"98006",750000.0
1850,4,2.0,52,1.0,"98059",329000.0
1570,4,1.0,95,1.5,"98102",525000.0
670,2,1.0,67,1.0,"98118",190000.0
2660,4,2.5,60,1.0,"98005",772650.0
2110,3,2.5,26,2.0,"98042",355000.0
1970,3,1.75,35,1.0,"98075",650000.0
1210,3,2.75,105,1.5,"98103",678500.0
2670,4,2.5,19,2.0,"98074",669950.0
3000,3,2.25,32,1.0,"98077",850000.0
2200,3,2.75,13,2.0,"98074",572000.0
1540,3,1.75,31,1.0,"98074",492450.0
2080,3,1.75,55,1.0,"98005",813000.0
1780,3,2.0,48,1.0,"98040",710000.0
1960,3,1.5,104,2.0,"98119",792500.0
1690,5,1.5,54,1.5,"98032",285900.0
2080,3,2.0,34,1.0,"98070",389000.0
2070,3,2.25,49,2.0,"98136",675000.0
760,2,0.75,84,1.0,"98059",352000.0
4020,4,3.25,15,2.0,"98059",1050000.0
3620,4,1.75,50,1.0,"98005",768500.0
2330,4,2.0,54,1.0,"98125",500000.0
1460,3,2.5,59,1.0,"98040",685000.0
2250,4,2.75,64,1.0,"98109",648475.0
2850,6,5.0,21,2.0,"98033",655000.0
2640,4,2.75,90,2.0,"98115",895000.0
1310,3,1.0,53,1.0,"98001",195000.0
2720,4,2.5,26,2.0,"98023",368000.0
3430,4,3.5,14,2.0,"98059",997000.0
1990,3,2.75,38,1.0,"98072",335000.0
1170,3,2.0,31,1.0,"98001",250000.0
1390,3,1.75,30,1.0,"98022",278500.0
1540,4,1.5,42,2.0,"98001",260000.0
760,2,1.0,95,1.0,"98118",162500.0
1280,4,1.0,65,1.0,"98168",239000.0
2990,4,2.5,11,2.0,"98075",600000.0
1770,4,2.25,17,2.0,"98031",350000.0
3830,5,3.75,10,2.0,"98075",852500.0
2870,3,2.5,7,2.0,"98055",485000.0
1520,3,1.0,62,1.0,"98133",299000.0
660,2,1.0,63,1.0,"98056",227450.0
1800,3,1.0,73,1.0,"98126",383000.0
3570,2,3.25,17,1.0,"98024",835000.0
3050,5,1.5,84,1.5,"98112",760000.0
820,2,1.0,91,1.0,"98103",532500.0
3610,3,2.5,17,1.0,"98053",635000.0
1490,3,2.0,103,1.0,"98144",438500.0
1560,3,2.5,79,1.5,"98108",545500.0
1660,3,1.75,59,1.0,"98033",675000.0
1180,3,1.75,87,1.0,"98117",450000.0
960,3,1.0,115,1.0,"98010",199999.0
1630,3,1.5,27,1.0,"98034",375000.0
2260,4,2.25,33,2.0,"98072",600000.0
1520,3,1.5,56,1.0,"98056",292600.0
3050,5,2.75,59,1.0,"98040",1038000.0
1000,3,1.0,70,1.0,"98105",610000.0
2650,4,2.5,22,2.0,"98042",397450.0
1750,3,2.25,52,1.0,"98155",382000.0
1770,3,2.25,49,1.0,"98177",370000.0
1770,3,2.25,49,1.0,"98177",520000.0
770,2,1.0,67,1.0,"98155",260000.0
3370,4,2.5,1,2.0,"98177",890000.0
2130,5,2.0,69,1.0,"98155",344000.0
1050,3,1.0,57,1.0,"98031",205000.0
2803,5,2.5,52,1.0,"98003",379000.0
2080,3,2.0,33,2.0,"98052",424240.0
2080,3,2.0,33,2.0,"98052",589950.0
2120,4,1.75,64,1.0,"98117",582000.0
2550,3,2.5,26,2.0,"98023",349000.0
1290,3,1.0,49,1.0,"98033",658000.0
1790,5,2.75,100,1.5,"98106",294000.0
2720,5,3.5,22,2.0,"98115",690000.0
1040,3,1.0,103,1.5,"98107",600000.0
840,3,1.0,46,1.0,"98042",199990.0
1650,3,1.75,56,1.0,"98188",220000.0
2080,4,2.25,39,1.0,"98034",440000.0
1540,4,2.5,1,2.0,"98029",439990.0
3880,4,2.5,9,2.0,"98075",815000.0
1860,4,2.25,20,2.0,"98029",535000.0
1280,3,1.75,40,1.0,"98003",215000.0
3200,3,2.5,50,1.5,"98027",605000.0
2200,3,2.5,25,2.0,"98058",349900.0
1570,3,1.0,75,1.0,"98115",495000.0
2074,3,2.5,18,2.0,"98034",515100.0
2450,4,2.5,21,2.0,"98053",620000.0
2520,4,2.25,35,2.0,"98074",657500.0
2190,5,1.75,52,1.0,"98055",250000.0
2190,5,1.75,52,1.0,"98055",385000.0
2320,3,1.5,39,1.0,"98019",307000.0
1370,3,2.5,21,1.0,"98042",288000.0
1730,3,1.75,71,1.5,"98032",226450.0
1640,3,2.5,48,1.0,"98125",390000.0
1300,3,1.0,44,1.0,"98045",350000.0
1560,3,1.5,46,1.0,"98125",368000.0
1120,2,1.0,94,1.0,"98105",469000.0
2670,3,2.25,30,2.0,"98072",865000.0
3810,5,2.5,48,1.5,"98058",515000.0
1200,4,1.0,47,1.0,"98042",210000.0
1520,3,1.75,46,1.0,"98034",460000.0
2500,4,2.5,36,1.0,"98023",241500.0
2010,4,2.25,40,2.0,"98042",322200.0
1210,4,1.0,72,1.5,"98178",279000.0
1100,2,1.0,72,1.0,"98070",303000.0
1050,3,1.5,65,1.0,"98199",420000.0
2120,3,1.75,54,1.0,"98188",249000.0
1240,3,1.0,63,1.0,"98125",294950.0
3460,4,3.5,11,2.0,"98103",1315000.0
1270,3,1.75,62,1.0,"98117",335000.0
2980,4,2.25,80,1.5,"98199",1155000.0
1250,2,1.0,89,1.5,"98117",520000.0
1740,4,1.75,50,1.0,"98007",560000.0
1730,4,1.5,56,2.0,"98032",243400.0
1240,3,2.0,27,1.0,"98053",405000.0
1670,2,1.0,85,1.5,"98033",495000.0
2140,4,2.5,23,2.0,"98038",350000.0
2530,5,2.75,23,1.0,"98188",368500.0
960,2,1.0,67,1.0,"98058",99000.0
4130,4,3.75,14,2.0,"98059",1070000.0
1710,4,1.75,32,1.0,"98155",430000.0
1490,3,1.5,52,1.0,"98052",412500.0
4750,4,3.25,27,2.0,"98052",1122500.0
3400,4,2.5,27,2.0,"98052",915000.0
2210,3,2.5,21,2.0,"98052",535000.0
1650,3,1.5,36,1.0,"98133",390000.0
1260,3,1.5,71,1.0,"98107",499000.0
1960,3,1.0,52,1.0,"98177",375000.0
1800,4,2.5,20,2.0,"98055",349000.0
1940,3,2.25,51,1.0,"98004",635000.0
2820,4,2.75,14,2.0,"98075",682000.0
2820,4,2.25,49,1.0,"98023",321027.0
720,2,1.0,100,1.0,"98002",150000.0
1640,3,1.75,46,1.0,"98034",410000.0
1560,3,2.0,92,2.0,"98115",449950.0
1560,6,2.5,102,1.0,"98118",194990.0
1910,4,1.75,59,1.0,"98028",475000.0
1570,5,1.75,107,2.0,"98105",530000.0
2038,4,2.5,4,2.0,"98092",319950.0
1720,3,2.25,37,1.0,"98023",210000.0
1670,3,2.75,90,1.5,"98107",485000.0
2830,4,2.75,17,2.0,"98075",774000.0
1690,4,2.0,57,1.0,"98008",478000.0
1620,4,2.5,91,2.0,"98146",385000.0
2360,4,2.5,26,2.0,"98077",595000.0
1480,3,1.5,55,1.0,"98028",285000.0
2700,4,2.5,11,2.0,"98029",723000.0
1780,3,1.5,55,1.0,"98198",279000.0
1430,3,1.5,57,1.0,"98058",195000.0
2160,2,1.0,90,1.0,"98119",625000.0
1800,3,1.75,36,2.0,"98011",270000.0
1930,2,2.0,9,1.0,"98053",559000.0
1960,4,2.25,39,1.0,"98072",474000.0
1920,4,2.5,23,2.0,"98038",303500.0
1470,3,1.75,66,1.0,"98155",350000.0
2980,5,3.0,75,1.0,"98155",367500.0
2980,5,3.0,75,1.0,"98155",595000.0
2360,3,2.0,34,1.0,"98024",589000.0
1790,3,1.75,41,1.0,"98077",585000.0
2130,3,2.25,39,1.0,"98155",482975.0
2030,4,2.5,12,2.0,"98058",365500.0
1790,4,2.0,43,1.0,"98008",570000.0
2260,3,2.5,25,2.0,"98092",335000.0
2350,4,2.0,101,1.5,"98103",767500.0
1690,3,2.5,1,2.0,"98029",386591.0
1320,3,1.0,102,1.5,"98108",279000.0
2690,4,2.5,17,2.0,"98014",620000.0
2810,4,2.25,57,1.0,"98198",407000.0
2280,3,2.5,21,2.0,"98038",364250.0
2870,4,2.5,36,2.0,"98058",399000.0
3030,3,2.5,23,1.5,"98077",766950.0
2940,4,2.75,11,2.0,"98029",710000.0
1190,3,1.0,86,1.0,"98118",320000.0
1800,3,2.5,14,2.0,"98108",300000.0
1580,3,1.75,22,1.0,"98038",263000.0
1730,3,2.5,19,2.0,"98029",445000.0
1910,3,2.0,58,1.0,"98008",554000.0
1000,2,1.75,109,1.0,"98117",335000.0
2520,4,2.75,28,1.0,"98031",307000.0
1420,3,1.0,68,1.0,"98125",404000.0
3080,4,3.5,12,2.0,"98075",775000.0
1060,3,1.0,59,1.0,"98022",220000.0
2160,4,2.5,32,2.0,"98028",518000.0
4060,4,3.5,10,2.0,"98033",1600000.0
1940,1,2.25,36,2.0,"98133",315000.0
2250,4,2.5,24,2.0,"98034",572650.0
1620,2,1.0,94,1.0,"98034",350000.0
920,2,1.0,115,1.0,"98108",285000.0
1370,3,2.5,20,2.0,"98032",231000.0
920,3,1.0,46,1.0,"98042",179000.0
1360,3,1.5,52,1.0,"98030",244000.0
1630,3,1.5,72,1.0,"98188",185850.0
3610,6,2.5,45,2.0,"98011",610000.0
3010,4,2.5,10,2.0,"98038",419000.0
2320,3,1.75,58,1.0,"98199",779000.0
3290,5,3.0,11,1.0,"98052",695000.0
2040,3,2.5,17,2.0,"98092",319900.0
1920,3,2.75,37,1.0,"98023",329000.0
2120,3,2.5,27,2.0,"98011",475226.0
2170,3,2.5,12,2.0,"98029",638000.0
1330,2,1.5,31,1.0,"98074",440000.0
1580,3,2.0,73,1.0,"98146",214000.0
3580,3,2.75,26,2.0,"98023",600000.0
2580,4,2.0,110,2.0,"98102",935000.0
1930,4,1.75,74,1.5,"98125",630000.0
2120,3,2.5,11,2.0,"98053",575000.0
1990,3,2.5,28,1.5,"98010",345000.0
1310,4,1.75,48,1.0,"98011",323000.0
2670,3,2.5,27,1.0,"98042",425000.0
1910,2,2.25,43,1.0,"98038",411000.0
1530,4,1.5,39,1.0,"98014",299800.0
2920,6,1.75,107,2.5,"98122",823000.0
1010,3,1.0,60,1.0,"98155",200000.0
2450,4,1.75,28,1.0,"98006",760000.0
1820,4,2.5,16,2.0,"98019",359950.0
2090,4,2.5,32,1.0,"98056",375000.0
2200,2,1.75,42,1.0,"98027",295000.0
2250,4,3.0,29,2.0,"98198",250000.0
1450,3,2.25,15,3.0,"98115",497000.0
2280,4,2.5,28,2.0,"98028",520000.0
2720,4,3.5,16,2.0,"98055",365000.0
2250,3,2.25,39,1.0,"98034",459900.0
1090,3,2.0,75,1.0,"98118",158000.0
1970,3,2.0,48,1.0,"98003",294700.0
2780,4,2.25,30,2.0,"98059",439950.0
2290,4,2.25,55,1.0,"98008",899000.0
2330,3,1.75,32,1.0,"98072",535000.0
4060,4,4.5,8,2.0,"98188",530000.0
1470,4,2.0,48,1.0,"98032",215000.0
1620,2,1.0,89,1.0,"98125",290000.0
3220,5,2.75,9,2.0,"98052",798000.0
3270,4,2.5,22,2.0,"98027",785000.0
2160,3,1.75,44,1.0,"98028",433000.0
1150,2,1.0,93,1.0,"98118",425000.0
2240,4,2.5,53,1.0,"98115",654000.0
1280,3,1.5,32,2.0,"98002",215000.0
840,3,1.0,45,1.0,"98042",232000.0
1680,3,1.75,56,1.0,"98005",675000.0
2330,5,2.75,43,1.0,"98052",665000.0
3030,4,2.5,17,2.0,"98053",835000.0
2880,6,3.0,35,2.0,"98144",525000.0
2910,3,2.75,76,2.0,"98125",780000.0
3090,4,3.25,27,2.0,"98053",844000.0
2720,4,2.75,30,2.0,"98072",680000.0
1310,3,1.5,50,1.0,"98034",290000.0
1790,2,1.0,56,1.0,"98117",560000.0
2830,3,2.5,26,2.0,"98072",605500.0
3150,4,2.5,10,2.0,"98052",762500.0
3930,5,3.25,1,2.0,"98033",1740000.0
2840,6,2.75,54,1.0,"98118",665000.0
2480,5,1.0,96,1.5,"98122",540000.0
1930,3,2.5,54,1.0,"98155",375000.0
1260,3,1.0,71,1.0,"98125",342000.0
670,3,1.0,47,1.0,"98024",340000.0
3930,5,3.25,41,2.0,"98040",1250000.0
3160,4,2.5,16,2.0,"98075",693000.0
1770,4,1.75,53,1.0,"98166",638500.0
2240,5,3.0,52,2.0,"98027",805000.0
990,3,1.0,55,1.0,"98198",250000.0
1580,3,2.5,17,2.0,"98038",325000.0
1560,4,1.75,21,2.0,"98108",270000.0
2640,6,2.5,93,2.0,"98126",880000.0
2120,2,1.75,91,1.0,"98103",300000.0
1200,2,1.0,67,1.0,"98155",290000.0
5040,4,4.0,39,1.0,"98006",2850000.0
1460,3,1.0,73,1.0,"98056",259950.0
4890,4,3.25,11,2.0,"98059",1780000.0
1580,3,1.0,61,1.0,"98056",299950.0
2100,3,2.25,38,1.0,"98077",483000.0
2060,3,2.25,49,1.0,"98033",890000.0
1690,3,2.5,87,1.5,"98116",719000.0
3370,4,3.0,38,1.0,"98058",785000.0
2330,3,2.5,9,2.0,"98029",660000.0
1820,4,1.75,35,1.0,"98031",264000.0
1890,3,1.75,47,1.0,"98006",575000.0
3820,4,3.75,21,1.0,"98072",1215000.0
2770,3,2.5,24,2.0,"98022",475000.0
3020,4,3.5,25,2.0,"98033",845800.0
1170,3,1.75,53,1.0,"98155",352500.0
1270,3,1.0,60,1.0,"98011",347000.0
1950,4,2.75,23,2.0,"98029",560000.0
2230,4,2.75,38,1.0,"98092",323000.0
2220,3,1.75,93,1.5,"98166",595000.0
2060,4,2.0,38,1.0,"98002",257500.0
1100,3,1.0,98,1.0,"98116",450000.0
1140,4,1.0,45,1.0,"98072",410000.0
1980,3,1.75,63,1.0,"98008",810000.0
2480,5,3.0,11,1.0,"98178",372500.0
1050,3,1.0,64,1.0,"98155",325000.0
1260,3,1.0,68,1.0,"98133",280000.0
1680,3,2.0,67,1.0,"98198",258000.0
1360,4,1.0,66,1.5,"98155",329950.0
2450,4,2.5,35,1.0,"98007",836000.0
2260,5,2.5,16,2.0,"98038",365000.0
1060,2,1.0,107,1.0,"98002",111300.0
3720,4,2.5,31,2.0,"98053",864000.0
1610,3,1.75,53,1.0,"98033",725000.0
3350,4,2.5,25,2.0,"98011",550000.0
790,2,1.0,64,1.0,"98198",130000.0
1660,2,1.75,75,1.0,"98112",765000.0
1420,3,1.5,52,1.0,"98058",255000.0
2050,3,2.5,38,1.0,"98027",439500.0
1250,3,1.75,28,1.0,"98055",268000.0
1700,3,1.75,62,1.0,"98004",985000.0
2660,4,2.5,21,2.0,"98006",751305.0
1350,3,1.0,101,1.5,"98118",280000.0
1810,4,2.0,48,1.0,"98058",304000.0
2210,4,2.75,27,2.0,"98003",200000.0
2120,3,1.5,42,1.0,"98092",325000.0
2470,3,2.25,27,2.0,"98052",736000.0
2700,4,2.5,17,2.0,"98058",426500.0
1760,2,1.75,85,1.0,"98103",640000.0
1930,5,2.0,74,1.5,"98146",230000.0
1680,4,1.0,104,1.5,"98118",366350.0
1390,2,1.0,69,1.0,"98166",365000.0
2240,4,2.25,36,2.0,"98034",482000.0
1980,4,1.0,53,1.5,"98058",345000.0
1830,3,1.75,112,1.5,"98122",682000.0
980,3,1.75,73,1.0,"98033",657500.0
3550,6,2.5,90,2.0,"98144",895000.0
1660,3,1.5,97,1.0,"98118",425000.0
2490,4,2.5,39,2.0,"98008",532500.0
2329,4,2.5,20,2.0,"98011",540000.0
1790,3,2.25,31,2.0,"98006",578000.0
2830,3,3.0,100,2.0,"98118",1086000.0
1160,3,1.0,47,1.0,"98077",322500.0
1000,3,1.0,60,1.0,"98003",140000.0
2540,3,2.5,39,1.0,"98042",485000.0
1750,2,1.5,37,1.5,"98010",575000.0
2890,3,2.5,15,2.0,"98188",421000.0
1870,4,2.0,61,1.0,"98106",355000.0
2200,4,2.25,29,2.0,"98011",515000.0
1300,3,1.0,63,1.0,"98146",309000.0
3410,5,2.25,41,2.0,"98005",815000.0
1160,3,1.0,62,1.0,"98125",285000.0
2100,3,1.75,99,1.5,"98117",700000.0
1490,3,2.5,21,2.0,"98038",289000.0
3280,4,3.0,36,1.5,"98077",458000.0
1450,3,1.75,37,1.0,"98023",230000.0
1930,3,2.5,54,1.0,"98133",432500.0
1660,3,1.75,37,1.0,"98045",288000.0
1260,3,1.75,47,1.0,"98072",354000.0
1170,3,1.0,35,1.0,"98019",119500.0
3350,4,3.0,36,1.0,"98006",805000.0
1420,3,2.5,11,3.0,"98133",435000.0
2170,3,1.75,37,1.0,"98001",260000.0
1800,4,1.75,65,1.0,"98133",377000.0
2000,4,2.5,25,2.0,"98029",602000.0
1660,3,1.75,74,1.0,"98116",530000.0
1540,4,2.0,69,1.0,"98117",525000.0
1160,2,1.5,9,2.0,"98155",250000.0
1700,3,1.0,108,1.5,"98118",681000.0
1580,3,1.75,45,1.0,"98125",625000.0
2080,3,2.5,5,2.0,"98118",448500.0
1030,3,2.0,68,1.0,"98146",260000.0
1770,3,1.75,52,1.0,"98008",538000.0
1540,3,2.0,54,1.0,"98011",385500.0
2650,4,2.5,15,2.0,"98038",428400.0
2690,4,2.75,17,2.0,"98022",346290.0
2210,4,2.75,16,2.0,"98075",587000.0
2390,4,2.5,12,2.0,"98056",355000.0
2580,5,2.75,51,1.0,"98007",650000.0
2160,4,2.5,12,2.0,"98056",340000.0
2230,4,2.5,46,1.0,"98052",565000.0
2000,4,2.0,90,1.5,"98144",630000.0
1280,3,1.0,99,1.0,"98022",227000.0
2810,4,2.75,37,1.0,"98052",600000.0
1680,4,1.75,41,1.0,"98008",540400.0
2150,3,2.5,20,2.0,"98033",569000.0
2820,3,2.5,11,2.0,"98029",735000.0
1750,3,2.25,28,1.0,"98034",434000.0
1060,2,2.0,101,1.0,"98103",578888.0
2430,4,2.75,48,1.0,"98072",465425.0
2660,4,2.75,29,1.5,"98023",280500.0
1670,2,2.0,8,1.0,"98029",539950.0
1380,3,2.0,47,1.0,"98075",406430.0
4160,4,3.75,24,2.0,"98053",1150000.0
1790,3,2.5,23,2.0,"98031",250000.0
1940,3,2.5,26,1.0,"98030",266000.0
1390,3,2.0,19,1.0,"98058",258000.0
2200,3,2.0,54,1.0,"98155",472000.0
1264,3,2.25,12,2.0,"98105",530000.0
1095,2,1.0,114,1.5,"98122",302282.0
850,2,1.0,99,1.0,"98136",370000.0
1760,4,2.0,67,1.5,"98105",625000.0
690,1,1.0,98,1.0,"98002",142500.0
1400,3,1.75,54,1.0,"98133",334000.0
1810,5,3.0,17,2.0,"98118",362000.0
1310,2,1.0,73,1.0,"98144",181000.0
1400,3,1.0,47,1.0,"98003",241500.0
2350,3,1.75,51,1.0,"98030",245000.0
1150,3,1.0,47,1.0,"98042",227500.0
1710,5,1.5,54,1.5,"98032",158550.0
1660,3,2.25,47,1.0,"98034",450000.0
1950,3,1.75,48,1.0,"98034",485000.0
1780,4,1.75,48,1.0,"98077",353000.0
2450,4,3.0,11,2.0,"98028",500000.0
2060,1,2.25,88,1.5,"98003",360000.0
1540,3,1.5,49,1.0,"98059",357500.0
1650,3,2.5,17,2.0,"98014",272000.0
1160,3,1.0,55,1.0,"98125",422000.0
1440,2,2.0,30,1.0,"98072",365000.0
2150,3,1.75,49,1.0,"98155",450000.0
1060,2,1.0,65,1.0,"98155",275053.0
2620,3,2.75,66,1.0,"98039",1880000.0
1630,3,1.75,60,1.0,"98004",725000.0
1840,3,1.75,30,1.0,"98030",235000.0
820,2,1.0,66,1.0,"98125",510000.0
820,2,1.0,66,1.0,"98125",489950.0
2010,3,2.5,17,2.0,"98034",463000.0
1990,4,2.25,24,2.0,"98029",536000.0
2990,4,2.5,12,2.0,"98003",375000.0
2540,4,2.5,16,2.0,"98034",630000.0
1640,3,2.25,52,1.0,"98148",362000.0
2500,4,2.75,36,1.0,"98003",350000.0
4020,4,3.5,14,2.0,"98004",1691000.0
1500,3,2.0,72,1.0,"98166",255000.0
1594,4,2.5,40,1.0,"98002",269000.0
2130,4,3.0,85,1.5,"98055",370000.0
1130,3,1.0,54,1.0,"98059",270000.0
1690,3,2.0,18,1.0,"98022",265000.0
1440,2,1.0,69,1.0,"98117",487000.0
3270,4,3.25,14,2.0,"98074",835000.0
4350,4,3.25,9,1.0,"98027",850000.0
1610,4,2.75,33,1.0,"98033",575000.0
950,3,1.0,47,1.0,"98034",335000.0
1010,3,1.0,67,1.0,"98155",318000.0
1420,3,2.0,35,1.0,"98027",510000.0
1200,3,1.5,50,1.0,"98042",242500.0
2020,5,2.25,52,1.0,"98040",750000.0
3390,5,3.5,12,2.0,"98056",439900.0
1700,2,1.0,101,1.5,"98119",710000.0
3410,5,3.25,103,2.0,"98119",2400000.0
2030,3,1.75,39,1.0,"98011",435000.0
2860,4,2.75,69,1.0,"98115",874000.0
1690,4,1.75,31,1.0,"98144",385000.0
760,2,1.0,85,1.0,"98055",110000.0
1780,3,1.75,39,1.0,"98011",477000.0
1550,3,2.0,97,1.5,"98126",500000.0
4090,4,2.5,10,2.0,"98075",885000.0
880,2,1.0,60,1.0,"98178",235000.0
1320,3,2.75,20,1.0,"98030",210000.0
950,2,1.0,105,1.0,"98144",320000.0
1390,3,1.75,30,1.0,"98056",406000.0
1900,3,1.75,52,1.0,"98166",350000.0
1392,2,0.75,37,1.5,"98070",350000.0
3340,4,2.5,16,2.0,"98065",720000.0
2750,4,2.75,34,1.0,"98198",604700.0
1400,3,1.0,95,1.5,"98027",343000.0
2220,3,2.25,33,1.0,"98074",558000.0
1210,4,1.0,93,1.5,"98126",364000.0
2390,3,1.75,56,1.0,"98155",420000.0
1870,5,2.0,55,1.5,"98007",450000.0
940,2,1.5,90,1.0,"98126",392000.0
1120,4,1.0,76,1.0,"98055",100000.0
1250,3,2.5,10,3.0,"98103",480000.0
1060,3,1.5,60,1.0,"98003",212000.0
2410,5,2.5,37,1.0,"98011",560000.0
2844,5,2.75,2,2.0,"98092",359950.0
2200,4,2.5,36,1.0,"98077",535000.0
3460,5,4.0,3,2.0,"98056",980000.0
1580,2,1.0,94,2.0,"98103",720000.0
1520,2,1.0,64,1.0,"98115",619950.0
2260,3,2.5,21,2.0,"98058",489000.0
1800,4,2.0,92,1.0,"98115",415000.0
2650,4,2.5,28,2.0,"98074",672500.0
1000,3,1.0,30,1.0,"98052",352500.0
2300,4,2.0,53,1.0,"98003",258750.0
1080,3,1.0,99,1.0,"98133",350000.0
902,3,1.0,50,1.0,"98198",152000.0
730,2,1.0,69,1.0,"98115",378500.0
2600,4,1.75,50,1.5,"98033",1017000.0
1570,3,1.5,59,1.0,"98007",419000.0
2876,5,3.0,42,1.0,"98040",895000.0
2290,4,2.25,39,1.0,"98006",668500.0
1470,2,2.5,10,2.0,"98033",487000.0
2620,3,3.5,23,2.0,"98146",538000.0
2680,5,1.5,52,1.0,"98004",898000.0
2020,4,2.0,20,1.0,"98003",315000.0
2100,3,2.5,70,2.0,"98116",800000.0
1510,3,1.75,53,1.0,"98008",516130.0
2850,3,2.5,37,1.5,"98008",1600000.0
4280,4,2.5,16,2.0,"98006",1200000.0
3238,4,2.5,36,1.0,"98198",355425.0
2740,3,2.5,102,2.0,"98112",1157400.0
2020,4,2.5,61,2.0,"98136",689000.0
1520,3,3.25,15,3.0,"98107",500000.0
3860,5,2.5,60,1.0,"98001",430000.0
1600,4,2.25,36,1.0,"98045",299500.0
2090,4,2.5,26,2.0,"98058",349950.0
4020,5,3.25,5,2.0,"98004",1419000.0
2910,4,2.25,27,2.0,"98006",998000.0
900,3,1.0,45,1.0,"98072",329000.0
1720,3,1.75,34,2.0,"98033",575000.0
3030,5,2.25,54,2.0,"98133",529900.0
3030,4,2.5,12,1.0,"98004",1470000.0
2190,4,1.75,53,1.0,"98033",725000.0
1680,3,2.5,28,2.0,"98023",286000.0
1210,3,2.0,61,1.0,"98006",335000.0
1120,3,1.5,60,1.0,"98007",395300.0
3180,4,2.75,11,2.0,"98019",510000.0
920,3,1.0,45,1.0,"98032",203000.0
700,2,1.0,62,1.0,"98155",248000.0
2540,3,2.25,24,2.0,"98023",265000.0
2100,4,1.5,103,1.5,"98103",1000000.0
1540,3,1.0,66,1.5,"98125",1000000.0
1420,3,2.0,25,1.0,"98010",241400.0
1450,4,1.75,49,1.0,"98058",309950.0
1550,3,1.75,70,1.0,"98106",294010.0
1920,3,2.25,31,2.0,"98074",345000.0
1920,3,2.25,31,2.0,"98074",625000.0
2510,4,2.5,13,2.0,"98075",660000.0
1660,2,2.0,12,1.0,"98053",559000.0
3990,4,3.25,11,2.0,"98053",866000.0
2350,3,2.0,76,1.5,"98112",770000.0
1350,3,1.5,47,1.0,"98030",259950.0
2980,5,2.75,47,1.0,"98030",352000.0
6390,5,4.75,75,2.0,"98112",2466350.0
1590,3,2.0,49,1.0,"98034",395000.0
1400,4,1.75,73,1.5,"98168",276500.0
1880,3,2.25,28,1.5,"98024",530000.0
3500,4,3.25,28,2.0,"98008",798000.0
1370,2,2.0,29,1.0,"98034",380000.0
2810,4,2.5,14,2.0,"98022",350000.0
2220,3,2.5,25,2.0,"98031",325000.0
2110,3,2.5,26,2.0,"98042",336000.0
1720,3,2.25,41,1.0,"98042",286900.0
1780,5,2.25,39,1.0,"98052",472000.0
1410,3,1.75,30,2.0,"98038",263000.0
2110,3,3.0,50,1.0,"98126",565000.0
2700,3,2.5,23,2.0,"98006",765000.0
2610,3,2.25,52,1.0,"98075",1517000.0
1660,3,2.0,34,1.0,"98034",405000.0
4570,4,3.5,13,2.0,"98075",1098000.0
3760,3,3.0,36,1.0,"98092",555000.0
1610,3,2.5,9,2.0,"98055",305000.0
1740,3,2.25,23,1.0,"98198",289950.0
3530,5,3.5,16,2.0,"98019",487500.0
840,3,1.0,56,1.0,"98023",96500.0
840,3,1.0,56,1.0,"98023",185000.0
1470,4,1.0,70,1.5,"98168",150550.0
2470,4,2.0,67,1.5,"98106",339000.0
2220,4,1.75,65,1.0,"98125",675000.0
1720,3,1.75,91,1.0,"98144",615000.0
2700,4,2.5,21,2.0,"98033",837500.0
950,2,1.0,83,1.0,"98028",250000.0
1790,3,2.5,26,2.0,"98074",583000.0
1610,3,2.5,15,3.0,"98115",499000.0
2290,3,2.5,14,2.0,"98146",550000.0
2170,4,2.5,35,1.0,"98022",400000.0
2100,3,2.5,7,2.0,"98004",990400.0
2320,3,2.5,41,1.5,"98075",600000.0
1120,2,1.0,61,1.0,"98155",325000.0
1530,3,2.5,24,2.0,"98038",265000.0
3490,3,2.5,55,1.0,"98105",1620500.0
1180,3,1.5,55,1.0,"98155",347500.0
2050,5,2.0,103,1.5,"98103",629000.0
2360,2,2.0,18,1.5,"98040",1087500.0
2570,4,2.5,23,2.0,"98038",397500.0
1270,2,1.0,106,1.5,"98144",404500.0
1250,3,1.5,48,1.0,"98030",225000.0
2510,3,2.25,37,1.0,"98023",267000.0
2690,4,3.75,106,2.0,"98119",800000.0
2900,4,2.5,14,2.0,"98001",339000.0
3830,4,2.5,34,1.0,"98155",1850000.0
1280,5,1.0,92,1.5,"98105",525000.0
4350,5,3.5,8,2.0,"98027",1150000.0
1370,1,1.0,94,1.5,"98136",565000.0
1230,2,2.25,3,2.0,"98144",387000.0
2440,4,2.5,28,2.0,"98053",720000.0
4410,4,3.5,19,2.0,"98006",1500000.0
910,2,1.0,79,1.0,"98125",235000.0
910,2,1.0,79,1.0,"98125",365000.0
2150,3,2.5,27,2.0,"98074",368250.0
2150,3,2.5,27,2.0,"98074",580000.0
3190,4,3.25,59,2.0,"98178",1100000.0
2130,4,2.5,11,2.0,"98001",215000.0
2740,4,2.5,26,2.0,"98029",648000.0
3150,4,3.0,14,2.0,"98075",705000.0
1450,3,2.25,10,2.0,"98107",465000.0
2400,5,2.0,104,1.5,"98103",650000.0
2280,4,2.25,52,1.0,"98198",335000.0
2310,4,2.0,31,1.5,"98072",640000.0
2460,4,2.5,26,2.0,"98074",638250.0
4200,4,3.5,19,2.0,"98040",1460000.0
1620,4,2.0,106,2.0,"98108",375000.0
2170,4,1.75,55,1.0,"98040",842000.0
2880,3,2.25,45,1.0,"98133",499950.0
3280,4,2.5,30,2.0,"98074",810000.0
2900,5,2.0,46,2.0,"98072",310000.0
2160,3,2.5,1,1.0,"98103",730000.0
2250,4,1.75,91,1.5,"98115",637800.0
1340,3,1.0,112,1.5,"98055",225000.0
1390,4,1.0,74,1.5,"98177",417500.0
1600,4,2.0,43,1.0,"98022",265000.0
2050,4,2.5,28,2.0,"98074",550000.0
2570,3,2.0,47,1.0,"98024",625700.0
2660,3,2.5,24,2.0,"98011",595000.0
1540,3,1.5,43,1.0,"98059",270000.0
2640,5,3.0,109,2.0,"98112",739375.0
1210,2,1.75,1,2.0,"98029",357562.0
3760,4,2.5,28,2.0,"98052",1010000.0
1350,2,1.75,11,1.0,"98053",455000.0
2600,5,2.25,46,1.0,"98023",310000.0
3900,3,2.75,48,2.0,"98024",415000.0
1340,2,1.0,65,1.0,"98177",452000.0
1760,3,2.0,62,1.0,"98004",810000.0
1840,3,2.0,64,1.0,"98117",730001.0
2980,3,2.25,26,1.0,"98053",825000.0
1730,3,2.5,19,2.0,"98103",665000.0
1650,4,1.75,47,1.0,"98058",327500.0
3370,3,2.5,27,2.0,"98075",699950.0
2200,3,2.5,30,2.0,"98092",424000.0
2180,4,2.5,89,1.5,"98117",657000.0
1490,3,1.75,41,1.0,"98008",445000.0
1530,3,2.5,8,2.0,"98119",450000.0
1180,3,1.0,51,1.0,"98034",350000.0
2080,4,2.5,19,2.0,"98059",460000.0
3200,4,2.5,45,1.0,"98031",385000.0
1880,4,2.25,22,2.0,"98023",272000.0
2510,3,2.5,14,2.0,"98053",535000.0
1060,2,1.0,46,1.0,"98042",216500.0
2130,3,2.5,26,2.0,"98042",325000.0
1320,3,1.75,47,1.0,"98034",420200.0
1040,3,1.75,64,1.0,"98178",258000.0
1150,3,2.0,98,1.5,"98103",450000.0
2120,4,2.25,89,2.0,"98117",720168.0
2130,3,2.0,90,1.5,"98107",652000.0
2340,4,2.5,26,2.0,"98074",569500.0
2250,4,1.75,52,1.0,"98042",411000.0
1890,3,1.75,41,1.0,"98117",524950.0
1140,2,1.0,73,1.0,"98155",153000.0
2780,3,2.5,15,2.0,"98126",775000.0
2390,4,2.5,18,2.0,"98030",338500.0
2390,3,1.75,40,1.0,"98052",570000.0
2680,3,2.0,65,1.0,"98038",653000.0
1560,2,2.5,7,2.0,"98122",435000.0
1130,2,1.0,63,1.0,"98168",207000.0
1120,2,1.0,44,1.0,"98008",540000.0
2050,4,2.25,50,2.0,"98198",386000.0
2600,5,2.25,46,1.5,"98092",265000.0
1050,3,2.25,9,2.0,"98106",250000.0
2600,3,2.0,45,2.0,"98122",1697000.0
2811,4,2.5,6,2.0,"98038",455000.0
4060,4,3.25,15,2.0,"98040",1795000.0
2260,3,2.0,74,1.0,"98144",759000.0
4430,4,2.75,25,2.0,"98053",970000.0
2430,3,2.25,37,1.0,"98006",690000.0
3420,3,2.5,28,1.0,"98006",789900.0
1180,2,1.0,89,1.5,"98103",447500.0
2010,4,2.25,41,1.0,"98034",440000.0
1230,3,2.0,21,1.0,"98042",278000.0
2750,5,2.5,111,1.5,"98103",980000.0
1300,3,2.75,19,1.0,"98030",245000.0
1150,3,1.5,44,1.0,"98045",287000.0
2220,3,1.75,27,1.0,"98027",435000.0
2050,3,2.5,26,2.0,"98059",585000.0
1700,4,1.75,58,1.0,"98199",616000.0
1610,3,1.75,37,1.0,"98092",203000.0
2720,4,2.75,95,2.0,"98107",860000.0
2190,4,2.5,42,1.0,"98033",833000.0
2730,4,2.75,12,2.0,"98072",565000.0
2490,3,2.5,24,2.0,"98056",572500.0
1510,4,2.0,60,1.0,"98108",254000.0
4720,4,4.25,44,3.0,"98177",1525000.0
3810,4,3.0,12,2.0,"98077",900000.0
1950,3,2.5,19,2.0,"98033",899000.0
1300,3,2.0,72,1.0,"98136",560000.0
1610,3,1.75,39,1.0,"98007",512500.0
2040,4,2.5,91,1.5,"98117",775000.0
700,2,1.0,62,1.0,"98056",200000.0
970,3,1.0,72,1.0,"98106",172000.0
910,3,1.0,59,1.0,"98146",219900.0
1060,3,1.0,63,1.0,"98004",641200.0
2180,5,3.25,33,2.0,"98034",473000.0
2050,3,1.75,31,1.0,"98074",540000.0
750,2,1.0,70,1.0,"98122",295000.0
800,3,1.0,107,1.0,"98103",370000.0
3470,4,2.25,109,1.5,"98122",1727000.0
1390,3,1.5,93,1.0,"98024",275000.0
900,3,1.0,46,1.0,"98023",89000.0
1050,2,1.75,40,1.5,"98019",175000.0
2410,3,2.5,26,1.0,"98023",490000.0
1180,3,2.25,29,2.0,"98028",342400.0
1140,3,1.0,111,2.0,"98144",345000.0
700,2,1.0,69,1.0,"98112",399000.0
2060,4,2.5,55,1.0,"98006",550000.0
2230,3,2.25,41,1.0,"98006",652450.0
1950,2,2.25,62,1.0,"98133",438000.0
2100,3,1.75,74,1.0,"98126",605000.0
2130,4,2.5,46,1.0,"98059",395000.0
1880,3,2.0,113,2.0,"98122",449950.0
2310,4,2.5,12,2.0,"98074",651100.0
880,3,1.0,70,1.0,"98178",241000.0
1290,2,1.5,46,1.0,"98008",268500.0
1010,2,1.0,59,1.0,"98166",200000.0
1690,4,1.75,69,1.0,"98126",400375.0
1350,2,1.75,10,1.0,"98053",429000.0
680,3,1.0,112,1.0,"98144",230000.0
2860,4,2.25,33,2.0,"98004",1200000.0
610,1,1.0,97,1.0,"98117",314200.0
2660,4,2.5,48,1.0,"98166",513000.0
1390,2,1.0,107,1.0,"98118",535000.0
2290,6,3.0,35,2.0,"98126",420000.0
2110,3,2.5,26,2.0,"98042",345950.0
1200,3,2.0,84,1.0,"98116",483500.0
2360,4,2.25,14,2.0,"98117",695000.0
2350,4,2.5,22,2.0,"98031",295000.0
1590,3,2.25,39,1.0,"98155",434975.0
1810,3,2.5,23,2.0,"98029",513000.0
1900,3,1.75,52,1.0,"98155",360000.0
1250,3,1.0,59,1.0,"98146",234900.0
3280,4,3.5,8,2.0,"98027",963000.0
870,2,1.5,91,1.0,"98119",595000.0
3570,4,3.25,9,2.0,"98065",942500.0
3780,4,3.25,13,2.0,"98059",1029000.0
1190,3,1.0,111,1.5,"98144",350000.0
2280,4,2.0,24,2.0,"98070",416500.0
1030,3,1.0,103,1.5,"98042",209900.0
2870,3,1.75,108,1.5,"98144",802000.0
1520,4,1.5,55,1.0,"98002",230000.0
3700,3,3.0,33,2.0,"98188",489000.0
2240,3,1.5,59,1.0,"98034",497000.0
1920,3,2.25,50,1.0,"98148",250000.0
2560,3,3.0,21,2.0,"98119",925000.0
1840,4,2.5,24,2.0,"98059",390000.0
2080,3,2.75,27,1.0,"98028",415000.0
1600,3,2.0,63,1.0,"98040",785000.0
2168,3,2.0,108,1.5,"98105",575000.0
860,2,1.0,91,1.0,"98146",170000.0
2100,4,1.75,100,1.0,"98119",750000.0
1140,3,1.0,48,1.0,"98001",230000.0
3090,4,3.0,37,2.0,"98005",855000.0
1330,3,1.0,48,2.0,"98058",235000.0
1360,2,1.0,78,1.0,"98065",335000.0
3420,5,3.0,63,2.0,"98040",1195000.0
2180,4,2.0,88,1.5,"98144",677000.0
1800,3,2.0,90,2.0,"98136",575000.0
1120,2,1.0,91,1.0,"98118",450000.0
2980,3,2.5,16,2.0,"98033",817250.0
2600,4,2.25,47,1.0,"98072",440000.0
1550,2,2.0,115,1.5,"98103",526000.0
3330,3,2.25,29,2.0,"98077",762500.0
2200,4,2.5,15,2.0,"98030",325000.0
3840,4,3.5,17,2.0,"98014",840000.0
840,2,1.0,76,1.0,"98136",377500.0
1270,3,1.5,61,1.0,"98198",212500.0
3240,4,2.5,30,2.0,"98052",749400.0
2480,3,2.5,41,1.5,"98070",663000.0
4470,3,2.25,62,2.0,"98006",1476000.0
1780,3,1.0,58,1.0,"98178",261000.0
1850,4,2.5,18,2.0,"98028",515000.0
2200,3,2.25,28,2.0,"98038",410000.0
2760,3,2.25,46,1.0,"98058",336000.0
1090,2,1.0,67,1.0,"98115",440000.0
3090,4,2.75,1,2.0,"98006",908950.0
820,2,1.0,47,1.0,"98040",554000.0
1445,3,2.25,12,2.0,"98027",387000.0
1810,4,2.25,54,2.0,"98055",268643.0
1620,3,1.75,61,1.0,"98117",514000.0
1060,2,1.75,38,2.0,"98115",420000.0
1050,3,1.75,47,1.0,"98042",199000.0
1010,3,1.0,66,1.0,"98188",225000.0
2050,4,2.5,22,2.0,"98022",320000.0
970,2,1.0,111,1.0,"98031",204995.0
1540,3,2.0,10,2.0,"98029",376000.0
3000,4,2.75,11,2.0,"98029",705000.0
3190,4,2.5,14,2.0,"98065",725995.0
1870,4,2.5,38,1.0,"98058",285000.0
2200,4,2.5,28,2.0,"98001",285000.0
3070,4,2.5,10,2.0,"98075",731000.0
3730,4,3.75,29,2.0,"98040",1564350.0
2440,4,2.5,60,1.0,"98034",510000.0
990,2,1.0,106,1.0,"98103",620000.0
4160,3,4.0,26,2.0,"98053",1110000.0
3670,4,3.5,10,2.0,"98177",796000.0
910,3,1.5,72,1.0,"98188",255000.0
1940,3,2.5,15,2.0,"98199",807000.0
1780,4,2.5,15,2.0,"98038",315000.0
2200,3,2.25,29,2.0,"98052",637000.0
6410,4,4.25,109,2.5,"98144",2725000.0
2070,3,2.0,34,1.0,"98074",490000.0
2040,3,1.75,53,1.0,"98188",253000.0
2320,4,2.5,11,2.0,"98042",325900.0
1440,2,2.0,63,1.0,"98118",425000.0
1700,4,2.5,18,2.0,"98038",215000.0
1700,4,2.5,18,2.0,"98038",315000.0
2050,3,2.0,89,1.0,"98112",724800.0
800,2,1.0,62,1.0,"98133",295000.0
1800,3,1.75,64,1.0,"98177",509007.0
1460,5,2.0,105,1.5,"98030",306000.0
1290,3,1.75,31,1.0,"98023",205000.0
1900,3,1.5,47,1.0,"98031",275000.0
1480,3,1.75,52,1.0,"98122",685000.0
2090,4,2.5,46,1.0,"98034",465000.0
1950,4,2.25,47,1.0,"98033",560000.0
1250,3,1.75,51,1.0,"98008",458500.0
990,3,1.0,56,1.0,"98008",354000.0
2740,3,2.5,17,2.0,"98058",441000.0
1260,3,1.75,63,1.0,"98106",194000.0
2150,4,2.5,24,2.0,"98031",316500.0
1750,3,1.75,86,1.5,"98117",524950.0
2880,3,2.25,32,2.0,"98116",1052000.0
2590,4,2.25,40,2.0,"98005",925000.0
2430,3,1.75,91,1.5,"98103",780000.0
1470,2,2.0,10,2.0,"98038",241000.0
2020,3,2.75,61,1.0,"98166",519000.0
610,2,1.0,97,1.0,"98136",286000.0
3000,3,2.0,53,1.0,"98125",400000.0
920,2,1.0,92,1.0,"98024",255000.0
1070,3,1.75,62,1.0,"98146",152000.0
3410,4,2.0,43,2.0,"98052",599000.0
1820,4,2.5,14,2.0,"98019",330000.0
1060,2,1.0,89,1.0,"98133",461000.0
3070,5,2.5,20,2.0,"98059",620000.0
2300,4,2.5,57,1.0,"98038",352500.0
1610,3,2.0,27,1.0,"98034",435000.0
2830,5,2.75,9,2.0,"98052",725000.0
970,3,1.0,33,1.0,"98028",300000.0
1680,3,2.5,26,2.0,"98038",252000.0
2040,4,2.75,41,1.0,"98033",464625.0
1450,3,1.0,65,2.0,"98155",340000.0
2870,4,2.25,110,1.5,"98112",1325000.0
1870,5,2.0,46,1.0,"98027",455000.0
2490,4,3.5,12,2.0,"98070",495000.0
3350,4,2.5,13,2.0,"98117",925000.0
3190,4,2.75,9,2.0,"98065",587000.0
1560,3,1.75,71,1.0,"98199",524000.0
2750,4,2.5,110,2.0,"98103",1030000.0
920,2,1.0,35,1.0,"98198",176000.0
1140,2,1.0,68,1.0,"98106",249900.0
2520,3,2.5,27,1.5,"98019",499500.0
3150,5,3.5,41,1.0,"98011",600000.0
2040,4,2.5,12,2.0,"98168",294000.0
1780,4,2.0,52,1.0,"98058",272000.0
2240,3,2.5,19,2.0,"98028",390000.0
3270,4,2.5,44,1.0,"98166",700000.0
3110,5,2.75,9,2.0,"98065",635000.0
1850,4,1.5,86,2.0,"98112",920000.0
1570,3,1.75,32,1.0,"98033",500000.0
750,2,1.0,73,1.0,"98106",263500.0
2240,4,2.25,48,2.0,"98040",975000.0
1870,3,2.5,14,2.0,"98029",575000.0
2683,4,2.5,28,2.0,"98052",822000.0
1490,3,1.0,61,1.0,"98125",300000.0
2340,4,2.5,16,2.0,"98019",487600.0
1700,4,2.0,60,1.0,"98006",500000.0
1450,2,2.0,1,3.0,"98109",680000.0
3310,3,2.5,11,2.0,"98023",419000.0
1520,4,1.75,66,1.0,"98199",450000.0
1260,5,1.75,89,1.5,"98119",650000.0
1840,3,1.75,51,1.0,"98052",550000.0
1750,4,2.0,73,1.0,"98108",330000.0
1450,4,1.0,83,1.5,"98030",282510.0
6330,4,4.0,15,2.0,"98033",2385000.0
1260,2,2.0,32,1.0,"98003",230000.0
2100,4,1.75,106,2.0,"98116",750000.0
2430,4,2.5,13,2.0,"98092",321000.0
4250,4,3.25,35,2.0,"98040",2196000.0
1830,4,2.0,57,1.0,"98146",245000.0
1310,2,1.0,102,1.0,"98103",510000.0
3090,4,3.25,11,2.0,"98052",751000.0
2560,4,2.5,28,2.0,"98075",675000.0
1930,3,1.75,48,1.0,"98023",295000.0
1460,2,1.0,90,1.0,"98115",312000.0
3460,3,3.0,27,2.0,"98077",730000.0
3290,5,3.5,10,2.0,"98052",762500.0
820,3,1.0,105,1.5,"98106",150000.0
1480,3,1.0,61,1.0,"98133",270000.0
1420,4,2.0,52,1.0,"98008",400000.0
2790,3,2.5,13,2.0,"98075",650000.0
1390,2,1.5,61,1.0,"98116",530000.0
950,3,1.0,61,1.0,"98006",248000.0
3000,4,3.5,66,1.0,"98115",760000.0
1280,4,1.0,55,1.5,"98198",199000.0
870,2,1.0,55,1.0,"98188",240000.0
1360,3,1.5,70,2.0,"98199",415000.0
1000,3,1.0,56,1.0,"98059",228000.0
2740,4,2.5,23,1.0,"98133",525000.0
1560,3,1.75,75,1.0,"98125",399950.0
2590,4,2.5,27,2.0,"98052",781000.0
1850,3,2.5,11,2.5,"98115",827000.0
2500,5,2.25,47,1.5,"98034",525000.0
3280,4,2.5,11,2.0,"98053",671300.0
670,2,1.0,96,1.0,"98126",175000.0
2890,5,2.75,52,1.0,"98040",1100000.0
3000,5,2.5,49,1.0,"98004",800000.0
1920,4,2.5,13,2.0,"98038",329950.0
1960,4,3.25,36,2.0,"98034",445000.0
2000,3,1.75,36,1.0,"98032",237000.0
3600,6,4.0,70,2.0,"98199",1112500.0
2740,4,2.5,9,2.0,"98038",438900.0
3650,9,4.5,100,2.0,"98105",1280000.0
2310,4,2.5,10,2.0,"98029",600000.0
2095,4,2.5,13,2.0,"98052",670000.0
1560,2,2.0,11,1.0,"98053",519000.0
1880,3,2.25,31,1.0,"98058",320000.0
840,2,1.5,10,2.0,"98115",270000.0
2730,3,2.5,17,2.0,"98005",1000000.0
860,1,1.0,108,1.0,"98122",330000.0
2320,3,2.0,59,1.0,"98005",657500.0
1540,3,1.75,48,1.0,"98028",450000.0
890,3,1.0,87,1.5,"98014",150000.0
4290,4,2.5,11,2.0,"98010",792500.0
1950,3,2.5,37,2.0,"98034",540000.0
1010,3,1.0,47,1.0,"98003",229900.0
2830,4,2.5,12,2.0,"98038",533000.0
1500,4,1.75,38,1.0,"98002",239000.0
3370,3,2.5,15,1.0,"98038",713900.0
3160,4,2.5,16,2.0,"98092",427500.0
1110,3,1.0,60,1.5,"98133",302000.0
3830,3,2.5,24,2.0,"98006",1150000.0
3160,3,2.5,9,2.0,"98011",555000.0
2100,3,2.25,19,2.0,"98144",495000.0
2240,3,1.5,62,1.0,"98033",495000.0
1060,2,0.75,68,1.0,"98070",340000.0
2350,4,2.25,32,1.0,"98042",464950.0
1940,4,2.5,17,2.0,"98092",320000.0
1160,1,1.0,6,1.0,"98072",440000.0
1840,3,1.5,54,2.0,"98177",686000.0
2260,4,1.75,39,1.0,"98008",555000.0
840,2,1.0,106,1.0,"98117",361500.0
2830,5,3.0,92,2.0,"98105",1240000.0
1600,4,1.0,49,1.0,"98002",154950.0
1370,3,1.75,33,1.0,"98042",247200.0
1960,3,2.25,31,1.0,"98023",250000.0
1470,3,1.5,108,2.0,"98118",590300.0
2740,5,2.75,55,1.0,"98006",541125.0
1090,2,2.5,11,2.0,"98027",310000.0
2460,4,2.75,39,1.0,"98034",704111.0
1820,3,2.25,51,1.0,"98001",277500.0
1960,4,2.75,61,1.0,"98188",325000.0
1760,3,2.25,20,2.0,"98019",289200.0
720,1,1.0,107,1.0,"98118",185000.0
3470,4,3.5,8,2.0,"98199",1445000.0
1370,4,2.0,68,1.0,"98155",420550.0
2370,4,2.25,47,1.0,"98155",603000.0
1390,3,1.0,112,1.5,"98122",345000.0
1840,3,2.0,87,1.0,"98103",650000.0
2790,5,3.0,42,1.0,"98058",589950.0
1460,2,2.25,8,2.0,"98106",309950.0
2620,3,2.5,17,1.5,"98027",775000.0
2230,4,1.5,97,1.5,"98115",590000.0
3250,4,3.0,110,2.5,"98122",863500.0
1190,3,1.0,72,1.0,"98199",517500.0
2090,3,3.0,93,1.5,"98103",700000.0
2580,3,2.5,59,1.0,"98177",699000.0
2100,3,2.5,10,2.0,"98019",350000.0
3160,4,2.5,28,2.0,"98074",795000.0
2090,3,2.5,53,1.0,"98133",543000.0
1570,3,2.5,14,2.0,"98019",325000.0
1020,3,1.0,115,1.5,"98108",337500.0
1300,2,1.0,60,1.0,"98034",425000.0
2110,3,2.5,29,1.0,"98006",780000.0
1210,2,1.0,67,1.0,"98059",259000.0
1990,4,1.75,47,1.0,"98006",524400.0
1630,3,2.0,12,1.0,"98001",260000.0
1384,2,2.0,25,2.0,"98028",273000.0
3380,4,2.5,18,2.0,"98001",639900.0
2480,4,2.5,14,2.0,"98001",420000.0
1270,3,1.0,58,1.0,"98007",510500.0
1010,4,1.0,68,1.5,"98155",290000.0
1490,3,1.75,71,1.0,"98056",226000.0
820,2,1.0,99,1.0,"98133",300000.0
1810,3,2.0,48,1.0,"98053",407450.0
3060,4,2.25,50,1.0,"98178",390000.0
2980,6,2.75,50,1.0,"98177",1058800.0
3440,3,2.5,24,2.0,"98023",610000.0
1820,3,2.5,56,1.0,"98188",239975.0
2320,3,2.5,28,1.0,"98178",375000.0
2620,4,2.5,11,2.0,"98029",742500.0
2190,4,1.75,59,1.0,"98146",450000.0
1780,3,2.25,48,1.0,"98058",300000.0
2200,3,1.75,40,1.0,"98031",216600.0
1600,3,1.75,91,1.5,"98115",525000.0
2450,4,2.25,61,1.0,"98166",455000.0
2680,4,2.25,29,2.0,"98027",390000.0
1850,3,1.75,33,1.0,"98033",450000.0
1740,4,1.0,91,1.5,"98122",382000.0
1490,3,2.25,28,1.0,"98019",287000.0
1960,4,2.0,44,1.0,"98027",460000.0
1380,3,2.25,6,2.0,"98052",435000.0
1510,2,1.0,80,1.5,"98199",575000.0
1410,3,1.5,109,1.0,"98109",626700.0
1440,4,1.5,93,1.5,"98178",352000.0
920,3,1.0,64,1.0,"98004",650000.0
1090,3,1.0,53,1.0,"98002",197000.0
2790,8,2.75,38,1.0,"98133",340000.0
1840,3,2.0,47,1.0,"98033",560000.0
1340,3,1.75,43,1.0,"98034",354000.0
2570,4,2.5,16,2.0,"98074",670000.0
3010,4,3.5,10,2.0,"98029",769000.0
2160,4,2.5,75,1.0,"98103",650000.0
2140,3,1.75,62,1.0,"98004",650000.0
2090,4,1.75,45,1.0,"98031",289950.0
1810,3,1.75,38,1.0,"98058",300000.0
1760,4,1.75,53,1.0,"98126",471000.0
2500,4,2.5,25,2.0,"98029",639000.0
930,2,1.0,63,1.0,"98178",287000.0
3030,4,2.5,23,2.0,"98075",740000.0
1460,3,2.0,25,1.0,"98117",499922.0
2940,4,2.5,29,2.0,"98029",675000.0
3360,5,2.75,1,2.0,"98011",738515.0
2110,3,1.75,59,1.0,"98108",445000.0
2740,4,2.25,62,1.0,"98125",1039000.0
1070,2,1.0,98,1.0,"98144",346000.0
1680,3,2.0,75,2.0,"98118",450000.0
2260,4,2.5,40,1.0,"98042",350000.0
5860,4,3.5,108,2.0,"98112",2400000.0
2380,4,2.25,38,1.0,"98075",594950.0
3320,5,3.0,11,2.0,"98103",1695000.0
1050,2,1.0,31,1.5,"98003",219000.0
2070,4,2.5,11,2.0,"98065",450000.0
1790,4,2.25,23,2.0,"98056",402000.0
840,2,1.0,73,1.0,"98108",275000.0
990,3,1.5,67,1.0,"98122",421500.0
4120,3,3.0,21,2.0,"98014",560000.0
1620,3,1.75,49,1.0,"98059",314000.0
1340,4,2.0,73,1.0,"98146",287000.0
1500,4,1.0,90,1.5,"98055",277000.0
1300,2,1.0,65,1.0,"98116",337500.0
3100,4,2.75,16,2.0,"98052",792000.0
3380,3,2.5,16,2.0,"98019",435000.0
2660,4,2.5,38,1.0,"98055",313100.0
1700,3,2.25,91,1.5,"98117",575000.0
1840,4,2.5,43,1.0,"98177",510000.0
890,2,1.0,74,1.0,"98126",299950.0
2800,3,3.0,62,1.0,"98199",1028000.0
2010,4,1.75,58,1.0,"98133",364000.0
1380,3,1.0,50,1.0,"98133",335000.0
1210,3,1.0,61,1.0,"98198",219950.0
1280,3,2.0,24,1.0,"98038",215000.0
4090,4,2.5,36,2.0,"98092",640000.0
1580,3,1.0,90,1.0,"98199",535000.0
1910,4,2.0,42,1.0,"98003",253000.0
1740,2,2.5,21,2.0,"98112",650000.0
1130,3,2.25,85,1.5,"98117",672000.0
1970,3,1.75,65,1.0,"98177",606000.0
1780,3,2.25,34,1.0,"98059",292000.0
1670,3,2.0,23,1.0,"98030",289950.0
1360,4,1.5,47,1.0,"98023",257500.0
1840,3,2.5,44,1.0,"98133",380000.0
1255,3,1.75,5,3.0,"98103",360000.0
1840,3,1.75,39,1.0,"98031",269500.0
2960,4,2.5,10,2.0,"98038",449000.0
1430,4,1.5,67,1.5,"98125",375000.0
5990,5,4.75,13,2.0,"98027",2200000.0
3480,4,2.5,27,2.0,"98072",810000.0
4260,5,3.25,10,2.0,"98074",994000.0
1820,5,2.25,36,1.0,"98031",275000.0
1290,2,1.0,7,2.0,"98053",300000.0
2130,5,2.5,2,2.0,"98168",380000.0
1170,3,2.0,58,1.0,"98198",200000.0
1730,3,3.5,6,3.0,"98102",635000.0
880,2,1.0,76,1.0,"98126",280000.0
2380,3,2.5,13,2.0,"98065",574000.0
1330,4,1.0,63,1.0,"98004",1050000.0
1780,3,2.25,27,2.0,"98045",545000.0
1220,3,1.5,53,1.0,"98006",271950.0
2490,5,1.75,56,1.0,"98023",630000.0
1180,2,1.0,31,1.0,"98011",400000.0
2310,4,2.5,17,2.0,"98092",334000.0
1440,4,2.0,43,2.0,"98144",332500.0
1620,2,1.5,8,2.0,"98144",525000.0
2620,3,2.5,24,2.0,"98038",408000.0
3710,4,2.5,12,2.0,"98029",846450.0
1040,3,1.5,57,1.0,"98005",411100.0
3320,5,3.25,16,2.0,"98042",409124.0
800,2,1.5,64,1.0,"98146",335950.0
2040,5,2.5,52,1.0,"98052",480000.0
1960,2,1.75,58,1.0,"98031",280000.0
2670,4,2.5,16,2.0,"98075",668000.0
2930,4,2.5,5,2.0,"98034",750000.0
830,2,1.0,60,1.0,"98117",394475.0
2290,5,1.75,87,2.0,"98105",848000.0
2510,3,1.5,108,2.5,"98112",675000.0
1280,3,1.0,57,1.0,"98058",175000.0
1810,4,1.5,63,1.0,"98136",560000.0
2080,5,2.75,28,2.0,"98074",538888.0
1680,4,1.75,24,2.0,"98166",359000.0
1660,3,2.25,14,2.0,"98019",300000.0
1650,3,2.5,26,2.0,"98030",273000.0
1420,3,2.5,12,2.0,"98102",670000.0
2240,4,2.25,31,1.0,"98074",530000.0
1230,3,1.5,88,1.0,"98103",625000.0
1260,3,1.0,61,1.0,"98198",248000.0
2060,3,2.5,25,2.0,"98029",533000.0
3090,4,3.5,24,1.0,"98034",549950.0
3220,4,1.75,56,1.0,"98177",485000.0
2020,3,2.5,14,2.0,"98038",353500.0
1910,2,1.75,39,1.0,"98074",435000.0
1150,3,1.0,64,1.0,"98178",241000.0
2730,4,2.75,94,1.5,"98115",885000.0
2890,6,3.0,109,2.5,"98102",799200.0
2280,3,2.5,42,1.0,"98005",760000.0
1040,2,1.0,93,1.0,"98118",270000.0
2440,4,1.75,46,1.0,"98052",675000.0
1720,3,2.5,38,1.0,"98052",499000.0
3430,3,2.5,31,1.5,"98033",1202500.0
2570,4,2.5,10,2.0,"98038",320000.0
4360,4,3.25,15,1.0,"98038",890000.0
2060,4,2.75,37,1.0,"98001",275000.0
3020,4,2.5,21,2.0,"98042",490000.0
2340,3,2.5,109,1.5,"98122",550000.0
2400,5,2.0,56,1.0,"98056",390000.0
1610,3,2.25,47,1.0,"98032",277000.0
1090,3,1.75,21,1.0,"98003",236000.0
1470,3,1.75,40,1.0,"98092",265953.0
1670,3,2.25,41,1.0,"98008",545000.0
1850,3,2.5,24,2.0,"98034",535000.0
3940,3,2.75,48,1.0,"98006",1450000.0
2330,4,3.0,12,2.0,"98108",490000.0
2020,4,2.5,61,1.5,"98065",319950.0
1300,3,1.5,55,1.0,"98033",625000.0
1180,3,1.0,47,1.0,"98031",248000.0
1320,3,1.75,49,1.0,"98007",475000.0
2520,6,2.75,53,1.0,"98155",410000.0
1680,3,2.5,106,3.0,"98105",670000.0
2000,3,2.5,47,2.0,"98027",430000.0
1180,2,1.0,61,1.0,"98027",313000.0
3330,3,3.25,27,2.5,"98040",950000.0
1880,2,2.0,113,1.5,"98112",751750.0
2990,4,2.5,12,2.0,"98027",760000.0
1510,3,1.75,46,1.0,"98059",310650.0
3110,4,3.0,18,2.0,"98092",367500.0
2150,4,2.5,14,2.0,"98115",580000.0
1900,3,2.25,110,1.5,"98122",580000.0
2720,4,2.5,28,2.0,"98074",665000.0
1560,3,2.25,36,2.0,"98001",239950.0
1990,4,2.5,17,2.0,"98155",470000.0
1740,3,1.75,85,1.0,"98115",733000.0
2130,4,2.0,53,1.0,"98031",250000.0
1510,4,1.75,58,1.0,"98133",402000.0
2100,5,3.5,16,2.0,"98178",295000.0
2344,5,2.5,39,1.0,"98023",355000.0
1970,3,1.5,47,1.0,"98058",289000.0
1470,3,2.25,33,2.0,"98133",376000.0
940,2,1.0,89,1.0,"98126",212700.0
1780,3,1.75,32,1.0,"98042",325000.0
2230,4,2.5,13,2.0,"98019",415000.0
3570,3,2.5,34,1.0,"98177",935000.0
1920,3,2.5,25,2.0,"98019",372000.0
1290,3,1.5,58,1.0,"98168",240000.0
1880,3,1.75,35,1.0,"98059",334950.0
2960,4,2.5,10,2.0,"98038",426500.0
1840,2,1.75,63,1.0,"98166",430000.0
1890,3,1.5,48,1.0,"98118",400000.0
1820,3,2.25,51,1.0,"98108",455850.0
4370,4,3.5,12,2.0,"98004",1965220.0
1530,3,1.75,29,1.0,"98028",400000.0
1030,3,1.0,61,1.0,"98006",397500.0
2000,3,2.5,10,3.0,"98109",755000.0
1730,5,1.5,53,1.0,"98058",287000.0
3620,4,2.5,39,2.0,"98038",480000.0
2040,3,2.5,20,2.0,"98045",490000.0
2640,3,2.5,24,2.0,"98058",365000.0
1600,3,2.5,10,2.0,"98056",260000.0
1480,4,1.0,86,1.5,"98133",505000.0
700,2,1.0,93,1.0,"98122",260000.0
700,2,1.0,93,1.0,"98122",430000.0
3520,4,2.5,22,2.0,"98027",905000.0
1650,3,2.0,38,2.0,"98052",440000.0
1360,4,1.0,65,1.5,"98115",439500.0
1350,3,2.0,71,1.0,"98056",270000.0
1970,3,2.5,17,2.0,"98042",306500.0
1470,3,2.0,12,2.0,"98126",380000.0
1610,4,1.75,46,1.0,"98042",215000.0
810,2,1.0,65,1.0,"98133",299900.0
2820,4,3.5,20,2.0,"98004",1450000.0
1900,3,1.0,73,1.5,"98001",239950.0
1830,4,2.5,42,1.0,"98177",494000.0
1730,4,1.5,52,1.0,"98059",317500.0
2110,4,2.5,38,2.0,"98033",670000.0
3060,3,2.5,11,2.0,"98065",650000.0
2620,4,2.5,32,2.0,"98118",852000.0
1088,2,1.5,32,2.0,"98034",250000.0
1400,3,1.5,51,1.0,"98055",264950.0
1540,2,2.0,73,1.0,"98177",582500.0
1540,3,2.5,17,2.0,"98144",384000.0
2310,3,1.5,89,1.5,"98119",817000.0
1730,4,1.75,44,1.0,"98059",320000.0
2070,4,2.25,38,1.0,"98155",445800.0
900,2,1.0,64,1.0,"98118",263300.0
860,3,1.0,63,1.0,"98133",215000.0
2980,5,4.0,94,1.5,"98115",842500.0
2980,5,4.0,94,1.5,"98115",850000.0
2740,5,2.5,25,2.0,"98031",386000.0
1790,4,2.5,19,2.0,"98030",251100.0
1750,3,1.75,37,1.0,"98072",435000.0
3610,4,4.0,15,2.0,"98075",870000.0
1430,6,1.0,61,2.0,"98004",800000.0
1570,3,1.75,47,1.0,"98052",555000.0
2280,2,1.0,83,2.0,"98136",280000.0
940,3,1.0,99,1.0,"98107",356000.0
2920,4,2.5,11,2.0,"98065",675000.0
2260,4,2.25,39,2.0,"98074",605000.0
2000,5,2.0,107,1.5,"98112",690500.0
1440,2,1.75,10,1.0,"98053",437000.0
2310,5,2.0,49,1.5,"98004",850000.0
2300,4,2.25,111,1.5,"98144",350000.0
1490,2,2.25,89,1.5,"98108",480000.0
1830,3,2.25,26,2.0,"98059",379500.0
4440,5,4.5,3,2.0,"98168",600000.0
4970,4,3.5,23,2.0,"98006",1436000.0
1000,2,1.5,8,2.0,"98144",303000.0
4940,4,2.5,62,1.0,"98178",800000.0
1980,2,2.0,109,1.5,"98103",549000.0
1560,3,2.5,51,1.0,"98188",324950.0
870,2,1.0,67,1.0,"98168",170000.0
840,3,1.0,46,1.0,"98042",178000.0
1250,3,1.0,57,1.0,"98058",144000.0
3120,4,2.75,61,1.0,"98040",1580000.0
750,2,1.0,83,1.0,"98024",258000.0
710,3,1.75,65,1.0,"98126",345000.0
2290,3,1.75,50,1.0,"98155",470000.0
3750,5,2.5,90,2.0,"98118",2903000.0
980,3,1.5,46,1.0,"98034",350000.0
1590,2,1.75,43,1.0,"98002",225500.0
940,2,1.0,73,1.0,"98199",473000.0
1750,3,1.75,53,1.0,"98198",279000.0
1460,3,1.0,67,1.0,"98125",470000.0
1540,3,1.75,90,1.0,"98105",565000.0
2560,3,2.0,63,1.0,"98136",695000.0
1660,3,1.75,24,1.0,"98022",315000.0
1880,3,2.5,22,2.0,"98029",529000.0
3500,5,3.75,48,1.5,"98053",750000.0
1840,3,2.25,22,2.0,"98034",481500.0
1060,3,2.0,28,1.0,"98038",211000.0
1790,3,2.25,42,1.0,"98034",455000.0
810,2,1.0,77,1.0,"98055",238950.0
2600,4,3.5,12,2.0,"98117",722500.0
3230,4,2.5,42,1.0,"98075",795000.0
2240,4,2.25,44,2.0,"98032",327500.0
3400,4,3.0,9,2.0,"98038",585000.0
3140,4,2.0,76,1.0,"98199",775000.0
2780,4,2.5,14,2.0,"98075",645000.0
2320,4,2.75,47,1.0,"98133",445000.0
1370,3,1.75,28,1.0,"98198",257950.0
2230,5,1.75,56,1.0,"98178",375000.0
1610,3,2.5,21,2.0,"98030",245000.0
3410,3,2.5,25,2.0,"98042",725000.0
2810,4,2.5,10,2.0,"98074",702000.0
1850,3,1.75,72,2.0,"98059",330000.0
1790,3,1.5,103,1.5,"98119",940000.0
1150,3,1.0,65,1.5,"98155",354500.0
2420,4,2.75,101,1.5,"98002",279950.0
1580,3,2.25,26,1.0,"98038",284000.0
1760,5,2.0,56,1.0,"98028",480000.0
1760,5,2.0,56,1.0,"98028",647500.0
2750,3,2.5,22,2.0,"98077",625000.0
920,3,1.0,37,1.0,"98042",152000.0
960,3,1.0,54,1.0,"98034",322000.0
1120,3,1.75,99,1.0,"98107",445000.0
1560,3,1.0,108,1.5,"98144",595000.0
1380,3,1.0,34,1.0,"98055",165000.0
1940,4,2.5,25,2.0,"98023",278500.0
1810,3,1.75,42,1.0,"98027",517500.0
1100,2,1.0,61,1.0,"98136",343566.0
1980,4,2.25,38,1.0,"98002",286285.0
1340,4,1.5,56,1.0,"98008",474905.0
1680,3,1.75,55,1.0,"98126",550000.0
2060,4,2.5,22,2.0,"98001",286000.0
2620,3,3.25,35,1.0,"98004",900000.0
1610,3,2.25,30,2.0,"98029",449950.0
1490,4,1.5,49,2.0,"98198",259000.0
1900,3,2.25,46,1.0,"98058",340000.0
3440,4,2.5,21,2.0,"98053",785000.0
1840,2,1.0,105,1.5,"98107",490000.0
2330,4,2.0,74,1.0,"98030",344950.0
2250,3,2.0,110,2.0,"98112",950000.0
2000,4,1.75,57,1.0,"98116",810000.0
3010,2,2.5,39,1.0,"98006",998160.0
1680,3,1.75,36,1.0,"98056",377000.0
1530,3,2.0,31,1.0,"98033",595000.0
970,2,1.0,104,1.0,"98116",313300.0
1550,5,1.75,74,1.5,"98108",360000.0
1660,3,1.75,36,1.0,"98023",188000.0
3680,3,2.5,21,1.5,"98014",755000.0
3210,5,3.5,98,2.0,"98117",1289000.0
1480,3,1.0,75,2.5,"98027",455000.0
3600,5,3.5,10,2.0,"98052",817500.0
1700,3,2.25,13,3.0,"98103",550000.0
1680,3,1.75,37,1.0,"98023",260000.0
1550,3,2.0,16,1.5,"98045",320000.0
3780,3,3.25,16,1.0,"98006",1153000.0
2360,4,2.5,30,1.0,"98125",362000.0
1810,3,2.5,18,2.0,"98199",503500.0
2290,3,2.5,9,2.0,"98029",653000.0
3370,4,2.75,24,2.0,"98077",760000.0
2090,4,1.75,99,1.0,"98117",775000.0
2130,4,3.75,60,1.5,"98136",1339000.0
2060,5,1.75,61,1.0,"98177",417500.0
1560,3,1.5,46,1.0,"98052",525000.0
730,2,1.0,81,1.0,"98198",217000.0
2910,4,2.75,30,1.0,"98011",525000.0
2490,4,2.25,39,1.0,"98155",442500.0
1710,4,1.75,60,1.0,"98006",525000.0
1520,4,1.75,48,1.0,"98034",425500.0
2930,3,2.75,25,2.0,"98024",710000.0
3160,4,3.0,24,1.0,"98070",545000.0
2910,5,2.75,48,1.5,"98058",410000.0
1700,3,2.25,35,1.0,"98038",245000.0
810,2,1.0,92,1.0,"98002",194900.0
2000,4,2.5,12,2.0,"98042",284000.0
1894,2,1.75,79,1.5,"98001",280000.0
2080,3,1.75,45,1.0,"98014",280000.0
1730,4,2.0,72,1.0,"98106",360000.0
720,2,1.0,73,1.0,"98199",405000.0
3560,4,2.5,15,2.0,"98075",865000.0
1210,4,2.0,60,1.0,"98006",483300.0
2130,4,2.5,30,2.0,"98092",355000.0
1570,3,2.25,25,1.0,"98038",274950.0
3950,3,4.5,17,2.0,"98199",1925000.0
3450,3,3.25,26,2.0,"98166",755000.0
7220,4,5.75,15,2.0,"98053",1940000.0
1150,3,1.75,36,1.0,"98045",309212.0
1500,3,2.25,31,1.0,"98023",219950.0
1300,3,2.5,95,1.5,"98117",690000.0
1290,3,1.75,72,1.0,"98106",250800.0
2510,3,2.0,21,1.0,"98038",557500.0
2320,4,1.75,89,1.5,"98105",941000.0
2030,4,2.75,38,1.0,"98042",305000.0
2060,4,1.5,66,1.0,"98004",815000.0
2920,3,2.5,61,1.0,"98116",1015000.0
3330,4,3.0,87,1.5,"98144",1240000.0
2110,3,2.5,25,2.0,"98056",535000.0
1175,3,1.0,66,1.0,"98004",775000.0
1590,3,2.0,21,1.0,"98042",255000.0
1070,2,1.0,68,1.0,"98155",327000.0
2720,4,2.0,39,2.0,"98003",560000.0
2980,4,3.5,17,2.0,"98033",1339000.0
1160,3,1.75,38,1.0,"98042",199500.0
3580,4,2.5,11,2.0,"98038",760000.0
3020,3,2.25,21,3.0,"98108",439000.0
2380,4,2.25,54,1.0,"98008",527000.0
2270,3,2.75,67,1.5,"98022",199950.0
1660,3,2.25,27,2.0,"98042",254000.0
830,2,1.0,94,1.0,"98103",393000.0
2480,5,2.25,36,1.0,"98011",585000.0
1900,2,2.0,92,1.0,"98126",450000.0
1670,2,1.75,10,1.0,"98029",565000.0
2000,5,2.25,29,1.0,"98188",330000.0
2320,3,2.0,23,1.5,"98074",870000.0
1860,4,2.5,49,1.0,"98008",585000.0
2110,3,2.5,38,2.0,"98092",500000.0
1400,3,2.0,36,1.0,"98058",225000.0
1400,3,2.0,36,1.0,"98058",295000.0
2850,3,2.75,39,1.0,"98006",775000.0
1370,3,1.0,34,1.0,"98045",280000.0
2170,3,2.5,92,1.5,"98103",539000.0
2570,3,1.75,62,1.0,"98166",567500.0
1970,4,2.25,55,1.0,"98125",442500.0
2980,5,3.75,18,3.0,"98118",598200.0
2300,4,2.5,60,2.0,"98033",610000.0
1990,3,2.5,11,2.0,"98075",544900.0
2390,4,2.5,14,2.0,"98072",557500.0
2160,3,2.5,36,1.0,"98074",532500.0
3300,4,3.25,30,2.0,"98040",1350000.0
1840,3,2.0,95,1.0,"98112",750000.0
2030,3,2.5,32,2.0,"98052",530000.0
1400,3,2.5,12,2.0,"98136",346100.0
2320,4,2.25,38,2.0,"98092",260000.0
1410,3,1.75,56,1.0,"98006",365000.0
1860,3,2.0,32,1.0,"98075",615000.0
1820,4,2.5,21,2.0,"98038",318400.0
1910,4,2.5,22,2.0,"98155",498500.0
1540,3,1.75,44,1.0,"98034",450000.0
1430,3,2.0,27,1.0,"98092",200000.0
1010,3,1.0,47,1.0,"98042",234000.0
940,2,1.0,68,1.0,"98146",121800.0
2600,3,2.75,86,1.5,"98116",805000.0
2060,4,2.25,52,1.0,"98155",410000.0
1920,3,2.5,29,2.0,"98034",475000.0
2900,4,2.5,29,2.0,"98199",1337500.0
1020,1,1.0,68,1.0,"98106",269000.0
2150,4,2.25,36,2.0,"98052",573000.0
1660,3,2.5,14,2.0,"98108",330000.0
1230,4,1.0,71,1.5,"98166",252750.0
2170,2,2.5,8,1.0,"98053",745000.0
1280,3,2.0,24,1.0,"98038",280000.0
2240,4,2.5,41,1.0,"98146",535000.0
1780,4,1.5,62,1.0,"98115",580000.0
1840,3,1.75,47,1.0,"98055",301000.0
1740,4,1.75,47,1.0,"98008",600000.0
3040,5,3.0,10,2.0,"98106",538900.0
2370,3,2.5,9,2.0,"98038",366000.0
2100,4,2.5,12,2.0,"98042",303000.0
1470,3,2.25,8,2.0,"98136",432000.0
1300,2,1.5,70,1.0,"98146",300000.0
3420,3,3.0,76,2.0,"98144",908800.0
1190,3,1.5,75,1.0,"98107",500000.0
2080,5,2.0,56,1.0,"98001",254000.0
2180,5,1.5,91,1.5,"98117",470000.0
1460,3,2.0,48,1.0,"98008",480000.0
1530,3,1.75,32,1.0,"98033",536000.0
4740,4,3.5,9,2.0,"98027",1349000.0
1980,3,2.25,35,1.0,"98052",550000.0
1710,3,1.75,39,1.0,"98023",260000.0
1160,2,1.5,9,2.0,"98155",284900.0
2200,3,2.5,13,2.0,"98109",740000.0
1170,2,1.0,95,1.0,"98136",425000.0
1120,3,1.0,50,1.0,"98146",230000.0
1710,3,1.5,89,2.0,"98116",675000.0
1650,3,1.75,29,1.0,"98030",267500.0
2840,4,2.5,63,1.0,"98118",814000.0
3310,4,3.0,26,1.5,"98053",1250000.0
1860,3,2.0,30,1.0,"98125",460000.0
2250,3,2.5,21,2.0,"98045",445000.0
2890,3,2.5,11,2.0,"98074",715000.0
2120,3,1.75,68,1.0,"98125",425000.0
2130,4,2.5,6,2.0,"98058",370000.0
1170,2,1.75,78,1.0,"98003",302000.0
2120,4,1.75,59,1.0,"98008",453000.0
1280,3,1.75,46,1.0,"98059",290000.0
3170,4,2.5,27,2.0,"98033",1035000.0
2260,4,2.25,48,1.0,"98033",925000.0
2930,3,1.75,22,1.0,"98072",600000.0
1060,3,1.5,34,1.0,"98126",354000.0
1740,4,1.75,37,1.0,"98023",204950.0
2990,4,2.5,10,2.0,"98074",675000.0
3530,4,3.25,29,2.0,"98052",995000.0
2960,5,2.0,58,1.0,"98005",800000.0
1650,3,2.5,19,2.0,"98052",472500.0
2720,4,2.5,46,1.0,"98007",549950.0
1516,3,1.75,90,1.0,"98103",575575.0
4386,4,3.25,9,1.0,"98092",545000.0
2580,3,2.25,52,1.0,"98133",340000.0
960,3,1.0,52,1.0,"98056",225000.0
1460,2,1.75,32,1.0,"98031",299950.0
3840,4,3.5,14,2.0,"98105",829900.0
2090,4,2.5,8,2.0,"98038",340000.0
2470,4,2.25,40,1.0,"98052",515000.0
2090,4,2.5,23,2.0,"98029",601000.0
2070,3,2.5,21,2.0,"98059",470000.0
1650,3,1.0,61,1.0,"98106",371500.0
1880,3,1.75,35,1.0,"98072",550000.0
2060,4,2.5,20,2.0,"98023",242550.0
1410,3,1.5,54,1.0,"98177",367500.0
2770,4,3.5,19,2.0,"98003",359000.0
1390,3,2.0,31,1.0,"98001",204900.0
5440,4,2.75,46,1.0,"98001",850000.0
1280,3,1.5,30,2.0,"98002",187000.0
1720,3,2.75,57,1.0,"98058",326000.0
1720,3,2.75,57,1.0,"98058",340000.0
3040,6,2.25,64,1.0,"98030",330000.0
3780,4,3.5,14,2.0,"98052",782000.0
2670,4,2.5,16,2.0,"98034",612000.0
1350,3,2.0,51,1.0,"98177",400000.0
3490,5,3.5,35,2.0,"98177",941500.0
870,2,1.5,11,2.0,"98103",313000.0
2410,4,2.25,86,1.5,"98117",735000.0
1640,3,1.75,38,1.0,"98011",471000.0
1540,3,1.0,65,1.0,"98155",350000.0
2370,4,2.5,39,1.0,"98027",530000.0
1830,4,3.0,24,2.0,"98028",415000.0
2330,4,2.25,29,2.0,"98052",639500.0
2240,4,2.75,39,1.5,"98075",580379.0
1700,2,2.5,6,2.0,"98065",378000.0
1750,3,2.25,46,1.0,"98058",265000.0
1100,3,1.75,48,1.0,"98023",212000.0
2320,4,3.0,17,2.0,"98198",400000.0
2540,4,2.5,18,2.0,"98008",750000.0
3090,5,2.5,47,1.0,"98023",384900.0
770,2,1.0,46,1.0,"98042",176000.0
2370,3,2.75,13,2.0,"98038",350000.0
1200,3,1.0,38,1.0,"98030",168000.0
2200,4,2.0,107,1.0,"98118",358000.0
2660,3,2.75,40,1.0,"98077",580000.0
1600,3,1.75,38,1.0,"98034",442500.0
1330,2,2.5,11,3.0,"98105",515000.0
3440,5,2.5,57,1.0,"98166",554000.0
2510,3,2.5,19,2.0,"98075",659000.0
2150,4,2.5,52,1.0,"98034",414999.0
1180,3,1.5,32,1.0,"98045",275000.0
680,2,1.0,64,1.0,"98188",193000.0
2840,4,2.5,13,2.0,"98058",525000.0
1820,3,2.5,30,2.0,"98052",424000.0
1070,2,1.0,107,1.0,"98117",455000.0
1250,2,1.0,72,2.0,"98126",463000.0
2190,4,2.5,55,1.0,"98033",1100000.0
3000,3,1.75,52,2.0,"98115",523000.0
2270,4,1.75,56,1.0,"98005",615000.0
4500,4,4.0,24,2.0,"98027",1515000.0
3400,5,4.0,115,2.0,"98107",870000.0
2830,3,2.5,24,2.0,"98074",710000.0
960,3,1.0,48,1.0,"98023",215000.0
1530,2,1.0,95,1.0,"98117",590000.0
2500,5,2.5,53,1.0,"98092",323000.0
1560,4,2.0,49,1.5,"98058",279000.0
2070,3,2.25,42,1.0,"98177",535100.0
2710,5,2.25,56,1.0,"98005",830000.0
3150,4,2.5,13,2.0,"98033",815000.0
1880,3,2.25,40,1.0,"98008",535900.0
1250,3,1.0,60,1.0,"98146",230000.0
2290,4,1.75,46,1.0,"98055",325500.0
1990,3,2.25,18,2.0,"98056",359000.0
2100,3,2.5,16,2.0,"98065",505000.0
940,3,1.0,57,1.0,"98056",253905.0
1640,3,1.75,50,1.0,"98125",369950.0
1860,3,2.25,20,2.0,"98038",350000.0
2100,4,2.25,14,3.0,"98115",650000.0
1500,3,1.75,90,1.0,"98070",295000.0
1680,3,1.75,67,1.0,"98177",620000.0
3900,2,2.5,6,2.0,"98065",1998000.0
1400,3,1.0,71,1.0,"98166",246000.0
2600,3,2.75,50,1.0,"98014",430000.0
1440,3,2.0,94,2.0,"98118",509990.0
1870,4,1.75,53,1.0,"98033",490000.0
2960,4,2.75,36,1.0,"98198",385000.0
2440,4,2.5,16,2.0,"98074",769000.0
1122,2,1.0,55,1.0,"98023",185000.0
1060,3,1.5,42,1.0,"98034",303500.0
2150,4,2.5,58,1.0,"98177",468000.0
3100,4,2.5,37,2.0,"98042",449950.0
880,2,1.5,16,2.0,"98133",235000.0
2490,4,2.5,30,2.0,"98027",520000.0
1080,2,1.0,64,1.0,"98168",203000.0
2530,5,2.5,55,1.0,"98008",657000.0
1200,3,1.0,61,1.0,"98126",275000.0
2850,4,2.25,24,2.0,"98072",540000.0
2950,4,2.5,10,2.0,"98059",455000.0
1160,2,1.75,74,1.0,"98115",458500.0
3420,4,3.5,12,2.0,"98055",549900.0
2240,3,1.75,92,2.0,"98115",750000.0
1450,4,1.75,53,1.5,"98168",235000.0
1820,4,2.5,26,2.0,"98038",286000.0
4700,4,3.5,57,2.0,"98033",2650000.0
2430,4,1.75,52,1.0,"98052",602000.0
1960,3,1.5,100,1.5,"98115",640000.0
1440,3,1.75,38,1.0,"98030",267000.0
2730,4,2.5,14,2.0,"98075",712000.0
910,2,1.0,92,1.0,"98065",244500.0
910,2,1.0,92,1.0,"98065",301000.0
2430,4,2.5,96,2.0,"98109",990000.0
3350,4,2.75,16,2.0,"98075",739999.0
2320,4,1.75,105,1.0,"98144",480000.0
1260,3,2.5,6,3.0,"98133",305000.0
1980,3,2.0,83,1.5,"98117",703300.0
1580,4,1.5,44,2.0,"98001",265000.0
2710,4,2.5,23,2.0,"98045",600000.0
1400,3,1.0,47,1.0,"98198",253000.0
2410,4,2.5,18,2.0,"98034",617950.0
1790,4,3.25,15,2.0,"98106",385000.0
1640,3,2.0,48,1.0,"98118",319000.0
1670,3,2.5,55,1.0,"98008",696000.0
970,2,1.0,83,1.0,"98126",345000.0
1610,3,2.5,13,3.0,"98115",380000.0
2060,4,1.75,68,1.0,"98166",647500.0
3570,3,2.5,18,2.0,"98027",725000.0
1400,3,1.75,26,1.0,"98038",269950.0
3470,4,2.5,20,2.0,"98077",875000.0
1210,3,1.0,60,1.0,"98106",299950.0
3930,4,3.25,9,2.0,"98004",1875000.0
990,2,1.0,68,1.0,"98117",430000.0
2200,5,2.5,26,2.0,"98029",495000.0
1510,3,1.5,45,1.0,"98031",275000.0
1620,3,1.0,51,1.0,"98118",333000.0
1580,3,2.25,29,2.0,"98023",247000.0
1260,3,1.75,32,1.5,"98092",204555.0
2190,3,2.0,21,1.0,"98042",432000.0
1230,3,1.75,53,1.0,"98001",175000.0
2030,4,2.5,47,1.0,"98008",556300.0
780,2,1.0,85,1.0,"98045",286000.0
1110,2,1.5,15,3.0,"98103",320000.0
2790,3,2.5,24,2.0,"98077",815000.0
1660,4,1.75,35,1.0,"98056",385000.0
3410,4,1.0,105,2.0,"98144",1039000.0
2390,4,2.25,28,2.0,"98023",350000.0
1850,4,2.5,17,2.0,"98092",277000.0
2500,6,2.0,49,1.0,"98118",415000.0
1000,3,1.0,64,1.0,"98155",295000.0
2450,4,2.0,96,2.0,"98116",969000.0
1440,4,1.75,68,1.0,"98106",339888.0
1660,3,2.25,19,2.0,"98030",269950.0
2510,3,2.5,9,2.0,"98034",1185000.0
3090,4,2.5,17,2.0,"98075",780000.0
860,3,1.0,47,1.0,"98042",198000.0
1220,2,1.0,62,1.0,"98056",350000.0
1010,3,1.0,48,1.0,"98034",350000.0
2390,4,2.25,25,2.0,"98023",319000.0
3340,4,2.25,42,2.0,"98023",311000.0
3620,5,3.25,11,2.0,"98038",394000.0
4200,5,2.25,109,2.5,"98112",1335000.0
3831,5,2.75,56,2.0,"98040",2700000.0
1980,3,1.0,66,1.0,"98133",396000.0
1790,4,1.75,39,1.0,"98033",809000.0
1580,3,2.0,38,1.0,"98052",480000.0
2460,6,1.75,102,1.0,"98115",535000.0
2110,5,2.75,68,2.0,"98106",425000.0
1470,3,2.5,9,3.0,"98117",408000.0
3510,4,2.5,49,2.0,"98040",1255000.0
520,1,0.75,68,1.0,"98117",310000.0
1950,3,2.5,19,2.0,"98038",292000.0
770,2,1.0,73,1.0,"98168",217000.0
2250,4,2.5,10,2.0,"98056",398500.0
4040,3,3.0,85,1.5,"98112",2250000.0
2360,4,1.75,60,1.0,"98109",700000.0
2330,4,2.5,26,2.0,"98075",585000.0
1720,3,1.0,61,1.0,"98155",399950.0
1900,3,1.75,35,1.0,"98168",235000.0
1040,3,1.0,64,1.0,"98178",212000.0
2070,3,2.0,33,1.0,"98074",310000.0
2070,3,2.0,33,1.0,"98074",539000.0
1550,3,3.0,14,2.0,"98122",390000.0
2020,3,2.5,39,1.0,"98052",560000.0
3320,5,2.5,16,2.0,"98075",800000.0
4130,4,3.25,37,2.0,"98005",1900000.0
2030,5,2.0,52,1.0,"98008",472000.0
1770,3,1.75,57,1.0,"98008",502550.0
3330,4,3.25,11,2.0,"98075",830000.0
2260,4,2.5,50,1.0,"98002",224950.0
1950,3,2.5,18,2.0,"98155",375000.0
2930,3,2.5,32,1.5,"98077",645000.0
1960,3,2.75,89,1.5,"98103",599000.0
2980,4,2.5,19,2.0,"98031",515000.0
780,2,1.0,67,1.0,"98002",135000.0
1650,3,2.5,15,2.0,"98075",485000.0
4030,3,3.25,40,2.0,"98005",890000.0
1010,3,1.0,43,1.0,"98042",215000.0
1190,3,1.0,34,1.0,"98045",299500.0
1050,2,1.0,64,1.0,"98004",800000.0
1560,3,2.5,13,2.0,"98038",275000.0
1490,3,1.5,52,1.0,"98003",256400.0
770,2,1.0,67,1.0,"98155",310000.0
620,1,1.0,61,1.0,"98144",385000.0
1200,3,1.5,52,1.0,"98055",203000.0
2120,4,2.0,61,1.0,"98133",285000.0
2330,3,2.5,16,2.0,"98074",473975.0
2000,3,1.75,37,1.0,"98058",320000.0
2820,5,2.75,48,1.0,"98117",599000.0
2040,3,2.0,90,1.0,"98126",580000.0
1700,4,2.25,16,2.0,"98001",269500.0
820,2,1.0,61,1.0,"98166",274000.0
1315,2,1.75,41,2.0,"98028",347000.0
1390,3,1.75,58,1.0,"98106",270000.0
1890,3,2.0,66,1.0,"98004",1430000.0
1460,3,1.75,22,1.0,"98198",220000.0
1480,3,1.0,60,1.0,"98022",243000.0
1840,3,1.75,90,1.0,"98108",457500.0
1880,2,1.75,64,1.0,"98115",340000.0
1910,4,1.5,103,1.5,"98105",657500.0
2220,4,2.5,17,2.0,"98038",332500.0
1410,3,2.0,22,1.0,"98045",340000.0
3380,4,3.0,56,1.0,"98118",350000.0
1950,4,2.5,49,1.0,"98118",428000.0
2400,4,2.5,16,2.0,"98045",515055.0
1560,3,1.75,43,1.0,"98008",450000.0
1040,3,1.0,72,1.0,"98168",190000.0
3090,4,2.75,96,3.0,"98116",1000000.0
1850,3,2.5,10,2.0,"98058",299000.0
1200,2,1.0,88,2.0,"98112",508000.0
2190,4,2.25,10,2.0,"98038",294000.0
1380,2,1.0,97,1.0,"98117",320000.0
3710,5,2.75,19,2.0,"98056",641000.0
2320,3,2.5,37,1.0,"98072",675000.0
1110,3,1.5,51,1.0,"98042",255000.0
1830,3,2.5,11,2.0,"98001",286651.0
2460,4,2.5,46,1.0,"98075",607500.0
1270,3,1.0,59,1.0,"98033",765000.0
1700,4,1.75,54,1.0,"98031",334950.0
1130,3,1.0,63,1.0,"98033",426000.0
1640,3,1.75,69,1.5,"98004",775000.0
1040,2,1.5,62,1.0,"98155",343000.0
2320,4,2.5,29,2.0,"98028",470101.0
1200,3,1.5,57,1.0,"98002",195000.0
1720,4,1.0,87,1.5,"98117",772500.0
2330,3,1.5,61,1.0,"98155",450000.0
4410,4,3.75,14,3.0,"98118",1437500.0
1650,4,1.75,45,1.0,"98052",525000.0
1370,3,1.5,35,2.0,"98045",280000.0
1770,3,2.5,29,1.0,"98001",270000.0
1410,3,2.25,10,3.0,"98103",406100.0
1710,2,1.75,28,1.0,"98055",332544.0
790,2,1.0,68,1.0,"98188",110000.0
2770,6,2.25,94,1.5,"98112",685000.0
1260,4,1.0,64,1.5,"98177",461000.0
2300,3,2.25,36,1.0,"98034",615000.0
1070,2,1.0,89,1.0,"98103",550000.0
3850,4,3.5,20,2.0,"98033",1060000.0
2320,3,2.5,22,2.0,"98053",685000.0
2870,5,2.5,53,2.0,"98039",1555000.0
1830,4,2.5,12,2.0,"98038",312000.0
1990,3,1.75,38,1.0,"98052",507500.0
1110,3,1.0,49,1.0,"98198",217000.0
1830,3,2.25,34,1.0,"98034",439000.0
3600,6,3.5,11,2.0,"98065",620000.0
3210,4,2.5,17,2.0,"98007",915000.0
1490,4,2.0,38,1.0,"98144",425000.0
990,2,1.0,68,1.0,"98115",435000.0
1646,3,2.25,19,2.0,"98038",305000.0
720,2,1.0,97,1.0,"98106",276000.0
2310,3,2.25,25,2.0,"98031",327500.0
2670,3,2.5,12,2.0,"98033",810000.0
3060,3,3.25,21,2.0,"98052",715000.0
1380,3,1.5,52,1.0,"98055",272000.0
700,2,1.0,66,1.0,"98155",266000.0
1710,3,1.5,71,2.0,"98136",543000.0
1450,3,2.5,31,1.0,"98074",400000.0
2060,5,2.25,54,1.0,"98007",509500.0
2380,3,3.5,18,2.0,"98118",495000.0
2760,4,2.5,14,2.0,"98056",424950.0
940,3,1.0,58,1.0,"98056",230000.0
1760,4,1.5,64,1.5,"98031",235000.0
1360,3,2.0,73,1.0,"98033",763000.0
2010,3,1.75,76,2.0,"98178",350000.0
2160,3,1.5,98,2.0,"98119",900000.0
930,3,1.0,42,1.0,"98118",250000.0
1020,3,2.5,11,2.0,"98106",225000.0
1360,2,2.0,41,1.0,"98198",255000.0
1720,4,1.75,41,1.0,"98023",161700.0
1790,3,3.0,27,1.0,"98178",336000.0
1150,3,1.0,61,1.0,"98133",410500.0
2710,4,3.5,47,2.0,"98155",502700.0
2400,3,2.5,38,1.0,"98034",505000.0
1660,3,1.0,105,1.5,"98118",250000.0
1660,3,1.0,105,1.5,"98118",570000.0
2290,4,2.5,21,2.0,"98198",349900.0
2870,3,2.5,27,2.0,"98003",465000.0
4240,4,3.25,26,2.0,"98023",625000.0
1800,3,1.75,63,1.0,"98199",655000.0
2960,4,1.75,69,1.0,"98166",469000.0
1980,3,2.25,51,1.0,"98177",355000.0
1730,3,2.5,14,2.0,"98005",596000.0
3020,4,2.5,29,2.0,"98077",790000.0
4470,4,2.25,24,2.0,"98053",885000.0
2830,4,3.25,103,2.0,"98144",1030000.0
2120,4,1.75,74,1.0,"98199",710000.0
2150,3,2.5,27,2.0,"98028",428040.0
3510,5,2.25,56,1.0,"98040",1370000.0
970,2,1.0,91,1.0,"98109",546000.0
1360,4,1.0,64,1.5,"98115",540000.0
1470,3,2.5,30,1.0,"98115",435000.0
3040,4,2.25,31,1.0,"98074",540000.0
860,2,1.0,97,1.0,"98106",284000.0
820,2,1.0,73,1.0,"98056",208000.0
1900,3,1.75,38,1.0,"98155",315000.0
1330,2,1.0,105,1.0,"98117",417500.0
1240,3,1.75,37,1.0,"98053",345000.0
1330,3,2.5,11,3.0,"98117",375000.0
1880,3,1.75,56,1.0,"98155",389800.0
1890,3,1.75,42,1.0,"98034",475000.0
2250,4,2.25,35,2.0,"98053",569000.0
4650,5,4.25,16,2.0,"98024",985000.0
1830,3,2.5,28,2.0,"98074",532000.0
720,2,1.0,64,1.0,"98126",280000.0
1960,4,2.0,52,1.0,"98058",435000.0
1220,3,1.0,63,1.0,"98023",223000.0
1800,2,1.0,68,1.0,"98027",390000.0
1340,3,1.75,34,1.0,"98058",315000.0
1740,3,3.0,33,1.0,"98122",612000.0
1680,3,1.75,93,1.0,"98122",591000.0
3220,4,2.25,47,2.0,"98008",800000.0
1610,3,2.0,25,1.0,"98022",225000.0
3160,2,3.0,22,2.0,"98077",589900.0
2520,4,2.5,36,1.0,"98052",565000.0
2120,3,1.5,75,1.0,"98199",650000.0
2090,3,2.5,64,2.0,"98177",499000.0
1330,3,1.0,56,1.5,"98045",280000.0
2420,3,2.5,71,1.0,"98117",649950.0
1510,3,1.75,61,1.0,"98133",420000.0
2120,4,2.5,12,2.0,"98031",319990.0
1850,3,2.0,23,1.0,"98014",265000.0
2300,3,1.75,31,1.0,"98072",482000.0
2600,3,2.25,59,1.0,"98166",452000.0
5180,4,4.25,17,2.0,"98006",1488000.0
1810,2,1.0,72,1.5,"98133",375000.0
2190,5,3.0,75,2.0,"98117",588000.0
2500,4,2.5,17,2.0,"98075",635000.0
1890,4,2.5,18,2.0,"98092",280500.0
2040,2,1.75,30,1.0,"98003",210500.0
1310,3,2.0,36,1.0,"98023",196500.0
4010,5,3.5,44,2.0,"98105",1395000.0
1780,3,1.75,38,1.0,"98034",475000.0
1980,3,2.5,28,2.0,"98074",550000.0
3690,3,3.25,8,2.0,"98033",1580000.0
1540,3,1.75,24,1.0,"98022",240000.0
1130,3,1.0,81,1.5,"98168",272000.0
2480,3,2.75,15,1.5,"98010",408506.0
2580,3,2.5,24,2.0,"98116",640000.0
2010,4,2.5,20,2.0,"98092",316000.0
2320,4,2.0,72,1.0,"98108",299000.0
1180,2,2.25,11,2.0,"98122",447500.0
3180,4,2.5,15,2.0,"98059",736500.0
2970,4,2.0,91,2.0,"98072",665000.0
3050,5,2.5,40,1.0,"98006",707000.0
1630,4,1.75,56,1.0,"98031",215000.0
1620,3,2.25,26,2.0,"98038",275000.0
2170,4,2.25,32,2.0,"98006",648000.0
2150,4,2.5,28,2.0,"98059",415000.0
1770,3,2.0,16,3.0,"98122",690000.0
2110,4,2.75,36,1.0,"98058",320000.0
1590,3,1.75,59,1.0,"98004",750000.0
1370,3,2.25,10,3.0,"98103",355000.0
1390,3,1.75,40,1.0,"98031",246000.0
1640,3,1.75,47,1.0,"98004",1155000.0
2670,3,2.5,29,2.0,"98052",744000.0
5400,3,3.75,18,2.0,"98053",1210000.0
1690,3,2.0,38,1.0,"98023",217000.0
2600,3,2.5,17,2.0,"98056",583000.0
1400,2,1.5,111,1.0,"98107",515000.0
2140,4,1.75,50,1.0,"98007",594000.0
1640,3,1.5,63,1.0,"98178",303100.0
1720,3,1.75,45,1.0,"98075",430000.0
3060,5,3.25,11,2.0,"98034",708000.0
1150,3,1.0,56,1.0,"98133",221000.0
2000,3,2.5,17,2.0,"98003",325000.0
1560,3,1.75,71,1.0,"98125",385000.0
2070,3,2.5,2,2.0,"98038",359500.0
1920,3,2.0,31,1.0,"98028",433000.0
1000,2,1.0,67,1.0,"98116",525000.0
1690,3,2.0,87,1.0,"98178",356200.0
3090,4,2.0,41,1.0,"98072",595000.0
1790,4,1.5,92,1.0,"98103",560000.0
4750,4,3.0,39,1.5,"98004",2175000.0
2090,4,2.0,64,1.0,"98107",513000.0
680,2,1.0,114,1.0,"98117",365000.0
2100,4,1.75,51,1.0,"98106",368000.0
2840,4,2.75,103,1.5,"98144",870000.0
1470,3,2.25,31,1.0,"98023",225000.0
4490,4,4.5,17,2.0,"98006",1387000.0
1150,3,1.75,32,1.0,"98030",177000.0
1460,3,1.5,59,1.0,"98008",465000.0
3150,4,2.75,39,1.0,"98126",750000.0
1090,3,1.0,46,1.0,"98092",149000.0
2670,3,2.5,34,2.0,"98072",605000.0
2110,3,2.0,88,1.5,"98103",725000.0
1770,4,2.25,8,2.0,"98056",413900.0
1510,3,1.5,77,1.0,"98168",199950.0
530,1,1.0,66,1.0,"98053",400000.0
2420,3,1.5,90,2.0,"98103",870000.0
2490,5,2.5,26,1.0,"98031",292000.0
990,3,1.0,49,1.0,"98058",225000.0
1730,4,2.0,58,2.0,"98125",466750.0
1440,2,1.5,37,1.0,"98002",330000.0
3260,7,2.25,48,2.0,"98008",770000.0
1950,4,2.25,58,1.0,"98118",802500.0
2740,5,2.5,10,2.0,"98031",378800.0
2940,3,2.75,18,2.0,"98075",795000.0
1200,3,2.0,60,1.0,"98115",460000.0
2070,3,2.5,29,2.0,"98029",567000.0
1570,3,1.75,34,1.0,"98023",209950.0
1050,2,1.0,72,1.0,"98001",415000.0
1830,4,1.5,48,1.0,"98028",424500.0
970,2,1.0,74,1.0,"98168",261000.0
2200,3,2.5,28,2.0,"98031",365000.0
1930,4,2.0,104,1.5,"98122",631000.0
1790,3,2.5,23,2.0,"98117",584000.0
1560,3,1.75,41,1.0,"98070",310000.0
2780,4,2.5,23,2.0,"98029",717000.0
1720,3,1.5,108,2.0,"98107",667000.0
1640,3,1.0,76,1.0,"98146",190000.0
1730,3,2.0,37,1.0,"98027",430000.0
740,2,1.0,64,1.0,"98188",213000.0
2280,3,2.5,25,1.0,"98072",475000.0
2090,2,2.75,27,2.0,"98070",649000.0
2550,3,2.5,25,2.0,"98006",715000.0
3350,4,3.5,23,1.0,"98075",845000.0
2770,3,2.5,35,1.0,"98038",390000.0
2860,4,3.0,32,1.0,"98108",390000.0
1990,4,1.75,37,1.0,"98058",328000.0
1740,3,2.75,48,1.0,"98003",239999.0
1460,3,2.0,47,1.0,"98003",225000.0
3670,3,1.75,36,1.0,"98006",920000.0
3270,4,2.75,20,2.0,"98052",940000.0
1210,3,1.0,66,1.0,"98118",465000.0
1770,3,2.0,29,1.0,"98001",241000.0
1980,4,2.5,12,2.0,"98031",307550.0
2650,4,2.5,39,1.0,"98028",490000.0
3040,4,2.5,16,2.0,"98074",647000.0
3640,4,2.75,16,1.5,"98027",780000.0
1810,3,2.5,23,2.0,"98029",517500.0
1380,3,2.0,49,1.0,"98148",295000.0
1810,4,1.5,89,2.0,"98112",560000.0
2250,5,2.0,85,1.5,"98002",319450.0
3860,4,3.25,10,2.0,"98115",1500000.0
2380,4,3.0,16,1.0,"98023",340000.0
1370,3,1.0,57,1.0,"98058",249950.0
1830,3,1.0,89,1.5,"98103",499950.0
1440,4,1.75,48,1.0,"98004",1038000.0
2510,4,2.5,38,1.0,"98052",750000.0
3230,4,2.5,9,2.0,"98053",875000.0
1670,3,1.75,48,1.0,"98008",678000.0
780,2,1.0,95,1.0,"98118",360000.0
1720,3,1.0,44,1.0,"98059",354900.0
2260,5,2.5,48,1.0,"98008",632000.0
1480,3,1.75,58,1.0,"98146",350000.0
2550,3,4.0,75,2.0,"98199",990000.0
3920,4,3.25,13,3.0,"98024",1650000.0
2286,4,2.5,13,2.0,"98056",481000.0
1500,3,2.5,95,1.0,"98136",485000.0
1740,3,2.5,23,2.0,"98029",477000.0
2880,5,2.5,49,1.0,"98006",560000.0
2600,6,3.0,52,1.0,"98008",600000.0
3320,5,2.75,40,2.0,"98072",622500.0
1660,2,2.25,41,2.0,"98028",410000.0
1990,3,2.5,5,2.0,"98038",318200.0
1680,3,2.0,22,1.0,"98022",289000.0
1570,3,1.75,33,2.0,"98031",263000.0
1150,3,1.0,58,1.0,"98027",240000.0
1270,3,1.0,62,1.0,"98146",281500.0
1890,3,3.5,16,2.0,"98103",587206.0
1350,2,2.25,15,2.0,"98102",482000.0
1650,3,1.75,48,1.0,"98052",485000.0
1450,3,2.5,25,2.0,"98014",309000.0
1640,3,2.25,31,1.0,"98003",221000.0
2030,3,2.5,40,2.0,"98008",700000.0
2420,5,3.0,86,1.0,"98106",411500.0
2770,4,3.5,75,2.0,"98133",285000.0
1980,4,3.0,32,1.0,"98133",395000.0
1460,2,1.75,28,1.0,"98042",237950.0
1610,3,2.5,34,1.0,"98033",680000.0
1010,2,1.0,54,1.0,"98023",199950.0
2760,4,3.5,89,2.0,"98126",765000.0
1060,2,1.0,89,1.0,"98103",515000.0
1510,3,1.5,59,1.0,"98007",470000.0
880,2,1.0,78,1.0,"98117",330000.0
2150,3,2.5,47,1.0,"98188",284000.0
1660,3,2.5,16,1.0,"98148",295000.0
2160,4,2.5,34,1.0,"98074",555000.0
1370,3,1.0,66,1.5,"98125",350000.0
1460,3,2.25,29,1.0,"98023",240000.0
1450,3,1.5,60,1.0,"98007",419900.0
1560,3,2.0,91,1.0,"98126",528000.0
2480,4,2.5,52,1.0,"98028",481000.0
740,2,1.0,66,1.0,"98133",304700.0
2927,4,2.5,17,2.0,"98075",715000.0
2260,4,2.75,59,1.0,"98005",738950.0
1240,3,1.5,49,1.0,"98042",215000.0
2040,6,2.0,72,1.0,"98056",300000.0
1270,3,1.75,65,1.0,"98146",346000.0
4370,4,3.5,19,2.0,"98022",473000.0
1700,3,1.75,63,1.0,"98116",500000.0
1300,2,1.5,72,1.0,"98122",750000.0
1820,4,2.0,48,1.0,"98052",519900.0
880,2,1.0,66,1.0,"98125",378500.0
1870,3,1.75,58,1.0,"98003",314500.0
1350,3,1.5,47,1.0,"98052",499950.0
4870,5,3.5,86,2.5,"98144",1735000.0
2460,3,2.5,16,2.0,"98077",630000.0
1720,4,1.5,62,1.0,"98125",360000.0
2730,2,1.5,39,1.0,"98019",460000.0
1100,3,1.0,93,1.5,"98198",361000.0
1810,3,2.25,56,1.0,"98040",713400.0
930,2,1.0,97,1.0,"98115",445000.0
1590,4,1.5,49,1.0,"98022",305000.0
2710,3,2.75,40,1.5,"98177",1430000.0
1460,3,1.0,53,1.0,"98023",222000.0
3400,5,3.25,10,2.0,"98065",510000.0
2920,5,3.0,12,2.0,"98133",500000.0
910,2,1.0,106,1.0,"98119",605000.0
1320,3,2.0,34,2.0,"98074",393000.0
2490,4,2.5,15,2.0,"98052",725000.0
2220,3,1.75,65,1.0,"98028",320000.0
1130,4,1.5,45,1.0,"98023",210000.0
2750,4,2.5,10,2.0,"98038",419900.0
2240,4,2.5,9,2.0,"98059",410000.0
2680,3,2.25,52,1.0,"98116",721000.0
1270,2,2.0,94,1.5,"98122",605000.0
1520,3,1.75,79,1.5,"98116",738000.0
2480,6,3.0,43,2.0,"98007",725000.0
960,2,1.0,38,1.0,"98045",255000.0
1340,3,2.25,6,3.0,"98133",303000.0
1090,3,2.5,58,1.0,"98008",394950.0
2240,4,3.0,66,2.0,"98118",530000.0
3740,4,2.5,11,1.0,"98058",475000.0
1800,4,2.5,17,2.0,"98038",250000.0
780,3,1.0,95,1.0,"98118",180000.0
1330,2,1.0,96,1.0,"98115",443500.0
1900,4,2.0,11,1.0,"98042",390000.0
1570,4,1.75,40,1.0,"98052",430000.0
3100,5,4.5,52,2.0,"98059",460000.0
2740,3,3.5,14,2.0,"98034",660000.0
1570,3,1.75,41,1.0,"98052",515000.0
1330,3,2.0,61,1.0,"98125",482500.0
1140,2,1.5,27,2.0,"98029",305000.0
1550,4,2.75,85,1.5,"98105",835000.0
1290,3,2.0,17,1.0,"98030",237000.0
1510,2,1.5,30,2.0,"98007",445000.0
2720,4,2.5,60,1.0,"98136",710000.0
840,3,1.0,70,1.0,"98038",180000.0
1850,3,2.5,19,2.0,"98022",280017.0
2290,4,2.5,27,2.0,"98058",436500.0
3200,4,2.5,9,2.0,"98105",1255000.0
1800,3,2.25,56,1.0,"98028",420000.0
860,3,1.0,71,1.0,"98178",205000.0
1980,3,1.5,69,1.0,"98010",570000.0
2140,4,1.75,67,1.0,"98177",565000.0
2410,2,2.5,37,1.0,"98023",287000.0
1650,4,1.75,38,1.0,"98011",260000.0
1650,4,1.75,38,1.0,"98011",470000.0
2410,3,2.5,26,2.0,"98052",700000.0
1520,3,1.75,30,1.0,"98092",249000.0
2050,3,1.75,38,1.0,"98136",568000.0
1720,4,1.0,111,1.5,"98107",500000.0
2390,5,2.5,35,1.0,"98058",358000.0
1680,3,2.5,21,2.0,"98092",225000.0
1060,3,1.0,34,1.0,"98056",275500.0
1860,3,2.5,14,2.0,"98034",495000.0
1750,5,2.25,75,1.0,"98105",758800.0
1480,3,1.75,30,1.0,"98042",280000.0
1900,3,2.5,21,2.0,"98055",380500.0
1440,3,1.75,57,1.0,"98168",260000.0
1910,4,2.5,1,3.0,"98107",630000.0
2010,3,2.0,100,1.0,"98103",875000.0
960,3,1.0,88,1.5,"98118",457500.0
1240,2,1.0,61,1.0,"98102",900000.0
870,2,2.0,61,1.0,"98118",235000.0
1400,3,2.0,34,2.0,"98070",410000.0
1850,3,3.0,34,1.0,"98028",355000.0
4270,4,4.0,11,2.0,"98029",1300000.0
2260,3,1.75,67,1.0,"98125",467500.0
2690,4,4.5,66,1.5,"98125",500000.0
2780,4,3.5,37,2.0,"98166",995000.0
1140,3,1.0,59,1.0,"98155",277000.0
2900,4,2.25,68,2.0,"98125",630000.0
2830,5,2.75,55,1.0,"98008",628000.0
2560,5,2.5,20,2.0,"98019",655000.0
1240,2,1.0,65,1.0,"98168",170000.0
2100,4,2.5,48,1.0,"98023",352500.0
3120,4,2.75,18,2.0,"98010",615000.0
970,3,1.0,50,1.0,"98168",165000.0
2300,4,2.5,49,2.0,"98042",243500.0
950,2,1.5,12,2.0,"98144",304000.0
2110,3,1.5,56,1.0,"98118",369000.0
2990,4,2.75,1,2.0,"98052",779950.0
2940,4,2.25,54,1.0,"98028",605000.0
1860,4,2.5,21,2.0,"98092",292500.0
1820,2,1.75,65,1.0,"98115",500007.0
1950,4,2.5,15,2.0,"98056",449999.0
1890,4,2.5,19,2.0,"98038",355000.0
2710,4,3.0,48,1.0,"98030",258000.0
2150,4,2.25,52,1.0,"98028",380000.0
3720,4,3.0,12,1.0,"98014",650000.0
2580,4,2.5,12,2.0,"98038",456500.0
1540,4,2.0,67,1.5,"98022",259950.0
1050,2,1.0,51,1.5,"98168",123000.0
1210,3,2.25,1,3.0,"98107",520000.0
2040,4,2.25,52,1.0,"98028",506000.0
980,3,1.0,89,1.5,"98118",425000.0
1990,5,2.5,41,2.0,"98034",438000.0
2420,4,2.5,48,1.0,"98004",1490000.0
1240,4,2.0,107,1.0,"98122",375000.0
1530,3,2.25,47,1.0,"98055",337500.0
2080,4,2.25,47,1.0,"98058",300000.0
3570,5,3.25,10,2.0,"98075",627000.0
4230,5,4.25,7,2.0,"98033",1400000.0
2700,4,2.5,27,2.0,"98029",674725.0
2200,3,2.75,38,1.0,"98058",325000.0
1210,5,2.0,33,2.0,"98023",230000.0
2140,5,1.75,53,1.0,"98027",485000.0
2740,4,2.5,22,1.5,"98022",315000.0
1370,3,2.75,12,3.0,"98107",560000.0
2800,4,3.0,13,2.0,"98038",444000.0
1060,3,1.5,38,1.0,"98106",325000.0
790,2,1.0,71,1.0,"98168",118125.0
790,2,1.0,71,1.0,"98168",212000.0
2820,4,2.5,9,2.0,"98038",428900.0
1850,3,2.0,47,1.0,"98011",510000.0
1110,3,1.5,52,1.0,"98052",416000.0
3230,4,3.0,16,2.0,"98070",950000.0
1460,3,1.5,35,1.0,"98031",204000.0
3480,4,2.5,20,2.0,"98027",878000.0
3560,4,3.0,19,3.0,"98112",1045000.0
840,2,1.0,63,1.0,"98118",350000.0
1820,3,1.75,58,1.0,"98115",659500.0
1630,3,2.5,27,1.0,"98072",395000.0
1920,4,2.5,21,2.0,"98022",308950.0
1750,3,2.0,60,1.0,"98133",410000.0
2750,4,3.0,49,1.0,"98177",710000.0
620,1,1.0,39,1.0,"98198",175000.0
1720,3,2.0,34,1.0,"98074",508800.0
1800,3,3.0,86,1.5,"98119",606400.0
1300,3,1.75,19,1.0,"98092",245100.0
1970,3,2.5,34,1.0,"98146",540000.0
1740,3,1.5,59,1.0,"98028",415000.0
1930,4,2.75,35,1.0,"98072",469500.0
1190,3,1.75,50,1.0,"98023",195000.0
4250,4,3.25,19,2.0,"98006",1615000.0
4360,4,3.5,17,2.0,"98074",1450000.0
3420,3,2.5,24,1.0,"98006",1200000.0
4260,4,3.75,7,2.0,"98033",1065000.0
920,2,1.0,34,1.0,"98033",555500.0
1040,3,1.0,65,1.0,"98122",440000.0
1260,3,1.0,75,1.0,"98115",485000.0
2460,3,2.5,19,2.0,"98052",693000.0
830,3,1.0,73,1.0,"98133",295000.0
2060,3,2.5,39,1.0,"98006",700000.0
2210,2,1.75,64,1.0,"98107",767500.0
5480,6,4.25,24,2.0,"98031",800000.0
1860,3,2.0,17,2.0,"98059",440000.0
1350,3,2.5,18,1.0,"98077",600000.0
2790,4,2.5,90,2.0,"98112",1160000.0
1570,2,1.0,63,1.0,"98177",506000.0
2030,4,1.75,40,1.0,"98166",474950.0
2570,3,2.5,54,1.0,"98199",654000.0
1210,2,1.0,73,1.0,"98199",710000.0
1530,4,2.25,34,1.0,"98027",620000.0
1510,3,2.0,31,2.0,"98052",390000.0
1720,3,2.25,48,1.0,"98052",550000.0
2190,3,1.75,62,1.0,"98178",353000.0
3030,4,2.5,35,1.0,"98027",465000.0
1410,3,2.0,25,1.0,"98042",279900.0
1679,2,1.75,14,2.0,"98070",700000.0
1980,4,1.0,47,1.0,"98027",395000.0
1900,4,2.5,37,2.0,"98028",375000.0
1720,4,1.0,89,1.5,"98115",547000.0
2480,5,3.25,22,2.0,"98155",525000.0
1210,3,1.0,114,1.5,"98117",285000.0
1540,2,1.75,107,1.0,"98116",570000.0
2740,3,2.5,24,2.0,"98042",409000.0
1811,4,2.5,8,2.0,"98055",260000.0
2720,4,2.5,28,1.0,"98058",348000.0
1520,4,1.0,44,1.5,"98034",389000.0
2160,4,2.75,39,1.0,"98034",445000.0
1390,3,1.75,34,1.0,"98117",400000.0
1740,4,2.5,16,2.0,"98001",302000.0
2849,3,2.5,14,2.0,"98074",798000.0
1440,2,1.0,65,1.0,"98155",335000.0
3000,4,2.5,10,2.0,"98072",585000.0
3330,4,4.0,54,1.0,"98006",2500000.0
1720,4,2.25,75,1.0,"98116",555000.0
1500,3,2.5,21,2.0,"98006",295000.0
2050,4,1.5,52,1.0,"98001",265000.0
1180,4,2.0,50,1.0,"98034",330000.0
1600,4,1.5,113,2.0,"98118",286000.0
1290,2,1.0,70,1.0,"98115",970000.0
2680,4,2.0,49,1.0,"98188",525000.0
2370,3,1.75,36,1.0,"98045",355000.0
2310,5,2.5,40,1.0,"98034",469950.0
1450,4,1.0,61,1.0,"98006",435000.0
2680,4,2.5,25,2.0,"98031",363500.0
1030,2,1.5,91,1.0,"98109",595000.0
1320,3,1.0,60,1.0,"98155",275000.0
670,2,1.0,73,1.0,"98146",295000.0
2670,3,2.25,25,2.0,"98042",345000.0
2440,3,2.25,24,2.0,"98053",485000.0
3370,5,2.5,10,2.0,"98004",1245000.0
940,2,1.0,92,1.0,"98115",340500.0
1100,3,1.0,67,1.0,"98103",280000.0
2520,3,2.25,27,2.0,"98001",449888.0
1400,2,1.75,88,1.0,"98116",483000.0
1880,3,1.75,74,1.0,"98125",445500.0
2800,5,3.5,20,2.0,"98106",379900.0
2500,4,3.5,7,2.0,"98052",599950.0
810,3,1.0,73,1.0,"98166",215000.0
1720,3,2.5,28,2.0,"98001",263000.0
2170,4,1.0,54,1.0,"98033",565000.0
4530,5,3.0,12,1.5,"98077",950000.0
1440,4,1.0,69,1.5,"98155",395000.0
2850,4,3.25,107,2.0,"98122",1535000.0
2620,4,2.5,74,1.0,"98117",922000.0
1676,3,2.5,18,2.0,"98014",330000.0
5850,4,3.75,25,2.0,"98006",1525000.0
1910,3,1.75,11,1.0,"98022",323000.0
1670,2,2.0,11,1.0,"98053",554000.0
2050,3,2.0,28,1.0,"98052",500000.0
3730,5,3.5,25,1.0,"98075",775000.0
1800,4,1.75,36,1.0,"98118",340000.0
2230,4,1.75,30,1.0,"98008",560000.0
1670,3,2.5,13,2.0,"98042",304000.0
1400,3,1.0,53,1.0,"98034",279900.0
2110,5,3.0,10,2.0,"98030",315000.0
2160,4,2.0,87,1.5,"98116",849000.0
2420,3,1.75,38,1.0,"98023",325000.0
3320,4,3.5,10,2.0,"98075",786000.0
3220,5,2.75,16,2.0,"98001",384000.0
1340,3,1.5,88,1.5,"98105",907000.0
2490,3,2.5,22,2.0,"98053",700000.0
1640,3,2.0,24,1.0,"98038",269500.0
1420,3,2.25,31,1.0,"98031",269000.0
3340,4,2.5,10,2.0,"98053",749950.0
1580,3,2.75,14,2.0,"98019",325000.0
2170,3,1.5,36,1.0,"98052",1150000.0
1370,3,1.5,53,1.0,"98056",406000.0
2840,4,2.5,25,2.0,"98074",650000.0
1940,3,1.75,97,1.5,"98022",295000.0
1757,4,2.0,60,1.0,"98198",375000.0
980,2,1.0,108,1.0,"98117",395000.0
2470,6,3.0,33,2.0,"98007",609000.0
1610,3,1.75,31,1.0,"98052",510000.0
1590,3,2.25,37,1.0,"98001",190000.0
780,1,1.0,93,1.0,"98122",250000.0
720,3,1.5,91,1.0,"98126",295000.0
1630,3,1.5,88,1.5,"98115",740000.0
1590,3,1.0,103,2.0,"98065",323000.0
2310,3,2.75,4,2.0,"98027",713000.0
2320,3,1.75,76,2.0,"98199",1070000.0
1660,3,1.75,37,2.0,"98033",460000.0
2070,3,1.75,95,1.5,"98144",880000.0
2500,4,1.75,68,1.0,"98199",585000.0
940,2,1.0,56,1.0,"98166",249950.0
1990,3,2.5,25,2.0,"98199",450000.0
2620,3,2.5,26,2.0,"98042",450000.0
3730,4,3.25,30,3.0,"98109",1775000.0
1600,3,3.25,16,3.0,"98117",350000.0
2095,3,2.5,7,2.0,"98002",292500.0
4230,4,2.75,30,2.0,"98072",879000.0
3200,4,2.5,67,1.5,"98115",1184000.0
2050,4,2.75,48,1.0,"98075",584999.0
2020,4,2.75,54,1.0,"98133",366000.0
3270,4,2.25,41,1.0,"98040",987500.0
1320,3,1.0,56,1.0,"98056",300000.0
1270,2,1.75,34,1.0,"98058",299000.0
1980,4,1.75,84,1.5,"98115",560000.0
2620,3,2.5,17,2.0,"98077",695000.0
1750,4,1.75,38,1.0,"98059",360000.0
1040,3,1.0,57,1.0,"98023",183500.0
1900,3,1.75,112,1.5,"98118",311000.0
1660,3,1.75,38,1.0,"98032",263000.0
1530,3,1.75,29,1.0,"98038",269000.0
4280,4,3.5,10,2.0,"98004",1600000.0
2870,4,2.5,11,2.0,"98065",564000.0
2540,3,2.5,16,2.0,"98059",425000.0
2100,4,2.75,87,1.5,"98105",679000.0
1740,3,2.0,63,1.0,"98166",410000.0
2441,4,2.5,8,2.0,"98023",340000.0
1810,3,1.75,56,1.0,"98146",360000.0
2060,3,1.5,62,1.0,"98077",450000.0
3160,4,2.75,33,1.0,"98178",552000.0
2930,4,2.0,50,1.5,"98092",294000.0
1310,2,1.0,69,1.0,"98115",663500.0
4800,6,4.5,8,2.0,"98112",1975000.0
1450,4,1.5,46,1.0,"98042",175409.0
1900,4,3.0,61,2.0,"98155",459000.0
1050,3,1.0,109,1.5,"98144",339950.0
1610,5,1.75,79,1.0,"98024",393000.0
720,2,1.0,64,1.0,"98133",275500.0
1020,3,1.0,60,1.0,"98006",485000.0
1250,3,1.0,55,1.0,"98059",250000.0
3200,4,3.5,35,1.0,"98005",935100.0
990,3,1.0,56,1.0,"98002",245000.0
2850,4,2.5,26,2.0,"98056",670000.0
4240,3,3.5,21,2.0,"98040",1393000.0
2800,4,1.75,37,1.0,"98027",440000.0
2310,2,2.5,9,2.0,"98119",1248000.0
1490,3,1.75,37,1.0,"98092",203000.0
1840,4,2.5,10,2.0,"98052",583000.0
1740,3,1.0,61,1.0,"98125",575000.0
3280,4,3.5,4,2.0,"98112",2575000.0
4050,5,3.5,42,2.0,"98040",1600000.0
2160,4,2.5,22,2.0,"98030",312500.0
2720,3,2.75,29,3.0,"98042",455000.0
3650,5,3.0,37,1.0,"98006",1310000.0
1750,4,2.25,53,1.0,"98115",605000.0
2450,3,2.25,37,1.0,"98045",325000.0
1940,3,1.75,33,1.0,"98052",630000.0
3280,4,3.75,1,2.0,"98006",928950.0
2480,3,1.75,39,1.0,"98177",489950.0
2120,3,2.25,31,1.0,"98074",550000.0
1710,3,2.0,47,1.0,"98003",237000.0
1690,3,2.5,24,1.0,"98028",390000.0
2190,3,2.5,28,2.0,"98074",665000.0
1960,4,3.0,14,1.0,"98106",277000.0
1510,3,1.0,106,1.5,"98105",545000.0
1490,3,2.5,7,2.0,"98199",615000.0
2210,3,1.75,49,1.0,"98178",343000.0
2340,4,2.5,11,2.0,"98125",597000.0
940,3,1.0,70,1.0,"98004",600000.0
1470,3,1.75,28,1.0,"98074",479000.0
1650,3,1.75,57,1.0,"98056",292000.0
1400,3,1.5,58,1.0,"98166",265000.0
2710,4,2.5,27,2.0,"98077",623000.0
2150,4,2.5,37,1.0,"98024",486000.0
1900,3,2.0,75,1.0,"98115",520500.0
4380,4,3.5,14,1.0,"98053",1300000.0
2290,4,1.0,94,1.5,"98144",825000.0
1690,3,1.75,29,1.0,"98030",259900.0
3090,5,2.75,47,1.0,"98040",1170000.0
1120,2,1.0,111,1.0,"98118",245000.0
2680,3,2.5,64,1.0,"98199",830200.0
2400,4,2.5,25,2.0,"98029",650000.0
1610,4,2.0,63,1.0,"98118",305000.0
3470,5,2.5,37,2.0,"98074",599000.0
2070,4,2.5,22,2.0,"98092",272000.0
2420,3,2.5,19,2.0,"98038",415000.0
2380,4,2.25,36,1.0,"98042",319000.0
2120,4,1.75,55,1.0,"98028",425000.0
2190,4,2.5,37,1.0,"98023",297500.0
2740,4,2.5,25,2.0,"98075",725000.0
1830,3,2.5,20,2.0,"98042",325000.0
1370,3,1.75,43,1.0,"98052",460000.0
1000,3,1.0,56,1.0,"98027",396480.0
2050,3,1.0,93,2.0,"98112",1025000.0
1750,3,2.75,36,1.0,"98155",370000.0
1620,3,1.0,46,1.0,"98038",260656.0
1710,3,2.5,19,2.0,"98028",431000.0
1060,3,1.0,57,1.0,"98106",320000.0
2170,3,2.75,37,1.0,"98032",296500.0
3080,4,2.5,46,1.0,"98052",679000.0
1320,3,3.0,12,2.0,"98144",359000.0
1920,4,3.0,53,1.0,"98168",330000.0
2440,4,2.5,6,2.0,"98038",350000.0
1640,3,1.5,52,1.0,"98146",242000.0
2420,3,2.5,18,2.0,"98077",692500.0
1190,2,1.5,96,1.0,"98115",441000.0
2910,4,2.5,25,2.0,"98052",765000.0
1010,2,1.0,65,1.0,"98116",375000.0
2080,3,1.75,60,1.0,"98166",365000.0
1990,2,1.5,71,1.0,"98199",580000.0
3920,4,3.5,10,1.0,"98040",1605000.0
3080,4,2.5,34,2.0,"98007",841000.0
2670,5,3.0,34,1.0,"98052",515000.0
4320,5,2.5,48,1.0,"98038",565000.0
1200,2,1.5,86,1.0,"98115",365000.0
1640,3,1.5,107,2.0,"98108",295000.0
870,2,1.0,68,1.0,"98116",406500.0
2410,3,2.5,24,2.0,"98125",614905.0
2640,5,2.25,86,1.0,"98039",1398000.0
990,2,1.0,34,2.0,"98056",250000.0
1500,5,1.0,86,2.0,"98117",549000.0
1790,4,2.5,10,2.0,"98059",397000.0
1490,3,1.75,53,1.0,"98001",184000.0
3960,4,3.25,77,2.0,"98105",2500000.0
1620,3,1.5,61,1.0,"98115",499100.0
2270,4,1.5,61,1.0,"98115",676101.0
1150,3,1.0,83,1.0,"98155",290000.0
2180,4,1.75,53,1.0,"98133",390000.0
910,3,1.0,67,1.0,"98117",465000.0
2770,3,2.75,77,1.5,"98155",470000.0
940,3,1.0,56,1.0,"98008",435000.0
2410,3,1.75,48,1.0,"98058",415000.0
1010,3,2.0,110,1.5,"98122",450000.0
2120,3,2.5,18,1.0,"98070",645000.0
1530,4,2.0,73,2.0,"98058",231000.0
1810,3,1.5,46,1.0,"98022",358000.0
1040,3,1.0,43,1.0,"98070",330000.0
1160,2,1.5,43,2.0,"98034",229950.0
1430,2,1.5,81,1.0,"98125",403250.0
2280,3,2.5,11,2.0,"98065",470000.0
1200,3,1.0,48,1.0,"98038",239000.0
2480,4,1.5,60,1.0,"98136",579000.0
1270,3,2.0,12,3.0,"98103",380500.0
2730,5,2.75,0,2.0,"98072",614285.0
1340,2,2.0,12,2.0,"98029",376000.0
1240,3,1.0,61,1.0,"98148",290000.0
2400,4,2.25,50,1.0,"98034",487000.0
1220,4,2.0,112,2.0,"98122",935000.0
2163,4,2.5,9,2.0,"98001",255000.0
1860,2,2.5,15,2.0,"98028",380000.0
810,2,1.0,57,1.0,"98115",450000.0
1950,3,2.5,28,2.0,"98027",622000.0
1390,3,2.25,22,2.0,"98038",292500.0
2120,4,3.0,107,2.0,"98119",1320000.0
1510,4,2.0,114,1.0,"98144",410000.0
1010,3,1.75,65,1.0,"98106",160000.0
1840,4,1.5,98,2.0,"98112",809000.0
1650,5,2.75,45,1.0,"98118",183750.0
2860,5,1.75,68,1.0,"98133",411000.0
2650,3,1.75,31,2.0,"98112",1050000.0
1100,2,1.0,96,1.0,"98109",625000.0
1646,3,2.25,21,2.0,"98038",305000.0
5250,4,4.5,17,2.0,"98059",915000.0
1390,3,1.5,41,1.0,"98019",317000.0
780,2,1.0,68,1.0,"98106",165000.0
1490,2,1.0,69,1.0,"98112",575000.0
970,3,1.0,48,1.0,"98003",219900.0
3730,4,3.25,9,2.0,"98033",1485000.0
1090,3,1.0,60,1.0,"98052",300000.0
1940,3,1.75,24,1.0,"98038",520000.0
1780,4,2.25,49,1.0,"98032",310000.0
1190,3,2.0,19,1.0,"98056",322500.0
2000,4,2.25,48,2.0,"98023",320000.0
1390,3,2.5,11,2.0,"98065",440000.0
1500,3,1.0,77,1.0,"98117",578000.0
1070,2,1.5,10,3.0,"98107",382000.0
1720,3,2.5,21,2.0,"98029",535000.0
3680,4,2.5,9,2.0,"98038",679000.0
1400,3,2.25,30,1.0,"98058",258900.0
1730,3,1.5,60,2.0,"98125",563000.0
2795,5,3.0,19,2.0,"98019",562000.0
2000,4,1.75,65,1.0,"98117",725000.0
1830,3,2.5,28,2.0,"98023",236775.0
3380,4,3.5,63,1.0,"98033",860000.0
1500,3,1.5,62,1.0,"98125",270000.0
1950,4,2.75,55,1.0,"98008",621000.0
2490,3,2.5,17,2.0,"98065",527900.0
1780,4,2.25,51,2.0,"98072",395000.0
1110,3,2.0,37,1.0,"98045",320000.0
2500,4,2.5,12,2.0,"98042",300000.0
1480,3,1.75,50,1.0,"98056",320000.0
2570,3,2.25,36,1.0,"98053",625000.0
810,2,1.0,74,1.0,"98116",505000.0
2700,4,2.5,49,1.0,"98030",300000.0
2180,4,2.5,11,2.0,"98042",363000.0
4330,4,3.5,27,2.0,"98040",1700000.0
4210,4,3.5,9,2.0,"98008",1146800.0
2880,4,2.5,38,1.0,"98052",680000.0
2610,5,2.25,106,2.0,"98115",678940.0
2010,3,1.75,31,1.0,"98031",299000.0
1500,4,1.75,60,1.0,"98028",379900.0
1290,3,1.0,39,1.0,"98023",205000.0
1320,4,1.0,86,1.5,"98122",387500.0
1290,3,1.0,67,1.0,"98106",256000.0
2440,4,2.5,21,2.0,"98056",548000.0
1290,3,1.75,19,1.0,"98032",163000.0
1030,2,2.0,11,2.0,"98116",367500.0
1640,3,2.25,32,2.0,"98118",390000.0
1160,4,2.5,26,1.0,"98155",415000.0
2230,4,2.25,47,2.0,"98011",449000.0
1910,5,2.0,52,1.0,"98007",460000.0
1980,4,2.0,38,1.0,"98053",395000.0
1470,3,2.0,54,1.0,"98042",300000.0
1520,3,1.75,46,1.0,"98055",345000.0
1930,3,1.75,62,1.0,"98004",825000.0
1330,3,2.5,1,3.0,"98117",539950.0
1580,4,2.0,62,1.0,"98033",410000.0
1370,3,1.0,60,1.0,"98146",245000.0
3010,4,2.75,42,1.0,"98034",482000.0
1390,3,1.75,37,1.0,"98045",270000.0
1330,3,1.75,32,1.0,"98052",475000.0
1320,3,2.0,68,1.0,"98125",445800.0
2430,4,3.0,37,1.0,"98034",518000.0
1260,2,0.75,73,1.5,"98033",785000.0
1690,3,2.5,11,2.0,"98136",430000.0
3420,4,1.75,68,1.0,"98125",715000.0
2790,3,1.5,60,1.0,"98125",560000.0
1270,3,1.75,112,1.5,"98144",449000.0
2910,4,2.5,26,2.0,"98006",805000.0
1560,3,2.5,12,2.0,"98038",296000.0
770,2,1.0,88,1.0,"98126",275000.0
1770,3,1.75,38,1.0,"98058",419950.0
1100,3,1.75,7,2.0,"98106",285000.0
2890,3,2.5,19,2.0,"98075",775000.0
2110,3,1.75,52,1.0,"98178",288250.0
1220,2,1.75,106,1.0,"98144",257000.0
950,1,1.0,86,1.5,"98115",377000.0
1420,2,1.0,91,1.0,"98107",550000.0
1100,3,1.0,73,1.0,"98126",339000.0
2140,3,1.75,67,1.0,"98117",481500.0
1300,3,1.75,35,1.0,"98022",224500.0
1790,3,1.0,64,1.0,"98031",260000.0
1470,2,1.0,103,1.5,"98119",865000.0
2500,5,3.0,44,1.0,"98006",730000.0
980,2,1.0,105,1.5,"98103",550000.0
2130,3,2.0,107,2.0,"98115",645000.0
1360,3,1.75,37,1.0,"98155",250000.0
1630,3,3.5,15,2.0,"98122",507200.0
2500,4,2.5,51,1.0,"98003",380000.0
2260,4,1.75,44,1.0,"98074",540000.0
2300,3,2.5,10,1.0,"98053",738500.0
1060,3,1.0,35,1.0,"98038",206000.0
940,2,1.0,67,1.0,"98155",265000.0
780,1,0.75,70,1.0,"98058",190000.0
1200,3,1.0,46,1.0,"98056",339900.0
2590,6,2.5,45,1.0,"98042",250000.0
1100,3,1.0,50,1.0,"98136",416500.0
2890,4,2.5,11,2.0,"98065",575000.0
1230,3,1.75,28,1.0,"98034",385000.0
1030,3,1.0,55,1.0,"98056",253000.0
1140,3,1.0,73,1.0,"98103",460000.0
3200,4,2.5,18,3.0,"98119",1445000.0
950,2,1.0,73,1.0,"98115",492000.0
1960,4,2.0,43,1.0,"98022",275000.0
3010,5,3.25,84,1.5,"98027",542500.0
1080,2,1.0,60,1.0,"98136",345000.0
2730,4,2.75,36,1.0,"98072",575000.0
2570,5,2.5,56,1.0,"98133",275000.0
3300,6,4.5,35,2.0,"98052",510000.0
4350,4,3.5,107,2.0,"98112",2538000.0
3820,3,3.5,16,2.0,"98045",830000.0
2260,4,2.5,11,2.0,"98052",640000.0
3880,4,2.75,11,2.0,"98053",702000.0
2010,3,2.5,60,1.0,"98102",960000.0
950,3,1.0,32,1.0,"98092",190000.0
1730,3,2.25,27,1.0,"98052",500000.0
3070,3,2.5,20,2.0,"98059",529000.0
1500,3,1.75,18,1.0,"98034",435000.0
2160,3,1.75,61,1.0,"98136",670000.0
1960,3,2.25,12,2.0,"98118",365000.0
3950,5,3.0,62,1.0,"98004",1270000.0
1100,3,1.0,100,1.5,"98024",465000.0
1400,3,1.5,59,1.0,"98148",285000.0
1020,3,1.0,89,1.5,"98118",219950.0
1600,3,1.5,53,1.0,"98001",220000.0
4230,6,4.5,99,2.0,"98119",1465000.0
3090,5,3.5,15,2.0,"98112",1112750.0
2320,2,2.5,8,1.0,"98053",694000.0
2440,3,2.5,27,2.0,"98029",620000.0
2020,3,1.0,66,1.0,"98028",415000.0
3270,3,3.0,23,2.0,"98053",765000.0
2260,4,1.75,67,1.0,"98115",864000.0
2020,5,2.0,65,2.0,"98144",385000.0
1000,3,1.0,64,1.0,"98033",725000.0
2030,4,2.25,48,1.0,"98052",545000.0
1730,3,1.75,27,1.0,"98042",299900.0
2010,3,1.75,41,1.0,"98052",639500.0
1540,4,1.5,51,1.0,"98055",345000.0
5330,6,4.0,15,2.0,"98006",1125000.0
960,2,1.0,111,1.0,"98144",345000.0
1460,3,2.0,94,1.0,"98105",600000.0
2160,4,1.75,32,1.0,"98056",355000.0
2640,3,2.75,37,1.5,"98052",698000.0
2170,4,2.25,28,2.0,"98074",566000.0
1530,3,2.5,21,2.0,"98029",449950.0
1570,3,1.0,57,1.0,"98056",404600.0
1490,3,1.0,46,1.0,"98198",258000.0
1960,4,2.0,60,2.0,"98133",415000.0
2190,4,2.25,37,2.0,"98032",320000.0
1690,3,2.5,12,2.0,"98038",295000.0
2330,5,2.0,53,1.0,"98028",389000.0
1470,3,1.75,57,1.0,"98198",299900.0
2550,3,2.5,11,2.0,"98038",394000.0
2130,4,2.0,76,1.5,"98033",762000.0
3650,4,2.75,37,1.5,"98077",697000.0
3340,3,2.5,21,2.0,"98022",485000.0
800,2,1.0,60,1.0,"98056",189900.0
3470,3,2.75,26,3.0,"98034",2150000.0
1030,3,1.5,94,1.0,"98108",345000.0
1630,3,2.0,65,1.0,"98125",376500.0
2010,3,2.0,64,2.0,"98115",775000.0
1360,3,1.0,105,1.5,"98107",450000.0
2040,4,2.25,57,1.0,"98177",760000.0
2830,4,2.5,12,2.0,"98065",569000.0
2040,3,1.5,65,1.0,"98117",500000.0
1340,2,2.0,74,1.5,"98199",592500.0
2130,4,2.5,27,2.0,"98029",620000.0
3920,5,4.25,25,2.0,"98004",1000000.0
2415,3,2.5,34,2.0,"98033",815000.0
3750,5,2.75,10,2.0,"98038",775000.0
1010,3,1.0,40,1.0,"98074",340000.0
990,2,1.75,73,1.0,"98125",458000.0
1200,2,1.5,30,2.0,"98055",250000.0
1060,2,1.0,61,1.0,"98058",151600.0
3200,4,2.5,10,2.0,"98059",515000.0
1810,2,1.0,69,1.0,"98178",216000.0
1670,3,1.75,41,1.0,"98022",245000.0
1850,3,2.75,62,1.0,"98177",645000.0
1100,3,1.0,55,1.0,"98118",249900.0
1660,3,1.75,35,1.0,"98116",410000.0
2400,6,1.75,40,1.5,"98155",499000.0
2900,5,3.25,48,1.0,"98005",790000.0
2140,1,2.25,39,1.0,"98072",458000.0
2670,4,2.5,86,2.0,"98117",925000.0
1090,3,1.0,46,1.0,"98092",152000.0
1970,3,2.5,25,2.0,"98011",402000.0
1250,2,2.0,19,2.0,"98136",340000.0
4040,4,2.5,31,2.0,"98006",1250000.0
3220,4,2.5,22,2.0,"98053",775000.0
1310,2,1.0,71,1.0,"98126",299800.0
2060,4,2.25,55,1.0,"98178",340000.0
1750,3,2.25,10,2.5,"98102",626000.0
1150,2,1.0,69,1.0,"98168",324950.0
2050,3,2.5,21,2.0,"98029",535500.0
3230,3,3.25,16,2.0,"98074",817500.0
4170,4,3.5,10,2.0,"98074",810000.0
1940,5,1.5,89,1.5,"98117",565000.0
2390,3,1.5,79,1.5,"98105",978000.0
1440,3,1.0,64,1.0,"98177",530000.0
2230,4,2.5,12,2.0,"98092",305000.0
1210,3,2.5,7,3.0,"98103",345000.0
750,2,2.0,70,1.5,"98178",258000.0
1770,4,1.0,49,1.5,"98106",275000.0
1020,3,1.0,54,1.0,"98042",310000.0
2050,3,2.0,64,1.0,"98040",713250.0
2000,3,1.0,37,1.0,"98074",500000.0
2180,3,1.75,61,1.0,"98178",472000.0
920,3,1.0,63,1.0,"98118",250000.0
3440,4,2.25,33,2.0,"98077",725000.0
1610,3,2.0,29,1.0,"98014",345000.0
1870,3,1.5,79,1.0,"98133",460000.0
1110,2,1.0,68,1.0,"98133",440150.0
2200,3,1.75,37,1.0,"98011",390000.0
790,2,1.0,65,1.0,"98136",375000.0
1630,3,1.5,52,1.0,"98022",224950.0
2100,3,1.5,66,1.0,"98028",480000.0
2690,4,2.75,75,2.0,"98117",721000.0
600,2,1.0,93,1.0,"98168",174000.0
810,2,1.0,71,1.0,"98178",170000.0
1660,3,1.5,96,1.5,"98109",658000.0
1880,3,2.0,47,1.0,"98004",860000.0
2310,4,1.5,47,2.0,"98010",407450.0
2650,4,1.5,85,2.0,"98028",615000.0
3130,4,3.0,20,2.0,"98006",920000.0
860,2,1.0,32,1.0,"98042",195000.0
990,3,1.0,54,1.0,"98056",269950.0
4030,4,3.5,9,2.0,"98045",855000.0
1780,3,2.25,8,3.0,"98109",620000.0
1480,2,2.0,96,1.0,"98118",276000.0
1140,3,1.0,104,1.5,"98146",329000.0
1230,3,1.5,53,1.0,"98198",270000.0
3080,4,2.5,22,2.0,"98042",440000.0
1990,4,2.5,26,2.0,"98029",639000.0
700,1,1.0,70,1.0,"98133",403500.0
1700,3,2.5,13,2.0,"98119",585000.0
860,2,1.0,73,1.0,"98168",216000.0
3160,3,2.5,24,1.0,"98006",1150000.0
2500,3,2.0,61,1.0,"98166",575000.0
3000,4,2.5,14,2.0,"98031",430000.0
1670,2,1.0,61,1.0,"98033",660000.0
690,2,1.0,72,1.0,"98126",338000.0
1240,4,2.75,28,1.0,"98125",400000.0
900,2,1.0,85,1.0,"98022",210000.0
2200,4,1.75,73,1.5,"98168",305000.0
960,2,1.0,30,1.0,"98014",365000.0
2130,5,2.75,24,1.0,"98118",325000.0
2020,4,1.75,46,1.0,"98023",245000.0
1060,3,1.0,56,1.0,"98032",182000.0
1230,2,1.0,109,1.0,"98118",440000.0
2510,3,2.25,27,2.0,"98003",225000.0
2510,3,2.25,27,2.0,"98003",358000.0
2720,5,2.5,76,1.5,"98117",580000.0
1070,3,1.5,31,1.0,"98030",240000.0
3580,4,3.25,25,1.0,"98024",700000.0
2230,4,2.5,21,2.0,"98022",325000.0
2500,4,2.25,37,1.0,"98034",488000.0
1670,4,1.0,109,1.5,"98103",875000.0
2150,4,2.5,30,2.0,"98052",615000.0
2020,3,2.5,3,2.0,"98038",321000.0
2230,3,2.5,12,2.0,"98033",1035000.0
740,2,1.0,73,1.0,"98126",299500.0
2020,4,1.5,52,2.0,"98034",459000.0
1730,3,2.5,19,2.0,"98029",435000.0
1370,3,1.75,35,1.0,"98031",222000.0
1210,4,1.0,79,1.5,"98115",485000.0
2160,5,3.5,8,3.0,"98107",750000.0
1550,3,2.25,26,2.0,"98003",266000.0
1170,2,1.0,74,1.0,"98103",455000.0
2020,3,1.75,40,2.0,"98070",490000.0
1740,3,1.75,37,1.0,"98023",280000.0
3100,4,3.25,92,2.0,"98109",1450000.0
1590,4,1.0,73,1.5,"98168",291000.0
2400,5,3.0,34,2.0,"98126",745000.0
2290,3,2.5,43,1.0,"98117",685900.0
1610,3,1.75,51,1.0,"98001",160000.0
2240,4,2.5,47,1.0,"98005",650000.0
850,2,1.0,64,1.0,"98126",250000.0
920,2,1.5,20,2.0,"98133",265000.0
2590,5,3.25,55,1.0,"98118",599000.0
1340,3,1.0,71,1.5,"98178",199950.0
2420,4,2.75,67,1.0,"98118",712500.0
1420,2,1.0,74,1.0,"98115",490000.0
1360,4,1.0,98,1.5,"98115",511500.0
1510,3,1.0,60,1.0,"98118",299000.0
2650,4,2.5,61,1.0,"98177",685000.0
2120,4,2.0,88,1.5,"98117",597000.0
1200,3,1.0,38,1.0,"98030",210000.0
3190,4,2.5,69,1.0,"98125",659000.0
1050,3,1.0,90,1.0,"98115",540000.0
1300,3,2.0,17,1.0,"98056",469000.0
3970,3,2.5,24,1.5,"98024",1065000.0
2990,5,2.5,43,1.0,"98177",575000.0
2440,4,2.75,74,1.5,"98116",725000.0
1170,4,1.0,62,1.0,"98056",299950.0
2270,4,2.0,54,1.0,"98001",375000.0
1280,3,1.5,53,1.0,"98133",342450.0
1950,4,2.5,13,2.0,"98178",315000.0
1930,4,2.75,18,1.0,"98106",328000.0
1970,4,2.75,38,1.0,"98058",323000.0
1820,4,3.0,18,1.0,"98118",320000.0
950,2,1.0,91,1.0,"98117",550000.0
4010,6,3.5,60,1.0,"98004",1646000.0
4560,4,3.5,20,1.0,"98006",1212500.0
4560,4,3.5,20,1.0,"98006",1200000.0
1150,3,1.0,72,1.0,"98030",120000.0
1150,3,1.0,72,1.0,"98030",175000.0
910,3,1.0,115,1.5,"98022",169900.0
2890,6,2.75,39,1.0,"98034",508000.0
1070,2,1.0,64,1.0,"98133",335000.0
2050,3,2.75,88,1.5,"98105",613200.0
1040,2,1.5,111,1.5,"98144",420000.0
3320,4,3.25,7,3.0,"98103",1000000.0
740,2,1.0,67,1.0,"98118",342000.0
3380,4,2.0,36,1.0,"98075",850000.0
1210,2,1.75,73,1.0,"98117",582000.0
2480,3,2.5,14,2.0,"98155",475000.0
2010,3,2.25,40,1.0,"98052",570000.0
3230,4,3.25,99,1.5,"98105",826600.0
1170,2,2.5,14,2.0,"98122",387000.0
1250,3,1.0,46,1.0,"98077",330000.0
2070,3,2.5,35,1.0,"98075",653450.0
1050,2,1.0,10,1.0,"98029",285000.0
1400,3,1.0,53,1.0,"98059",217000.0
1120,3,1.0,38,1.0,"98033",615000.0
3150,4,2.5,1,2.0,"98059",580135.0
4540,4,3.5,17,2.0,"98006",1150000.0
1400,3,2.0,24,1.0,"98022",231200.0
2500,4,2.75,5,2.0,"98053",680000.0
1390,3,1.5,14,2.0,"98118",267500.0
3160,4,2.75,76,2.0,"98125",942000.0
1310,3,1.75,67,1.0,"98117",435000.0
1740,2,1.0,91,1.0,"98118",315000.0
1490,3,2.5,11,3.0,"98125",354901.0
1300,2,2.0,10,1.0,"98053",439888.0
1460,4,1.0,87,1.5,"98106",360000.0
1030,4,1.0,60,1.0,"98055",205000.0
1970,3,2.5,27,2.0,"98092",299995.0
790,2,1.0,71,1.0,"98058",150000.0
3800,3,2.25,39,1.0,"98042",575000.0
2168,3,2.0,65,2.0,"98146",625000.0
4140,4,3.5,15,2.0,"98059",950000.0
2440,4,2.5,50,1.0,"98031",278800.0
1720,3,2.0,107,2.0,"98112",713500.0
3020,4,2.25,99,1.5,"98040",1900000.0
2610,5,2.0,27,1.0,"98117",439000.0
1500,3,2.0,34,1.0,"98027",425000.0
2600,4,2.5,54,1.5,"98003",252500.0
1370,3,1.5,54,1.0,"98092",185000.0
2400,5,2.75,41,1.0,"98074",406550.0
1068,2,1.5,25,2.0,"98028",243000.0
2220,3,1.5,53,1.0,"98006",500000.0
880,2,1.0,73,1.0,"98198",204750.0
1310,3,1.5,47,1.0,"98042",222000.0
1350,4,1.0,49,1.0,"98055",200000.0
1400,3,2.25,9,3.0,"98133",367000.0
1170,3,1.0,53,1.0,"98188",183000.0
1020,3,2.5,11,2.0,"98144",300000.0
1300,3,1.75,30,1.0,"98133",369000.0
2010,3,2.0,86,2.0,"98133",380000.0
1590,3,2.0,30,2.0,"98125",463000.0
1470,3,1.0,52,1.0,"98034",475000.0
1580,3,1.75,34,1.0,"98001",225000.0
1970,3,1.75,47,1.0,"98058",371000.0
2330,3,2.5,12,2.0,"98116",625000.0
1230,3,1.75,35,1.0,"98045",329000.0
2570,3,1.75,53,2.0,"98177",634000.0
3440,4,2.5,9,2.0,"98038",616000.0
3330,3,2.25,47,2.0,"98004",1824100.0
1780,4,2.25,13,2.0,"98072",435000.0
2110,4,2.5,15,2.0,"98030",320000.0
2770,4,3.5,13,2.0,"98074",820000.0
1590,3,2.5,15,2.0,"98019",310000.0
1460,3,2.25,12,2.0,"98199",443750.0
2070,4,2.25,48,1.0,"98040",795000.0
2420,3,2.5,58,1.0,"98003",475000.0
2000,5,1.75,94,2.0,"98103",585000.0
1010,2,1.0,34,2.0,"98056",315000.0
3050,4,2.5,26,2.0,"98029",635000.0
1160,3,1.0,47,1.0,"98077",305000.0
2180,3,2.0,111,1.0,"98103",785000.0
1560,3,1.75,71,1.0,"98199",525000.0
1580,4,1.75,105,1.0,"98117",537000.0
1660,3,1.75,41,1.0,"98058",279950.0
2350,4,2.0,38,2.0,"98005",659000.0
1440,2,1.0,35,1.0,"98023",203000.0
2930,4,2.5,10,2.0,"98074",782500.0
1590,3,1.75,31,1.0,"98031",250000.0
1400,3,1.0,60,1.0,"98056",279000.0
3190,6,2.5,36,2.0,"98052",664000.0
4580,4,3.25,24,2.0,"98109",2900000.0
1830,4,2.0,62,1.0,"98118",378500.0
2720,3,1.75,27,1.5,"98014",535000.0
1360,2,1.0,83,1.0,"98034",520000.0
1520,3,2.0,72,1.0,"98106",369950.0
2290,3,2.25,34,2.0,"98075",545000.0
2150,3,2.5,24,2.0,"98058",360000.0
1170,3,1.5,60,1.0,"98004",760000.0
1830,3,1.75,76,1.0,"98115",450000.0
2730,4,2.5,24,2.0,"98011",612500.0
1090,3,1.0,53,1.0,"98056",280000.0
2560,3,2.5,22,2.0,"98027",750000.0
1160,3,1.0,57,1.0,"98056",237000.0
1010,2,1.75,96,1.5,"98105",441500.0
1650,3,2.0,26,1.0,"98038",251000.0
2120,3,1.0,73,1.0,"98168",200000.0
960,1,1.0,107,1.0,"98112",332000.0
1509,3,2.5,1,3.0,"98133",401500.0
2270,4,1.75,58,1.0,"98155",585000.0
1954,4,2.5,10,2.0,"98055",340000.0
2800,3,3.5,10,1.0,"98053",920000.0
1270,3,1.0,71,1.5,"98178",153000.0
1810,4,2.25,29,1.0,"98023",299950.0
2410,4,2.5,32,2.0,"98058",440000.0
1690,3,2.5,12,2.0,"98038",293000.0
1190,3,1.75,63,1.0,"98178",203000.0
1280,2,1.75,24,1.0,"98002",193000.0
1460,3,1.75,50,1.0,"98155",305000.0
1600,4,1.75,56,1.0,"98125",495000.0
1770,3,1.75,63,1.0,"98125",420000.0
2800,4,2.5,44,1.0,"98177",569500.0
2680,4,2.5,26,2.0,"98029",620000.0
1680,3,1.75,56,1.0,"98006",466000.0
1120,3,1.0,53,1.0,"98034",355500.0
1040,2,1.0,60,1.0,"98033",687500.0
1790,3,2.25,40,2.0,"98052",432100.0
2410,3,2.5,39,1.5,"98006",500000.0
3370,5,3.25,27,2.0,"98029",690000.0
800,2,1.0,66,1.0,"98118",350000.0
1380,2,1.0,72,1.0,"98108",268000.0
990,2,1.0,70,1.0,"98042",120000.0
1800,4,2.5,21,2.0,"98022",285000.0
1820,4,1.5,60,1.0,"98006",365000.0
2620,3,2.5,13,2.0,"98053",635000.0
2290,2,2.5,10,2.0,"98029",630000.0
2200,4,3.0,47,2.0,"98103",450000.0
2940,4,2.5,41,1.0,"98074",590000.0
1700,2,1.75,65,1.0,"98199",895000.0
860,3,1.0,52,1.0,"98030",160000.0
910,2,1.0,91,1.0,"98107",520000.0
2820,4,3.25,39,2.0,"98058",432000.0
930,2,1.0,73,1.0,"98056",141800.0
2190,4,2.0,105,2.5,"98103",980000.0
3430,4,2.5,1,2.0,"98033",1290000.0
2560,4,2.75,56,1.0,"98115",740000.0
770,2,1.0,67,1.0,"98106",230000.0
2440,3,2.25,41,1.0,"98008",954500.0
1650,3,1.5,86,1.5,"98122",622000.0
780,1,1.0,110,1.0,"98108",90000.0
1260,3,3.0,17,3.0,"98103",342000.0
2320,4,2.5,8,2.0,"98042",305000.0
1560,4,2.75,36,1.0,"98001",259900.0
2330,3,2.0,81,1.5,"98146",420000.0
1400,2,1.0,86,1.5,"98168",250000.0
1450,3,1.5,54,1.0,"98198",249950.0
1140,2,1.0,83,1.0,"98055",199000.0
1120,3,1.0,61,1.0,"98146",355200.0
1970,3,1.5,60,1.0,"98155",425000.0
1110,3,1.0,35,1.0,"98052",379500.0
3070,4,2.5,6,2.0,"98033",860000.0
1940,3,2.5,11,2.0,"98058",335000.0
3050,3,2.5,18,2.0,"98074",865000.0
1240,3,1.0,113,1.5,"98144",390000.0
3380,5,4.25,1,2.0,"98148",569950.0
3190,3,2.5,9,2.0,"98059",495500.0
1670,4,1.75,62,1.0,"98118",476500.0
1660,3,1.0,58,1.0,"98056",261000.0
2070,4,2.0,60,1.0,"98006",375000.0
2070,4,2.0,60,1.0,"98006",550000.0
1430,2,1.0,66,1.0,"98118",230000.0
2270,5,2.5,52,1.0,"98028",526750.0
1980,3,2.0,104,1.5,"98033",606000.0
2500,4,2.75,38,1.0,"98031",368500.0
1230,3,1.0,42,1.0,"98070",275000.0
1390,4,1.0,60,1.5,"98155",342000.0
2120,4,1.75,37,1.0,"98023",278100.0
1540,4,2.75,86,1.0,"98126",450000.0
2000,4,2.5,10,2.0,"98058",349950.0
2400,4,2.5,14,2.0,"98038",425000.0
2110,4,2.75,53,1.0,"98011",435000.0
2550,4,2.5,54,1.0,"98155",460000.0
1440,4,1.75,52,1.0,"98155",323000.0
810,2,1.0,71,1.0,"98106",325000.0
1170,2,1.75,91,1.0,"98117",480000.0
3590,3,2.5,57,1.0,"98005",1325000.0
2090,4,1.75,59,1.0,"98178",210000.0
3820,5,4.5,15,2.0,"98116",920000.0
1460,3,1.0,56,1.0,"98125",399000.0
2360,3,1.75,75,1.0,"98117",631750.0
1100,3,1.0,53,1.0,"98023",184000.0
2100,4,2.5,41,2.0,"98058",333000.0
1310,2,2.0,11,2.0,"98038",218000.0
750,2,1.5,96,1.0,"98118",258305.0
1720,5,1.5,100,1.5,"98103",775000.0
3370,3,2.5,64,2.0,"98133",515000.0
1200,2,1.5,0,2.0,"98144",455000.0
1830,3,2.5,61,2.5,"98155",440000.0
3870,3,3.5,13,2.0,"98102",1440000.0
2220,3,2.25,96,2.0,"98122",850000.0
2920,3,1.75,54,1.0,"98028",480000.0
2540,5,2.75,35,1.0,"98058",420000.0
1970,3,1.75,39,1.0,"98072",408000.0
2170,5,1.75,53,1.0,"98003",278000.0
2350,3,3.0,14,2.0,"98112",1195000.0
2630,4,2.25,36,2.0,"98042",454000.0
4120,4,2.5,50,1.0,"98006",1851000.0
2440,4,2.25,8,2.0,"98065",499000.0
3480,5,3.0,3,2.0,"98059",590000.0
1900,3,3.5,16,2.0,"98108",385000.0
3160,4,3.25,4,2.0,"98034",1250000.0
1330,2,1.75,36,1.0,"98198",202200.0
1420,3,2.25,39,1.0,"98033",450000.0
2570,3,2.0,29,1.5,"98038",435000.0
1270,2,1.0,107,1.0,"98042",550000.0
2470,3,2.25,42,1.0,"98178",361000.0
2590,4,2.25,36,2.0,"98006",760000.0
3030,4,2.5,12,2.0,"98033",902000.0
1240,3,1.75,64,1.5,"98116",505000.0
1040,3,1.0,54,1.0,"98023",200000.0
2320,5,2.25,48,1.0,"98001",260000.0
1190,2,1.0,87,1.5,"98117",417000.0
2030,3,2.25,29,1.0,"98023",287500.0
1390,3,1.5,54,1.0,"98033",450000.0
2050,2,1.75,36,1.5,"98119",825000.0
3050,4,3.0,89,2.0,"98112",1475000.0
1240,2,1.0,94,1.5,"98118",319950.0
3030,4,2.5,34,2.0,"98072",682000.0
1930,3,1.75,59,1.0,"98119",560000.0
1490,3,1.75,30,1.0,"98155",350000.0
1510,3,2.0,20,1.0,"98022",270000.0
1320,3,1.75,25,1.0,"98092",284000.0
2330,4,2.5,11,2.0,"98031",308000.0
2240,4,2.0,59,1.0,"98106",450000.0
2050,4,2.5,26,2.0,"98077",540000.0
1680,4,1.5,56,1.0,"98177",380000.0
2200,4,2.75,44,1.5,"98014",522500.0
670,1,1.0,37,1.0,"98038",118000.0
1730,4,1.75,47,1.0,"98003",280400.0
2710,4,2.75,20,1.5,"98075",710000.0
3410,3,3.25,22,2.0,"98014",720000.0
1330,3,1.75,54,1.0,"98004",787000.0
1990,4,2.5,3,2.0,"98034",537000.0
1900,2,1.5,99,1.0,"98144",650000.0
1310,4,1.0,67,1.0,"98146",154200.0
1690,4,2.5,36,1.0,"98023",238000.0
1040,3,1.0,62,1.0,"98155",285650.0
1340,2,1.5,9,2.0,"98122",485500.0
1120,2,1.0,73,1.0,"98155",315000.0
2310,3,2.0,50,2.0,"98033",627000.0
2190,3,2.5,21,2.0,"98027",525000.0
1220,3,3.25,1,2.0,"98105",526000.0
1200,3,1.5,105,1.0,"98115",480000.0
3840,3,3.5,19,2.0,"98077",970000.0
2460,4,2.5,50,1.0,"98177",640000.0
1630,3,2.5,30,1.0,"98042",279000.0
970,2,2.0,75,1.0,"98146",303000.0
1780,4,2.0,97,1.5,"98178",315000.0
1760,4,1.75,36,1.0,"98058",336500.0
770,2,1.0,64,1.0,"98118",163250.0
1760,3,1.0,53,1.0,"98011",444950.0
990,2,1.0,17,2.0,"98144",285000.0
1250,2,1.0,77,1.0,"98115",370000.0
1440,3,2.25,18,2.0,"98106",330000.0
1960,2,2.0,65,1.0,"98108",395000.0
2510,6,3.0,71,1.0,"98108",440000.0
2920,4,2.75,3,2.0,"98059",625000.0
1730,3,2.5,24,2.0,"98045",435000.0
1570,3,2.5,10,2.0,"98019",299950.0
970,2,1.75,71,1.0,"98199",560000.0
2800,4,3.0,13,2.0,"98038",380000.0
1580,4,2.0,109,2.0,"98144",333000.0
1220,2,1.0,89,1.0,"98117",499000.0
1550,3,1.5,35,1.0,"98118",386000.0
1220,3,2.0,68,1.0,"98166",320600.0
1651,2,2.0,69,1.0,"98070",285000.0
3150,7,4.0,2,2.0,"98118",450000.0
800,2,1.0,82,1.0,"98030",175000.0
3190,5,2.75,11,2.0,"98058",544800.0
1720,3,1.75,34,1.0,"98092",220000.0
1100,2,2.25,6,2.0,"98118",374000.0
1010,3,2.0,31,1.0,"98031",200000.0
1010,3,2.0,31,1.0,"98031",259950.0
1760,4,2.75,44,1.0,"98023",255000.0
1400,3,1.75,40,1.0,"98034",447000.0
1820,3,2.5,89,1.5,"98022",287000.0
1470,3,2.0,83,1.0,"98133",344950.0
770,2,1.0,94,1.0,"98024",212000.0
1340,5,2.75,53,1.0,"98034",425000.0
480,1,1.0,93,1.0,"98065",170000.0
1260,3,1.0,87,1.5,"98103",565000.0
870,2,1.0,75,1.0,"98146",234000.0
4010,3,2.5,32,1.0,"98006",1511250.0
2340,3,2.5,22,1.0,"98188",345000.0
1770,3,2.75,6,2.0,"98065",415000.0
2660,5,1.75,93,1.5,"98115",760000.0
3600,5,2.5,39,2.0,"98166",484000.0
1230,2,1.75,9,2.0,"98029",360000.0
3270,3,2.75,27,1.5,"98077",875000.0
3100,3,2.5,61,1.0,"98177",930000.0
1900,3,2.0,49,1.0,"98038",250000.0
1750,2,2.0,3,2.0,"98065",394000.0
3380,4,3.5,8,2.0,"98074",865000.0
2090,2,2.0,97,2.0,"98116",477500.0
4120,4,2.75,68,1.0,"98116",1250000.0
1260,3,1.75,68,1.0,"98155",270000.0
1800,3,2.25,41,1.0,"98052",567000.0
1960,3,2.5,75,1.0,"98118",635000.0
4460,6,2.75,85,2.5,"98105",1865000.0
1330,3,1.75,42,1.0,"98092",183000.0
1820,3,1.75,65,1.0,"98042",309933.0
3360,4,2.75,42,1.0,"98006",945800.0
2860,2,1.75,67,1.0,"98023",503000.0
1460,3,1.0,58,1.0,"98055",220000.0
1900,3,1.75,28,1.0,"98092",335000.0
1790,3,2.25,46,1.0,"98075",650000.0
3100,4,3.5,10,2.0,"98031",511000.0
900,2,1.0,77,1.0,"98045",275000.0
1530,2,1.75,26,2.0,"98107",576250.0
2070,2,3.25,27,2.0,"98075",1452000.0
1340,3,2.0,103,1.0,"98002",186000.0
1220,1,1.0,93,1.0,"98115",655100.0
2370,4,2.5,17,2.0,"98092",328000.0
1890,3,2.5,42,1.0,"98133",441000.0
1480,3,1.75,34,1.5,"98059",370000.0
1050,2,1.0,56,1.0,"98040",630000.0
2070,4,2.25,57,1.0,"98028",470500.0
1170,2,1.0,67,1.0,"98168",285950.0
1090,3,1.5,57,1.0,"98040",698000.0
1650,3,2.5,24,2.0,"98031",268000.0
4410,4,3.75,12,3.0,"98116",1625000.0
1780,4,2.5,22,2.0,"98058",355000.0
1550,3,1.0,63,1.0,"98118",299000.0
2290,4,2.75,89,2.0,"98115",1003000.0
2220,4,2.0,57,1.5,"98030",275000.0
1150,3,1.75,97,1.0,"98106",475000.0
2000,4,2.5,26,2.0,"98042",260000.0
1270,2,1.75,83,1.5,"98133",416000.0
1810,5,1.0,100,1.5,"98178",495000.0
1450,3,1.0,63,1.0,"98125",357500.0
1170,2,1.5,12,3.0,"98103",459500.0
1730,3,2.5,21,2.0,"98003",258000.0
2680,3,2.25,53,1.0,"98059",600000.0
1260,3,1.0,78,1.5,"98136",665000.0
1020,3,1.5,56,1.0,"98056",165000.0
1970,5,2.5,21,2.0,"98022",297000.0
830,2,1.0,73,1.0,"98126",350000.0
5030,4,4.5,7,2.0,"98040",2450000.0
800,2,1.0,57,1.0,"98058",180000.0
1330,3,1.75,34,1.0,"98168",339950.0
1030,3,1.0,63,1.0,"98146",365000.0
5660,4,4.25,14,2.0,"98019",955000.0
2330,3,2.5,11,2.0,"98107",732000.0
1540,3,1.75,68,1.0,"98040",500000.0
2040,6,2.75,54,1.0,"98008",610000.0
1540,3,2.0,11,1.0,"98125",525000.0
1920,4,1.0,49,1.0,"98188",170000.0
1870,3,2.5,10,2.0,"98042",300000.0
2960,5,3.5,29,2.0,"98023",389500.0
1690,3,1.5,60,1.0,"98166",330000.0
1610,3,2.25,27,2.0,"98042",269950.0
670,2,1.0,67,1.0,"98106",107000.0
1752,3,1.0,10,2.0,"98032",249000.0
1540,4,2.0,80,1.5,"98125",442500.0
3160,3,2.5,13,2.0,"98010",579000.0
2570,3,1.75,31,2.0,"98075",621500.0
1370,3,1.5,57,1.0,"98198",203000.0
860,2,1.0,73,1.0,"98056",222900.0
1680,2,1.5,24,1.5,"98038",453000.0
930,1,0.75,74,1.0,"98178",190000.0
1820,4,1.75,53,1.0,"98058",320000.0
2120,3,1.5,111,1.5,"98122",733500.0
3330,4,2.25,21,2.0,"98059",555000.0
2520,3,2.25,12,2.0,"98038",364950.0
1560,3,1.75,26,1.0,"98033",490000.0
2250,5,1.75,58,1.0,"98125",688000.0
640,2,1.0,73,1.0,"98106",165000.0
3880,5,3.75,11,2.0,"98056",506000.0
3360,3,2.25,110,2.0,"98112",2193000.0
2350,5,1.75,47,1.0,"98008",754000.0
2340,5,2.5,56,2.0,"98118",949950.0
1430,3,2.5,12,3.0,"98117",443600.0
1920,3,2.5,17,2.0,"98019",380600.0
4330,3,3.25,30,2.0,"98074",722800.0
790,2,1.0,67,1.0,"98118",342888.0
2350,4,1.75,58,1.0,"98115",555000.0
1350,3,2.5,24,2.0,"98122",613000.0
1470,3,2.0,59,1.0,"98125",480000.0
1680,6,1.5,104,1.5,"98033",619500.0
1890,4,2.5,35,1.0,"98052",437000.0
2030,4,2.5,56,1.0,"98006",621000.0
1760,4,1.75,109,1.5,"98103",810000.0
1950,3,2.25,51,1.0,"98155",415000.0
1440,4,1.0,97,1.0,"98126",250000.0
2230,3,1.5,47,1.0,"98136",585000.0
1180,3,1.0,69,1.5,"98155",220000.0
2500,5,2.5,52,1.0,"98007",580000.0
2680,3,2.75,51,1.0,"98039",1320000.0
2040,4,2.5,47,1.0,"98052",675000.0
2660,4,2.75,13,2.0,"98075",695000.0
2580,5,2.75,61,1.0,"98004",915000.0
1000,3,1.0,68,1.0,"98125",375000.0
1330,3,1.5,7,2.0,"98116",500000.0
1420,2,2.0,11,1.0,"98038",335000.0
1280,2,1.0,103,1.5,"98001",170000.0
2200,5,2.5,44,1.0,"98010",320900.0
1800,3,1.75,37,1.0,"98052",508000.0
1200,3,1.75,47,1.0,"98023",228950.0
1840,4,2.0,86,1.5,"98106",433000.0
960,2,1.0,64,1.0,"98126",267500.0
2890,4,1.5,76,2.0,"98118",910000.0
1290,3,1.75,31,1.0,"98072",370000.0
1140,2,1.0,104,1.5,"98126",320000.0
1750,3,1.75,59,1.0,"98117",660000.0
2580,4,2.25,38,2.0,"98040",787888.0
2650,4,2.5,10,2.0,"98042",329000.0
1470,2,1.0,74,1.0,"98105",602000.0
1640,3,2.0,56,1.0,"98028",375000.0
620,1,1.0,89,1.0,"98166",212000.0
1440,3,1.5,38,1.0,"98118",224000.0
1160,3,2.0,29,1.0,"98019",315500.0
1070,2,1.0,113,1.0,"98102",350000.0
3560,6,4.5,26,2.0,"98002",389000.0
1720,3,1.75,53,1.0,"98168",285000.0
1530,3,1.75,57,1.0,"98133",425000.0
1270,3,1.75,35,1.0,"98030",190000.0
1510,3,1.75,44,1.0,"98027",374000.0
880,2,1.0,111,1.0,"98118",292000.0
2020,5,1.75,104,1.5,"98103",475000.0
1410,3,2.5,30,1.0,"98117",546500.0
860,3,1.0,61,1.0,"98146",82000.0
860,3,1.0,61,1.0,"98146",219900.0
1210,3,1.0,105,1.5,"98136",440000.0
2090,3,2.5,96,2.0,"98070",400000.0
1430,3,1.75,60,1.0,"98006",453000.0
2120,6,3.25,32,1.0,"98106",330000.0
2540,3,2.75,24,2.0,"98092",359950.0
2490,4,2.5,32,2.0,"98074",616000.0
670,2,1.0,55,1.0,"98144",245000.0
1320,2,2.0,18,3.0,"98125",296000.0
950,2,1.0,91,1.0,"98106",193000.0
1870,3,2.0,88,1.5,"98117",456000.0
1840,4,1.75,59,1.0,"98133",480000.0
1410,3,3.25,10,3.0,"98103",382000.0
1050,2,1.0,111,1.0,"98122",650000.0
1400,2,2.0,58,1.0,"98125",431750.0
1630,3,2.5,18,2.0,"98033",419900.0
1900,3,2.0,20,1.0,"98023",315000.0
1890,4,3.0,36,1.0,"98052",597500.0
2980,3,2.5,37,1.0,"98077",615000.0
2885,4,3.25,31,2.0,"98027",605000.0
1980,3,2.5,25,2.0,"98092",220000.0
3020,4,2.5,55,1.0,"98188",340000.0
2980,4,2.5,14,2.0,"98045",620000.0
3290,5,1.75,42,1.5,"98052",602000.0
1580,3,1.75,64,1.0,"98118",575000.0
2090,3,2.5,28,1.0,"98003",285000.0
1100,3,1.5,50,1.0,"98059",306500.0
1870,3,2.5,13,2.0,"98056",325000.0
2390,3,2.75,42,1.0,"98034",623000.0
1320,3,2.0,22,1.0,"98042",256500.0
3430,5,3.5,13,2.0,"98031",473000.0
2250,3,2.5,30,2.0,"98052",549000.0
1710,3,1.0,29,1.0,"98014",305000.0
2160,4,2.5,27,2.0,"98001",317000.0
1400,3,1.75,52,1.0,"98028",450000.0
1560,2,2.5,68,1.0,"98055",225000.0
2300,5,2.0,59,2.5,"98133",500000.0
820,2,1.0,60,1.0,"98118",207000.0
1630,3,1.0,67,1.5,"98146",474900.0
2010,3,2.5,21,2.0,"98028",515000.0
1540,4,1.0,93,1.5,"98115",542000.0
2420,4,2.75,38,1.0,"98007",725000.0
1690,3,2.5,12,2.0,"98038",314950.0
1410,3,2.0,32,1.0,"98072",375000.0
1640,3,1.75,26,1.0,"98014",500000.0
2200,3,1.75,37,1.0,"98006",689000.0
1290,3,2.25,9,2.0,"98102",525000.0
1060,3,1.5,47,1.0,"98118",360000.0
1240,3,1.0,67,1.0,"98116",425000.0
1280,2,1.0,66,1.0,"98118",239950.0
2330,2,2.5,100,2.0,"98144",577500.0
2360,3,1.75,67,1.0,"98136",615000.0
2210,4,2.75,18,1.0,"98074",516000.0
3670,4,2.75,29,2.0,"98006",1218000.0
3080,4,3.5,78,2.0,"98199",1655000.0
770,2,1.0,72,1.0,"98155",315000.0
2600,4,2.0,56,1.0,"98032",250000.0
1220,4,1.5,73,1.0,"98118",250000.0
2910,4,2.5,48,1.0,"98005",925000.0
1150,3,1.0,60,1.0,"98133",358000.0
1700,3,2.5,18,2.0,"98092",262000.0
1220,3,1.75,51,1.0,"98008",500000.0
1670,5,1.0,96,1.5,"98119",1300000.0
2420,3,1.75,31,2.0,"98074",500000.0
2610,3,2.25,27,2.0,"98052",675000.0
960,3,1.0,60,1.0,"98118",235000.0
960,3,1.0,60,1.0,"98118",545000.0
1010,3,1.0,34,1.0,"98033",350000.0
1550,2,2.25,7,2.0,"98106",320000.0
5067,5,2.5,47,1.0,"98003",452000.0
2350,3,2.0,93,1.5,"98102",875000.0
1310,3,1.5,17,2.0,"98144",325000.0
2160,4,2.25,68,1.0,"98119",756000.0
2510,4,2.5,37,1.0,"98032",319000.0
890,3,1.75,89,1.5,"98115",455000.0
1129,2,1.0,62,1.0,"98106",330000.0
1980,4,3.25,35,1.0,"98052",510000.0
2360,3,1.0,51,1.0,"98116",532000.0
2480,3,2.5,1,2.0,"98117",775000.0
2160,3,1.75,62,1.0,"98144",410000.0
1740,2,1.75,100,1.0,"98108",205000.0
2430,4,2.5,16,2.0,"98177",585000.0
1950,2,1.75,40,1.0,"98023",255000.0
910,2,1.0,111,1.0,"98117",415000.0
2360,4,2.0,90,1.0,"98126",459000.0
1130,3,1.0,50,1.0,"98034",354000.0
2150,3,2.5,20,2.0,"98033",587000.0
5270,4,3.5,11,2.0,"98058",782000.0
1300,3,1.5,50,1.0,"98033",570000.0
1050,3,1.0,74,1.0,"98115",414500.0
1380,4,1.0,87,1.0,"98168",185000.0
1610,3,1.5,54,1.0,"98022",262500.0
3150,4,2.75,50,1.0,"98092",370000.0
1520,3,1.0,61,1.0,"98125",362500.0
1990,3,2.5,22,2.0,"98072",536000.0
2500,5,2.0,94,1.5,"98146",425000.0
1890,3,2.25,42,1.0,"98125",435000.0
1840,5,2.0,73,1.0,"98133",435000.0
1220,2,1.0,73,1.0,"98136",400000.0
1370,2,1.5,7,2.0,"98122",446000.0
2710,3,2.5,56,1.0,"98105",1250000.0
1760,3,2.25,24,2.0,"98038",300000.0
800,2,1.0,77,1.0,"98115",404500.0
3530,4,2.5,29,2.0,"98072",910000.0
1780,3,2.25,88,1.5,"98122",771000.0
2610,4,2.5,6,2.0,"98001",335000.0
1850,3,1.75,50,1.0,"98045",390000.0
1560,3,2.25,52,1.0,"98002",288000.0
1270,3,1.75,59,1.0,"98033",403000.0
1420,3,2.25,9,3.0,"98103",510000.0
2880,6,3.0,35,2.0,"98144",751000.0
1420,3,1.0,65,1.0,"98118",408000.0
1640,3,1.0,95,1.5,"98004",1014250.0
1730,3,2.0,59,1.0,"98007",575000.0
1250,3,1.75,64,1.0,"98146",330000.0
1520,3,2.25,2,3.0,"98107",565000.0
1820,3,2.5,16,2.0,"98074",456000.0
2700,4,2.5,25,2.0,"98029",652500.0
1820,3,1.75,66,2.0,"98136",582000.0
2770,4,2.5,11,2.0,"98075",700000.0
1270,2,1.0,98,1.5,"98126",235000.0
1400,3,1.75,38,1.0,"98075",460000.0
1820,3,2.25,34,1.0,"98052",475000.0
1870,2,2.0,12,1.0,"98053",579000.0
1360,4,2.0,70,1.5,"98107",507000.0
1040,3,2.5,11,2.0,"98118",210000.0
2140,4,2.75,22,2.0,"98001",359500.0
1330,3,1.75,28,1.0,"98001",248000.0
1070,3,1.0,63,1.0,"98178",239300.0
1370,3,2.25,6,3.0,"98133",315000.0
3510,4,3.0,39,2.0,"98005",970000.0
1730,3,1.5,61,1.0,"98136",510000.0
1550,4,1.5,59,1.0,"98008",418000.0
3280,4,2.5,19,2.0,"98053",699000.0
2150,4,2.5,48,1.0,"98006",871000.0
1580,3,1.75,48,1.0,"98008",515000.0
1460,3,1.0,63,1.0,"98166",400000.0
1410,3,1.75,61,1.0,"98125",445000.0
3090,4,2.75,59,1.0,"98199",1110000.0
1690,3,1.5,39,1.0,"98038",212000.0
2870,4,2.5,35,2.0,"98006",710000.0
1100,4,1.0,108,1.0,"98030",225800.0
2310,3,1.75,32,1.0,"98155",520000.0
3490,5,3.75,47,1.0,"98040",1295000.0
2080,4,2.0,65,1.0,"98178",248000.0
2230,4,2.5,58,1.0,"98005",556000.0
1710,5,1.75,57,1.0,"98146",319950.0
1640,4,2.75,31,1.0,"98118",320000.0
1600,3,2.5,23,2.0,"98031",245000.0
2850,3,2.5,28,2.0,"98072",700000.0
2600,5,2.75,0,2.0,"98133",628000.0
1380,3,2.0,67,1.0,"98199",640000.0
1320,4,1.75,73,1.0,"98126",420000.0
1420,3,2.5,13,3.0,"98103",349950.0
2420,4,2.75,19,2.0,"98022",307999.0
2600,4,2.75,66,2.0,"98116",749950.0
840,2,1.0,96,1.0,"98133",290000.0
1420,3,1.75,53,1.0,"98092",235000.0
1790,3,1.0,78,1.0,"98146",225000.0
1790,3,1.0,78,1.0,"98146",302100.0
1340,2,1.0,76,1.0,"98115",520000.0
1010,2,1.0,40,1.0,"98155",285000.0
1640,3,2.0,34,1.0,"98074",525000.0
2980,5,2.75,33,1.0,"98032",374900.0
1370,3,2.0,89,1.0,"98125",377500.0
2190,3,2.25,88,1.5,"98125",587450.0
1530,3,2.25,36,1.0,"98023",245000.0
1290,3,2.0,21,1.0,"98092",200000.0
5150,4,3.75,18,2.0,"98053",2140000.0
2470,3,2.5,24,2.0,"98072",607000.0
1810,1,1.25,48,1.5,"98075",1247000.0
2230,4,2.5,34,1.0,"98074",549950.0
2300,3,3.0,55,1.0,"98056",250000.0
2030,3,2.5,24,2.0,"98029",525000.0
2000,3,1.75,58,1.0,"98166",440000.0
3610,3,2.75,97,1.5,"98023",425000.0
3290,5,2.5,11,2.0,"98075",739900.0
1300,3,2.0,22,1.0,"98118",315000.0
1880,5,1.0,98,1.5,"98126",340000.0
2170,4,2.75,20,2.0,"98038",366000.0
1680,3,1.75,63,1.0,"98133",315000.0
1190,3,1.5,56,1.0,"98056",299000.0
940,2,1.0,65,1.0,"98155",350000.0
1010,2,1.75,12,1.0,"98199",340000.0
1290,3,1.75,53,1.0,"98033",460000.0
1480,3,1.5,58,1.0,"98002",224000.0
900,2,1.0,75,1.0,"98118",140000.0
1400,4,2.0,85,1.5,"98166",246000.0
2040,3,2.5,20,2.0,"98019",330000.0
1450,3,1.0,46,1.0,"98034",306000.0
1210,3,1.0,66,1.0,"98155",324950.0
1800,2,1.5,28,1.0,"98092",345000.0
1490,3,1.0,61,1.0,"98168",207000.0
1240,3,1.0,62,1.5,"98056",238000.0
2632,3,2.0,15,2.0,"98070",695000.0
2150,3,2.5,36,2.0,"98006",649950.0
1710,3,2.75,68,1.0,"98105",515000.0
1530,3,2.5,17,2.0,"98103",452000.0
1630,4,2.5,12,2.0,"98146",236000.0
4080,4,3.5,17,2.0,"98006",1285000.0
2340,3,2.75,43,1.0,"98075",563000.0
1000,3,1.75,48,1.0,"98072",410988.0
3180,4,2.5,29,2.0,"98040",1200000.0
2170,4,2.5,23,2.0,"98031",340000.0
3020,4,3.25,59,1.0,"98133",808100.0
1330,3,1.75,17,1.0,"98002",236000.0
1720,4,1.75,50,1.0,"98055",330000.0
2540,4,3.5,105,2.0,"98117",799990.0
1410,3,1.0,55,1.0,"98059",343000.0
1530,3,2.5,22,1.0,"98059",332000.0
4380,5,3.5,12,2.0,"98075",945000.0
1140,3,1.0,72,1.0,"98058",239950.0
2110,5,1.75,69,1.5,"98115",674000.0
1050,3,1.0,48,1.0,"98056",200000.0
1600,3,1.75,49,1.0,"98008",453000.0
1430,3,1.75,65,1.0,"98125",330000.0
1996,4,2.5,6,2.0,"98042",285000.0
1530,4,1.75,67,1.0,"98155",338000.0
1000,2,1.0,64,1.0,"98126",264950.0
2530,4,2.0,61,1.0,"98040",880000.0
970,3,1.5,39,1.0,"98106",209500.0
2400,4,2.5,57,1.0,"98056",380000.0
1830,3,2.0,21,1.0,"98031",336500.0
2130,3,2.25,32,1.0,"98055",360000.0
3330,4,3.25,91,2.0,"98155",911100.0
560,2,1.0,71,1.0,"98126",249900.0
1210,4,1.0,53,1.0,"98168",175000.0
2380,3,2.5,27,3.0,"98126",549950.0
1370,3,1.75,70,1.0,"98052",225000.0
1370,3,1.75,70,1.0,"98052",270000.0
1740,3,2.25,35,2.0,"98028",400000.0
790,2,1.0,90,1.0,"98118",299800.0
2480,3,2.5,26,2.0,"98056",555000.0
1920,3,2.5,27,2.0,"98055",230000.0
2750,4,2.5,13,2.0,"98092",360000.0
880,2,1.0,105,1.0,"98199",415000.0
2160,4,1.75,39,1.0,"98023",355000.0
2570,4,2.5,18,2.0,"98053",635000.0
2130,5,2.75,37,1.0,"98118",353000.0
3150,7,4.0,58,1.0,"98007",999000.0
1780,3,1.5,48,1.0,"98001",265000.0
1910,4,1.75,56,1.0,"98008",250000.0
1170,2,1.0,64,1.0,"98155",225000.0
900,2,1.0,71,1.0,"98117",553000.0
2650,5,2.5,54,1.0,"98008",565000.0
1170,2,1.0,108,1.0,"98118",312000.0
2630,3,2.5,24,2.0,"98014",475000.0
2150,4,2.75,23,1.0,"98003",320000.0
1430,3,2.0,51,1.0,"98034",453000.0
960,3,1.0,105,1.0,"98118",320000.0
2640,4,2.75,68,1.0,"98144",610000.0
1490,3,1.5,56,1.0,"98028",385000.0
1210,3,1.75,32,1.0,"98001",215000.0
1860,4,1.5,95,1.5,"98022",215000.0
1980,3,2.5,12,2.0,"98028",415000.0
900,1,1.0,68,1.0,"98125",350000.0
900,1,1.0,68,1.0,"98125",395000.0
1490,2,1.75,52,1.0,"98004",898000.0
2980,3,2.5,9,2.0,"98055",480000.0
2660,3,2.5,8,3.0,"98119",1240000.0
2790,4,2.5,26,2.0,"98077",599000.0
2800,4,3.0,16,2.0,"98074",770000.0
1590,3,2.25,35,2.0,"98004",1208000.0
3240,4,2.25,62,1.0,"98004",1590000.0
2130,3,2.0,26,1.0,"98072",880000.0
1510,3,2.0,73,1.0,"98166",332000.0
1750,3,1.75,49,1.0,"98008",445000.0
4010,4,2.75,11,2.0,"98038",849000.0
1650,4,1.5,112,1.5,"98102",752000.0
4050,9,7.5,19,2.0,"98144",450000.0
1320,3,1.0,60,1.0,"98116",420000.0
2310,4,2.5,18,2.0,"98092",330000.0
1440,3,1.75,43,1.0,"98133",409000.0
2330,5,1.75,47,1.0,"98059",350000.0
2430,4,2.5,21,1.0,"98019",570000.0
1390,3,1.0,33,1.0,"98155",315000.0
1150,2,1.0,85,1.0,"98168",224000.0
2120,4,1.75,50,1.0,"98168",293550.0
2300,4,2.75,49,1.5,"98144",350000.0
3320,4,2.5,27,2.0,"98006",1108000.0
2400,4,2.5,18,2.0,"98133",442500.0
3580,3,2.5,23,1.0,"98027",616500.0
2100,3,2.5,26,1.0,"98056",506400.0
1550,3,2.25,14,2.0,"98019",324000.0
1570,3,1.5,84,1.5,"98022",169000.0
1480,3,2.0,87,1.0,"98117",595000.0
2720,3,2.5,13,2.0,"98092",299900.0
2270,3,2.25,38,1.0,"98058",332000.0
2410,4,1.75,37,1.0,"98011",432000.0
2730,4,2.75,19,1.0,"98198",510000.0
1540,3,2.5,29,2.0,"98030",270000.0
3120,5,2.5,29,2.0,"98074",750000.0
1480,2,1.5,101,1.0,"98105",509250.0
860,3,1.0,46,1.0,"98042",189000.0
2180,4,2.5,16,2.0,"98117",726500.0
1300,3,2.0,82,1.5,"98168",287000.0
3420,4,3.5,11,2.0,"98010",679000.0
2130,3,2.25,28,1.0,"98031",316000.0
2300,4,2.5,23,2.0,"98014",498000.0
2560,4,1.75,36,1.0,"98072",448000.0
1040,2,1.0,64,1.0,"98115",535000.0
3080,4,3.0,25,2.0,"98003",560000.0
2670,4,2.25,40,1.0,"98006",437850.0
3270,4,2.75,32,2.0,"98042",435000.0
2610,4,2.5,17,2.0,"98155",510000.0
2460,3,2.5,35,2.0,"98059",520000.0
1930,2,1.5,26,2.0,"98007",509000.0
1220,3,1.0,110,1.0,"98116",575000.0
2030,4,2.5,46,1.0,"98059",365000.0
2420,3,2.0,36,1.0,"98034",795000.0
1870,3,2.5,10,2.0,"98042",285000.0
3020,3,2.25,46,2.0,"98005",955000.0
2880,4,2.5,60,2.0,"98177",775000.0
1810,4,3.0,18,2.0,"98108",400000.0
2590,4,2.5,24,2.0,"98011",570000.0
3830,5,3.25,1,2.0,"98053",955990.0
3250,3,2.25,9,1.0,"98005",1150000.0
2760,4,2.0,36,1.0,"98042",459950.0
1220,2,1.75,73,1.0,"98146",245000.0
1280,3,1.5,12,3.0,"98125",281000.0
770,3,0.75,73,1.0,"98024",205000.0
1520,3,1.75,47,1.0,"98038",290000.0
2080,4,2.5,61,1.0,"98125",635000.0
570,1,1.0,97,1.0,"98136",310000.0
1500,4,2.0,109,1.0,"98122",470000.0
2510,2,2.5,25,2.0,"98011",600000.0
1980,4,2.0,46,1.0,"98092",279000.0
2500,3,3.5,15,2.0,"98065",538500.0
2720,4,2.5,26,2.0,"98074",594950.0
910,2,1.0,62,1.0,"98042",533050.0
1480,3,1.75,41,1.0,"98033",510000.0
2470,4,2.25,41,1.0,"98058",360000.0
1650,2,1.0,55,1.0,"98115",435000.0
1700,3,1.75,48,1.0,"98115",559000.0
1995,2,1.5,24,1.5,"98070",645000.0
1280,2,1.0,96,1.0,"98118",340000.0
2980,4,2.5,14,2.0,"98019",565000.0
1730,3,1.75,74,1.0,"98115",575700.0
2420,3,3.25,9,2.0,"98109",1010000.0
2800,3,2.0,19,1.0,"98038",540500.0
1400,5,4.0,61,1.0,"98188",265000.0
2070,4,2.0,74,1.0,"98125",699950.0
750,1,1.75,69,1.0,"98059",355000.0
1460,3,1.5,61,1.0,"98155",381000.0
2140,5,2.25,53,1.0,"98115",564000.0
740,2,1.0,73,1.0,"98146",114975.0
410,1,0.75,62,1.0,"98146",325000.0
1570,2,1.0,62,1.0,"98022",299990.0
2860,5,2.75,9,2.0,"98052",751000.0
1400,3,2.25,31,2.0,"98006",425000.0
2700,3,1.75,68,1.0,"98144",665000.0
4460,5,4.0,19,2.0,"98027",833450.0
2670,7,1.5,67,1.5,"98133",575000.0
1520,3,1.75,48,1.0,"98059",190000.0
1520,3,1.75,48,1.0,"98059",314950.0
1660,2,2.0,109,1.0,"98103",601150.0
860,2,1.0,67,1.0,"98146",315000.0
2340,2,1.5,61,1.0,"98146",545000.0
2110,4,2.25,36,2.0,"98027",565000.0
1010,3,1.0,61,1.0,"98055",175000.0
2330,3,2.0,28,2.5,"98005",530000.0
1610,3,1.75,55,1.0,"98177",430000.0
1460,3,1.75,34,1.0,"98042",225000.0
2900,5,4.0,78,2.0,"98168",312000.0
1260,3,1.0,64,1.0,"98177",380000.0
1210,2,1.0,62,1.0,"98148",222200.0
3420,5,3.5,9,2.0,"98040",1438890.0
2120,4,2.5,13,2.0,"98038",329950.0
2460,3,2.5,23,1.0,"98117",995000.0
3790,3,3.5,22,2.0,"98027",929950.0
2350,4,2.5,28,1.0,"98074",692000.0
620,2,1.0,104,1.0,"98107",402000.0
1920,3,1.75,53,1.0,"98074",510000.0
1050,3,1.0,56,1.0,"98031",249000.0
1360,3,1.5,49,1.0,"98031",244900.0
1180,3,1.0,71,1.0,"98178",289900.0
1560,4,1.0,76,1.0,"98146",552500.0
3300,4,2.5,31,2.0,"98077",760000.0
1100,2,2.75,9,2.0,"98102",440000.0
1770,3,1.75,61,1.0,"98168",286000.0
1200,3,1.0,65,1.0,"98106",260000.0
1330,2,2.25,30,2.0,"98028",355000.0
1570,3,1.75,56,1.0,"98003",318000.0
1610,2,1.0,63,1.0,"98168",255000.0
1100,3,1.0,37,1.0,"98001",139000.0
1810,4,2.25,39,2.0,"98034",485000.0
2930,3,1.75,20,2.0,"98014",549950.0
1780,3,1.5,99,1.5,"98103",588000.0
3050,3,2.5,65,1.5,"98115",975000.0
1540,3,2.0,10,2.0,"98029",402000.0
1380,3,1.0,56,1.0,"98168",245000.0
1890,3,1.75,39,1.5,"98070",445000.0
1570,3,1.75,24,1.0,"98022",195000.0
2540,5,2.0,53,1.0,"98155",385000.0
1520,3,1.5,60,1.0,"98006",450000.0
2780,4,2.5,11,2.0,"98033",1090000.0
1730,2,1.0,70,2.0,"98126",396675.0
2340,5,2.25,64,1.0,"98188",242000.0
1300,3,1.75,72,1.0,"98045",380000.0
1420,2,1.0,74,2.0,"98115",496000.0
1470,3,2.5,35,2.0,"98034",399950.0
2850,4,2.5,17,2.0,"98033",895000.0
2360,3,2.0,89,2.0,"98136",690000.0
1610,3,1.5,88,2.0,"98155",270000.0
2420,3,2.0,66,1.0,"98027",349900.0
1470,3,2.5,11,2.0,"98029",454280.0
1410,3,2.5,23,1.0,"98077",390000.0
1840,3,1.75,32,1.0,"98023",275000.0
2450,4,2.5,25,2.0,"98023",300000.0
1500,3,1.75,75,1.0,"98199",700000.0
2080,3,1.75,65,1.0,"98115",520000.0
2770,3,2.5,28,2.0,"98053",715000.0
2370,3,2.5,9,2.0,"98038",404000.0
3000,3,2.0,17,2.0,"98011",490500.0
4430,6,2.75,51,2.0,"98118",1485000.0
1550,4,1.75,71,1.0,"98199",557800.0
2290,4,2.25,56,1.0,"98166",571000.0
2560,4,2.5,9,2.0,"98038",410000.0
1240,3,1.5,44,1.0,"98118",225000.0
2590,4,2.5,11,2.0,"98052",700000.0
1370,3,1.0,110,1.5,"98103",500000.0
1360,2,2.0,90,1.0,"98107",536500.0
2060,3,2.5,35,1.0,"98022",330000.0
1120,3,1.75,39,1.0,"98042",249950.0
1630,4,1.75,72,1.5,"98188",249000.0
1590,3,1.75,106,1.5,"98032",249000.0
2480,4,1.75,65,1.0,"98004",780000.0
2700,4,2.5,11,2.0,"98115",1200000.0
1930,3,1.75,40,1.0,"98072",434500.0
2490,4,2.0,13,1.0,"98022",590000.0
1000,2,1.0,105,1.0,"98107",417200.0
2130,4,2.25,39,2.0,"98074",649990.0
1060,2,1.0,89,1.0,"98107",506000.0
1730,3,2.5,16,2.0,"98148",348000.0
2810,4,2.5,17,2.0,"98031",301000.0
880,2,1.0,75,1.0,"98117",427550.0
1040,3,1.0,64,1.5,"98155",361000.0
1830,2,2.5,69,1.0,"98125",460000.0
1800,4,3.5,31,2.0,"98112",958000.0
2460,5,1.75,104,1.5,"98108",445000.0
1670,3,2.5,16,2.0,"98072",373000.0
2660,4,2.25,38,1.0,"98011",525000.0
2850,3,2.5,18,2.0,"98023",364988.0
820,2,1.0,74,1.0,"98177",324000.0
2350,4,3.0,55,1.0,"98118",625000.0
1480,3,1.75,35,1.0,"98022",237500.0
2930,6,2.25,50,1.0,"98034",429300.0
1250,3,1.0,66,1.0,"98108",155000.0
2760,4,2.75,75,1.5,"98177",614000.0
2380,3,2.5,1,2.0,"98034",650000.0
1730,3,2.0,29,1.0,"98004",625000.0
1670,3,2.25,54,1.0,"98117",587100.0
2150,4,2.5,24,2.0,"98042",380000.0
930,2,1.0,98,1.0,"98118",479500.0
620,1,1.0,115,1.0,"98115",382888.0
1960,4,4.25,75,2.0,"98116",540000.0
2550,4,2.75,43,1.0,"98033",691000.0
1990,3,2.0,103,1.0,"98103",760500.0
3550,4,2.5,9,2.0,"98065",685000.0
860,3,1.0,60,1.0,"98001",199129.0
2031,3,3.0,27,2.0,"98023",335000.0
1590,3,2.0,41,1.0,"98058",305100.0
3010,4,2.25,56,1.0,"98005",830000.0
2610,3,2.5,22,2.0,"98006",810000.0
1440,3,2.25,27,1.0,"98074",500000.0
1920,3,1.75,68,1.0,"98126",490000.0
1670,2,1.75,103,2.0,"98116",490000.0
1390,4,1.75,55,1.0,"98198",272000.0
2140,3,2.25,36,2.0,"98031",280000.0
1250,3,1.0,60,1.5,"98155",233000.0
1080,3,1.0,63,1.0,"98133",275000.0
2760,3,3.25,24,2.0,"98031",375000.0
2180,3,2.75,11,2.0,"98011",445000.0
1260,3,2.5,13,3.0,"98107",437500.0
1610,4,1.0,110,1.5,"98118",426250.0
2450,3,1.5,48,1.0,"98065",358000.0
4150,4,3.5,12,2.0,"98053",1175000.0
960,2,1.0,76,1.0,"98027",305000.0
1340,2,1.75,11,1.0,"98053",415000.0
3080,4,3.5,12,2.0,"98075",733000.0
1130,3,1.0,61,1.0,"98133",411500.0
2280,3,1.75,106,1.5,"98034",540000.0
1952,3,1.5,55,1.0,"98032",270500.0
1280,2,1.5,17,2.0,"98107",422250.0
3690,5,3.25,38,2.0,"98155",655000.0
4610,5,3.25,9,2.0,"98027",1200000.0
2920,3,2.5,25,2.5,"98022",550000.0
1230,2,2.25,11,2.0,"98122",460000.0
1580,4,1.5,71,1.0,"98178",159075.0
1220,2,1.0,107,1.5,"98103",470000.0
1020,2,1.0,76,1.0,"98108",235000.0
1510,2,1.5,54,1.0,"98188",309950.0
1830,4,1.75,49,1.0,"98006",433000.0
2750,3,2.5,48,1.0,"98006",895000.0
1860,3,1.5,48,1.0,"98042",291000.0
2720,3,2.5,27,2.0,"98052",835000.0
1360,2,1.0,79,1.0,"98199",640000.0
2340,3,2.25,50,1.0,"98006",438000.0
2600,4,2.5,10,2.0,"98059",540000.0
2090,4,2.5,22,1.0,"98146",325000.0
2260,4,1.75,91,1.5,"98056",380000.0
1390,2,1.0,68,1.0,"98105",510000.0
2300,4,2.5,11,2.0,"98038",380000.0
2810,4,2.5,42,1.0,"98006",825000.0
4060,4,3.25,19,2.0,"98077",880000.0
2790,3,3.0,82,2.0,"98006",1800000.0
1290,3,1.0,85,1.5,"98115",790000.0
720,2,1.5,73,1.0,"98106",287000.0
2130,3,3.0,102,1.5,"98118",509000.0
1750,3,2.25,50,1.0,"98188",270000.0
960,3,2.0,66,1.0,"98146",210000.0
1570,3,1.0,85,1.5,"98133",415000.0
3070,3,2.5,30,1.0,"98198",550000.0
2920,4,2.5,58,1.0,"98199",1250000.0
1870,3,1.0,60,1.0,"98116",499950.0
1540,3,1.5,108,2.0,"98122",659000.0
1440,2,1.5,25,2.0,"98019",265000.0
2810,4,3.75,21,2.0,"98045",492000.0
2450,4,2.5,57,1.0,"98040",715000.0
1330,2,1.0,90,1.5,"98168",175000.0
3130,4,3.5,4,2.0,"98005",975000.0
730,1,1.0,70,1.0,"98117",306950.0
2480,4,2.0,99,1.5,"98116",630000.0
1270,3,1.0,46,1.0,"98056",367500.0
2230,3,3.25,38,1.0,"98136",699950.0
2880,3,3.0,106,2.0,"98122",1000000.0
2434,4,2.5,8,2.0,"98001",285000.0
1120,2,1.5,11,2.0,"98106",215000.0
4080,4,2.5,14,2.0,"98059",1050000.0
3720,4,2.75,53,1.0,"98006",1370000.0
1430,3,1.0,85,1.5,"98168",235000.0
1560,3,2.0,92,1.0,"98103",604000.0
1700,3,1.75,68,1.0,"98199",750000.0
2510,4,2.25,48,1.0,"98005",800000.0
2600,5,2.0,101,1.5,"98105",580000.0
790,1,1.0,104,1.0,"98118",350000.0
1710,4,2.0,59,2.0,"98166",353750.0
2660,5,2.75,46,1.0,"98006",1100000.0
1470,4,2.0,52,1.0,"98008",465000.0
2350,3,2.0,86,1.5,"98118",568000.0
2440,5,2.0,105,2.0,"98112",1005000.0
1150,3,1.5,54,1.0,"98168",213500.0
1510,3,2.5,39,1.0,"98077",250000.0
870,2,1.0,73,1.0,"98126",357000.0
1280,2,2.0,97,2.0,"98136",425000.0
2600,3,2.5,27,2.0,"98011",571000.0
2030,3,2.25,38,1.0,"98052",588000.0
1930,4,1.5,36,2.0,"98003",275000.0
3210,3,2.75,17,2.0,"98023",565000.0
1970,3,1.75,54,1.0,"98011",460000.0
4060,4,2.5,38,1.0,"98028",603500.0
3316,3,2.5,29,2.0,"98023",490600.0
1460,2,2.0,115,1.0,"98033",1010000.0
2100,4,2.0,43,1.0,"98034",500000.0
1830,4,2.25,25,2.0,"98030",249000.0
1530,3,2.0,45,1.0,"98055",235000.0
1490,4,2.0,73,1.0,"98125",410000.0
860,2,1.0,63,1.0,"98116",370000.0
2130,5,2.5,47,1.0,"98059",360000.0
3580,5,2.25,49,2.0,"98040",1406890.0
2420,4,2.5,12,2.0,"98042",298000.0
1900,4,2.25,38,1.0,"98146",485000.0
1330,3,1.75,55,1.0,"98006",400000.0
2150,3,2.5,12,2.0,"98075",580000.0
1370,2,2.5,6,2.0,"98133",355000.0
2430,3,2.5,23,2.0,"98011",650000.0
1640,4,1.0,72,1.0,"98056",261490.0
1010,3,1.0,47,1.0,"98034",347000.0
1500,3,1.0,89,1.5,"98107",485000.0
1740,3,2.5,3,2.0,"98199",601000.0
2090,3,3.25,26,1.0,"98092",380000.0
1850,3,3.0,39,2.0,"98074",565000.0
2790,3,2.5,22,2.0,"98053",750000.0
1480,3,2.25,40,1.0,"98023",291000.0
2280,3,2.5,28,2.0,"98029",560000.0
3180,4,2.25,31,2.0,"98074",725000.0
2350,3,2.0,22,1.0,"98014",539000.0
3910,5,3.25,15,2.0,"98038",470000.0
770,2,1.0,68,1.0,"98155",264950.0
1780,4,1.5,115,2.0,"98010",200000.0
2300,5,2.5,48,1.0,"98059",453500.0
2510,2,2.5,72,2.0,"98052",811000.0
1410,3,3.25,10,3.0,"98103",425000.0
4250,4,2.25,41,1.0,"98040",1530000.0
2560,4,2.75,35,1.0,"98072",562000.0
1760,3,2.5,23,2.0,"98003",281000.0
2100,3,2.25,36,2.0,"98042",270000.0
1490,3,1.0,52,1.0,"98023",205950.0
870,2,1.0,65,1.0,"98126",310000.0
1260,3,1.75,12,2.0,"98029",350000.0
2630,4,2.0,62,2.0,"98004",843500.0
1950,4,2.0,107,1.0,"98118",370000.0
2200,4,2.0,36,1.0,"98058",279000.0
1600,3,1.75,55,1.0,"98058",408000.0
1230,3,1.0,63,1.0,"98118",392000.0
1030,2,1.0,98,1.0,"98107",455000.0
1040,2,1.5,50,1.0,"98070",310000.0
2240,3,3.0,72,2.0,"98178",323500.0
1600,3,1.0,71,1.0,"98126",364500.0
2190,4,2.0,38,1.0,"98001",280000.0
1899,3,1.75,72,2.0,"98198",289900.0
1870,3,1.0,88,1.5,"98107",585000.0
1730,3,2.5,25,1.0,"98042",269000.0
1860,3,2.25,21,2.0,"98038",280000.0
1940,3,1.75,50,1.0,"98055",287000.0
670,2,1.0,89,1.0,"98126",183000.0
1820,3,1.0,54,1.0,"98168",309000.0
3810,4,2.5,12,2.0,"98007",920000.0
2060,5,2.25,108,2.5,"98105",815241.0
1520,3,1.75,40,1.0,"98072",405000.0
3450,5,3.5,14,2.0,"98022",525000.0
830,2,1.0,72,1.0,"98106",150000.0
1880,4,1.75,69,1.0,"98001",240000.0
2200,4,2.25,95,1.5,"98033",698000.0
1800,3,2.0,33,1.0,"98006",440000.0
1200,3,1.0,79,1.5,"98198",204000.0
2220,3,2.0,68,1.0,"98199",875000.0
1380,3,1.5,55,1.0,"98040",650000.0
1660,3,1.0,68,1.0,"98155",392500.0
2320,4,1.0,94,1.5,"98144",400000.0
2800,3,2.25,44,1.0,"98006",653000.0
1210,4,1.0,115,1.5,"98103",452000.0
2331,4,2.5,8,2.0,"98058",345000.0
1820,4,1.75,63,1.0,"98178",350000.0
2860,4,2.5,11,2.0,"98028",650000.0
2750,5,3.0,89,1.5,"98115",525000.0
2750,5,3.0,89,1.5,"98115",840000.0
2280,3,2.5,89,2.0,"98105",1325000.0
1610,4,2.0,26,1.0,"98023",259950.0
3760,5,3.5,46,2.0,"98040",998000.0
2940,3,3.0,27,2.0,"98105",1070000.0
4460,4,3.0,60,2.0,"98112",1910000.0
1110,3,1.5,8,2.0,"98144",190500.0
2560,3,2.25,38,1.0,"98027",465000.0
1060,3,1.0,109,1.0,"98177",370000.0
2810,6,4.5,57,1.0,"98031",290000.0
1380,3,1.75,65,1.0,"98115",350000.0
1380,3,1.75,65,1.0,"98115",740000.0
2560,3,1.75,56,1.0,"98011",460000.0
1010,3,1.0,43,1.0,"98045",290000.0
1790,3,1.5,28,2.0,"98022",475000.0
1600,3,2.5,12,2.0,"98001",214000.0
910,2,1.0,64,1.0,"98125",455000.0
2497,3,2.5,8,2.0,"98001",275000.0
1800,3,1.5,49,1.0,"98023",305000.0
2570,5,2.5,34,1.0,"98092",449000.0
1320,3,2.5,97,1.0,"98106",366000.0
1670,3,2.5,12,2.0,"98056",348000.0
2800,4,2.5,12,2.0,"98028",515000.0
3360,4,2.5,27,2.0,"98033",950000.0
2590,3,2.5,24,2.0,"98074",815000.0
1530,3,3.0,22,2.0,"98038",199950.0
1330,3,2.0,46,1.0,"98034",386000.0
2160,3,2.25,24,2.0,"98042",273000.0
1830,4,2.5,21,2.0,"98031",284000.0
1470,3,1.0,65,1.0,"98177",399950.0
1150,3,1.75,88,1.0,"98115",285000.0
1790,3,2.5,11,2.0,"98038",315000.0
1700,3,1.0,55,1.0,"98168",250000.0
1630,4,2.0,48,1.5,"98198",290000.0
3420,4,2.5,27,2.0,"98077",725000.0
1650,3,2.0,32,1.5,"98034",410000.0
2810,4,2.5,27,1.5,"98075",855000.0
2710,4,2.5,21,2.0,"98038",399900.0
3320,4,2.5,38,2.0,"98006",852600.0
720,2,1.0,75,1.0,"98118",235000.0
930,2,1.0,103,1.0,"98014",230950.0
1490,3,2.25,18,2.0,"98030",230000.0
1690,3,2.5,1,2.0,"98029",404763.0
1720,3,2.5,23,2.0,"98031",245000.0
1140,3,1.5,51,1.0,"98022",188000.0
2280,4,2.5,28,2.0,"98029",626100.0
1100,3,1.0,86,1.0,"98103",428750.0
1800,4,2.25,35,1.0,"98033",522000.0
2500,4,2.5,27,2.0,"98052",684000.0
2950,3,2.25,32,1.0,"98136",1065500.0
1940,1,1.0,52,1.0,"98116",611206.0
1280,2,1.0,73,1.0,"98126",350000.0
3800,4,2.5,22,2.0,"98053",894000.0
930,2,1.0,62,1.0,"98115",420000.0
1930,5,2.0,53,1.0,"98028",400000.0
2980,3,3.0,34,1.0,"98052",675000.0
2800,4,2.5,11,2.0,"98038",426000.0
3190,4,2.25,31,2.0,"98074",750000.0
1710,3,1.75,57,1.0,"98028",368000.0
1980,3,1.0,65,1.0,"98106",342000.0
1910,3,1.75,56,1.0,"98103",700000.0
3160,6,3.75,26,2.0,"98107",848750.0
1590,3,2.0,76,1.0,"98103",720000.0
1890,4,2.25,48,1.0,"98008",525000.0
2500,3,2.75,15,1.0,"98042",397900.0
1740,3,2.0,26,1.0,"98028",405000.0
1080,3,2.0,29,1.0,"98033",392800.0
1730,3,1.5,57,1.0,"98133",394999.0
2480,3,2.5,11,2.0,"98058",340000.0
1450,3,2.25,10,2.0,"98122",482500.0
2750,4,2.5,24,2.0,"98006",812500.0
2820,3,2.5,61,1.0,"98028",450000.0
1830,3,1.75,61,1.0,"98028",398000.0
1550,2,3.25,9,3.0,"98075",1075000.0
1640,2,2.0,56,1.0,"98107",540000.0
1720,4,2.0,92,1.0,"98118",275000.0
2880,5,2.0,94,2.0,"98144",780000.0
1220,3,1.5,84,1.5,"98178",225000.0
1560,3,3.0,6,2.0,"98103",503045.0
1090,2,2.0,25,2.0,"98028",249000.0
1140,4,1.0,99,1.0,"98103",569950.0
1040,2,2.25,12,2.0,"98105",450000.0
2580,4,2.0,65,1.0,"98199",1099500.0
2310,4,2.5,88,1.5,"98103",700000.0
1590,3,2.5,24,2.0,"98122",454000.0
1270,3,1.75,46,1.0,"98052",555000.0
1240,3,1.5,45,1.0,"98042",214000.0
2210,3,2.5,27,2.0,"98029",590000.0
2340,3,1.75,37,1.5,"98027",459900.0
1420,3,1.5,28,1.0,"98198",205000.0
1430,3,1.75,35,1.0,"98045",390000.0
2470,3,2.75,55,2.0,"98040",970500.0
2390,3,2.5,15,2.0,"98010",790000.0
1120,3,1.0,46,1.0,"98077",320000.0
2700,3,2.25,108,2.0,"98122",552500.0
3490,3,3.0,91,2.5,"98102",1050000.0
1640,3,1.0,49,1.0,"98058",230000.0
1620,3,1.75,65,1.0,"98112",680000.0
1670,3,1.75,103,2.0,"98112",985000.0
1870,4,2.5,25,2.0,"98055",375000.0
1300,2,1.5,115,1.5,"98144",431000.0
2190,3,2.5,24,2.0,"98019",463000.0
1320,3,1.75,49,1.0,"98034",350000.0
1250,3,1.0,51,1.0,"98008",485000.0
2040,4,1.75,48,1.0,"98092",355000.0
2140,3,1.75,105,1.0,"98117",603500.0
2510,5,1.75,95,1.5,"98144",860000.0
2200,5,2.5,19,2.0,"98038",259875.0
2170,4,2.5,56,1.0,"98004",685000.0
2980,4,2.5,12,2.0,"98038",382500.0
1180,3,1.0,113,1.5,"98117",490000.0
1540,3,2.0,62,1.0,"98155",229000.0
1540,3,2.0,62,1.0,"98155",430000.0
3110,5,2.5,41,1.0,"98052",580000.0
1370,3,1.75,75,1.0,"98117",510000.0
2440,5,2.25,40,1.5,"98042",489990.0
1760,3,2.25,32,2.0,"98199",440000.0
2810,3,2.5,9,1.0,"98055",479950.0
2500,4,2.5,18,1.0,"98053",806000.0
3220,4,2.5,19,2.0,"98077",875000.0
2880,3,2.5,23,2.0,"98077",710800.0
2700,3,2.5,11,2.0,"98065",565000.0
2680,5,3.0,20,2.0,"98010",359999.0
1780,3,1.75,93,1.0,"98117",625000.0
2240,3,2.5,16,2.0,"98003",349950.0
1610,4,2.0,48,1.0,"98056",415000.0
1440,2,2.0,11,2.0,"98116",435000.0
1550,3,1.75,67,2.0,"98146",225000.0
1720,3,1.75,61,1.0,"98122",770000.0
1740,3,1.75,56,1.0,"98133",340000.0
3280,5,2.75,34,1.0,"98006",965000.0
2216,3,2.75,47,1.0,"98092",667000.0
1100,1,1.0,68,1.0,"98166",250000.0
1180,3,1.0,67,1.0,"98177",397990.0
2020,3,1.75,63,1.0,"98155",535000.0
1150,3,1.5,64,1.0,"98178",265950.0
2090,3,1.75,29,1.0,"98030",258000.0
1300,3,2.5,10,3.0,"98107",505500.0
2240,5,2.5,37,1.0,"98034",455000.0
3540,5,3.25,10,1.0,"98033",1348000.0
2840,4,2.25,57,1.0,"98177",600000.0
2080,4,2.5,19,2.0,"98092",329800.0
1550,2,1.0,68,1.0,"98055",222000.0
1900,4,2.5,53,1.0,"98007",450000.0
2760,3,3.5,11,2.0,"98119",952000.0
1410,4,2.0,88,1.5,"98109",625000.0
1240,2,1.0,55,1.0,"98030",226800.0
4420,5,4.25,15,2.0,"98059",1205000.0
3390,4,2.75,54,1.0,"98031",350000.0
1400,3,1.75,53,1.0,"98011",395000.0
2110,5,3.0,13,2.0,"98118",285000.0
1310,3,1.0,67,1.0,"98008",553000.0
1270,3,1.0,58,1.0,"98188",254000.0
2060,2,1.5,91,1.0,"98106",348140.0
2530,4,2.75,38,1.0,"98023",354950.0
1900,3,2.75,73,1.0,"98105",706000.0
2910,4,2.5,9,2.0,"98065",499000.0
1900,3,1.5,44,1.5,"98038",427500.0
2880,5,3.5,24,2.0,"98055",439000.0
2820,4,2.5,17,2.0,"98010",545000.0
1620,3,1.0,95,1.5,"98103",842000.0
3320,4,2.5,18,2.0,"98053",685000.0
3770,4,3.5,12,2.0,"98010",665000.0
1200,2,1.0,98,1.0,"98198",255000.0
2130,5,2.25,56,1.0,"98199",565000.0
1950,5,1.75,53,1.0,"98001",274000.0
1920,3,2.0,46,1.0,"98023",260000.0
2510,4,2.0,54,1.0,"98033",581000.0
1990,3,1.5,89,1.5,"98198",625000.0
1230,3,1.0,46,1.0,"98042",220000.0
3190,3,2.25,33,2.0,"98024",765000.0
5720,6,4.25,11,2.0,"98006",1325000.0
2280,8,2.5,104,1.5,"98105",700000.0
1550,4,1.0,56,1.0,"98008",351000.0
1690,3,2.5,1,2.0,"98029",413565.0
1651,3,3.25,7,2.0,"98133",363000.0
2260,4,1.75,53,1.0,"98029",679000.0
1510,2,1.75,10,1.0,"98053",473000.0
1490,3,2.0,49,1.0,"98052",585888.0
2220,4,2.5,14,2.0,"98059",405000.0
2800,3,1.75,50,1.0,"98198",650000.0
2210,4,2.5,40,1.0,"98038",415000.0
2150,3,2.0,64,1.0,"98117",575000.0
1400,3,2.25,30,1.0,"98030",220000.0
2450,4,3.0,48,1.0,"98006",610000.0
980,3,1.0,74,1.0,"98115",499950.0
2800,4,2.5,25,2.0,"98112",883000.0
1240,2,1.0,90,1.5,"98125",436000.0
1610,3,2.5,8,2.0,"98106",320000.0
1510,3,1.75,26,1.0,"98045",425000.0
1670,4,2.0,48,1.0,"98001",204700.0
2320,6,3.0,28,1.0,"98108",384000.0
1900,3,2.75,31,2.0,"98031",314000.0
2390,3,2.5,12,2.0,"98028",535000.0
2110,4,1.75,36,1.0,"98053",568000.0
1470,4,1.5,42,1.0,"98052",426000.0
2670,4,2.75,107,2.0,"98118",675000.0
2540,4,2.5,15,2.0,"98055",380000.0
3450,3,2.5,88,3.0,"98116",685000.0
1700,3,2.0,24,1.0,"98058",429000.0
1810,4,1.5,47,1.0,"98133",799000.0
1550,5,1.75,37,1.0,"98106",318500.0
4110,3,3.25,13,2.0,"98006",925000.0
2080,3,1.5,52,1.0,"98118",420000.0
1100,2,1.0,109,1.0,"98109",570000.0
3950,4,2.75,55,2.0,"98040",1052500.0
1250,3,1.0,61,1.0,"98146",333000.0
2620,2,1.75,84,2.0,"98125",1360000.0
2290,3,2.5,62,3.0,"98102",660000.0
3500,6,4.5,35,2.0,"98155",350000.0
3500,6,4.5,35,2.0,"98155",682500.0
1690,5,2.75,72,1.0,"98106",399990.0
4500,5,3.25,47,2.0,"98125",860000.0
1120,2,1.0,67,1.0,"98055",216180.0
1740,4,2.25,26,2.0,"98058",300000.0
1010,3,1.0,55,1.0,"98030",145000.0
1010,3,1.0,55,1.0,"98030",255000.0
1200,3,1.75,31,1.0,"98031",250000.0
1020,3,1.0,37,1.0,"98045",245000.0
1850,3,1.75,36,2.5,"98052",445000.0
1830,3,1.5,58,1.0,"98008",562000.0
2070,4,1.0,52,1.0,"98008",501000.0
1160,3,1.75,97,1.0,"98146",190000.0
3280,4,2.75,19,2.0,"98077",862500.0
2340,5,2.5,93,2.0,"98144",1085000.0
3690,5,3.0,55,1.0,"98198",575000.0
720,1,1.0,80,1.0,"98092",250000.0
2660,7,1.5,53,1.5,"98059",310000.0
4300,5,3.25,58,2.0,"98116",1400000.0
1590,3,1.5,46,1.0,"98003",284850.0
2590,4,2.5,12,2.0,"98028",570000.0
1720,3,1.75,61,1.0,"98178",304000.0
1790,4,2.5,32,1.0,"98056",560000.0
1590,3,1.0,61,1.0,"98198",325000.0
1580,4,2.0,103,1.5,"98136",557510.0
2580,4,2.25,48,1.0,"98023",305000.0
1740,5,1.0,57,1.0,"98059",320000.0
3470,5,2.25,37,1.5,"98042",455000.0
1180,3,1.0,52,1.0,"98034",383001.0
1700,3,1.75,84,1.5,"98059",545000.0
1190,2,1.0,90,1.0,"98116",487500.0
2450,5,2.5,13,2.0,"98030",345000.0
2630,6,2.75,41,1.0,"98052",583000.0
2130,3,2.25,38,2.0,"98052",534950.0
1060,4,1.0,111,1.0,"98199",403504.0
1480,3,1.75,69,1.5,"98115",500000.0
1610,3,1.75,25,1.0,"98010",319502.0
2440,4,2.75,55,2.0,"98126",525000.0
3100,4,3.0,19,2.0,"98028",563000.0
2890,4,2.75,104,1.5,"98117",898500.0
3240,3,2.5,24,2.0,"98042",651000.0
2900,4,2.75,104,2.0,"98136",450000.0
2650,4,2.25,40,1.0,"98006",665000.0
2560,4,2.5,86,2.0,"98117",825000.0
1150,3,1.0,77,1.5,"98002",200000.0
1760,3,2.0,17,1.0,"98030",295000.0
3220,4,2.5,11,2.0,"98034",748000.0
3200,3,2.5,48,1.0,"98027",580000.0
1250,3,1.0,73,1.0,"98198",275000.0
1000,3,1.0,52,1.0,"98023",196000.0
740,2,1.0,77,1.0,"98146",235750.0
2170,3,2.25,50,1.0,"98148",315000.0
2370,4,2.5,16,2.0,"98003",338000.0
2300,4,2.5,9,2.0,"98038",353000.0
1400,3,1.75,17,1.0,"98022",235000.0
3080,3,2.5,25,2.0,"98038",569999.0
2350,4,2.25,47,2.0,"98177",505000.0
2660,4,3.0,109,1.5,"98112",1234000.0
1250,2,1.75,65,1.0,"98003",299000.0
1100,3,2.0,24,1.0,"98038",240000.0
3330,3,1.75,55,1.0,"98040",1955000.0
3640,4,3.25,102,2.0,"98122",1265000.0
1350,2,1.75,29,2.0,"98033",405000.0
1310,4,2.0,62,1.0,"98155",304000.0
1800,4,2.25,12,2.0,"98038",272000.0
1260,2,1.0,90,1.0,"98117",412000.0
2990,4,2.5,14,2.0,"98075",698000.0
1140,2,1.0,73,1.0,"98136",400000.0
2100,3,2.5,21,2.0,"98055",305000.0
2400,4,2.0,53,1.0,"98033",585000.0
1400,2,1.5,33,1.0,"98023",190000.0
2990,4,2.5,27,2.0,"98075",760000.0
1930,3,1.75,38,1.0,"98072",570000.0
980,3,1.0,69,1.0,"98058",144000.0
690,2,1.0,73,1.0,"98056",139000.0
1430,4,1.5,70,1.5,"98115",525000.0
1110,1,1.0,80,1.0,"98177",293000.0
1250,2,2.5,10,2.0,"98106",267100.0
3470,4,3.25,10,2.0,"98033",1500000.0
1500,3,2.25,23,2.0,"98042",240000.0
2530,3,2.5,100,2.5,"98136",975000.0
2150,5,1.75,45,1.0,"98031",279950.0
1260,3,1.75,36,1.0,"98034",405000.0
2740,3,2.5,42,2.0,"98032",400000.0
960,3,1.0,61,1.0,"98056",225000.0
1520,3,1.0,48,1.0,"98032",250000.0
1570,3,2.25,24,1.0,"98022",272950.0
3240,5,1.0,8,2.0,"98065",625000.0
1280,3,1.75,105,1.5,"98102",670000.0
2130,3,2.5,25,3.0,"98109",1065000.0
1970,3,1.75,52,1.0,"98177",540000.0
2990,3,2.5,12,2.0,"98059",525000.0
1160,2,1.0,68,1.0,"98133",425000.0
1890,3,1.75,50,1.0,"98118",465500.0
2170,3,2.5,9,2.0,"98065",443500.0
1570,4,2.25,43,1.0,"98022",350000.0
3260,3,2.5,31,2.0,"98077",850000.0
1250,3,2.25,7,3.0,"98133",205000.0
1940,4,2.5,38,1.0,"98042",315000.0
2150,3,2.5,23,2.0,"98059",470000.0
3310,4,2.25,42,1.0,"98006",1100000.0
3400,3,1.75,36,1.0,"98053",340000.0
2660,4,2.5,55,1.0,"98003",310000.0
950,3,1.0,65,1.0,"98155",305000.0
1480,3,1.5,56,1.0,"98056",307150.0
2840,4,2.5,38,1.0,"98005",729032.0
3240,5,2.5,57,1.0,"98008",750000.0
1961,4,2.5,9,2.0,"98042",289000.0
1100,3,1.0,65,1.0,"98115",480000.0
1500,3,1.75,41,1.0,"98033",529000.0
1480,3,1.75,71,2.0,"98199",585000.0
2510,4,2.75,39,1.0,"98052",704000.0
1490,4,2.0,89,1.5,"98115",607000.0
2190,3,2.25,37,2.0,"98052",580000.0
2530,5,2.5,39,2.0,"98006",875000.0
2440,4,2.5,39,1.0,"98006",610000.0
1040,3,0.75,74,1.0,"98028",230000.0
2450,4,2.25,39,2.0,"98077",510000.0
2210,4,2.5,38,1.0,"98199",733000.0
1050,3,2.0,62,1.0,"98001",169100.0
1050,3,2.0,62,1.0,"98001",250000.0
2730,4,2.25,38,2.0,"98075",500000.0
1620,2,1.0,67,1.0,"98136",700000.0
2410,4,2.75,14,2.0,"98058",379000.0
3420,4,2.5,13,2.0,"98010",650000.0
920,2,1.0,67,1.0,"98103",412133.0
2330,4,2.25,53,1.0,"98034",480000.0
1940,3,1.75,58,1.0,"98040",650000.0
1900,2,2.5,10,2.0,"98053",505000.0
3510,4,2.5,58,1.0,"98005",931088.0
1860,4,1.75,51,1.0,"98008",570000.0
1380,3,1.0,96,1.0,"98144",475000.0
2210,6,1.75,56,1.0,"98188",240000.0
2640,4,2.5,36,1.0,"98038",462000.0
4530,3,2.5,103,2.0,"98166",1115000.0
1500,3,1.0,45,1.0,"98168",243000.0
2010,4,2.25,58,1.0,"98005",660000.0
2080,2,1.75,76,1.0,"98125",1190000.0
5584,4,4.25,17,2.0,"98014",1680000.0
2080,3,2.5,11,2.0,"98065",368000.0
3970,5,4.25,11,2.0,"98027",811500.0
770,2,1.0,67,1.0,"98155",275000.0
2500,4,2.5,14,2.0,"98033",650000.0
2410,3,2.0,20,1.5,"98070",485000.0
1340,3,2.5,39,1.0,"98052",425000.0
2640,3,2.5,37,1.0,"98005",530000.0
2740,4,1.75,61,1.0,"98118",657000.0
1580,4,2.75,13,1.0,"98019",315000.0
2180,4,1.5,61,1.0,"98042",273000.0
1960,3,2.75,40,1.0,"98006",550000.0
1560,2,2.25,9,2.0,"98126",347000.0
2440,5,2.75,43,1.0,"98034",525000.0
990,3,1.5,8,2.0,"98112",490000.0
2210,3,2.25,37,2.0,"98133",500000.0
3080,3,2.75,7,2.0,"98059",585000.0
2900,4,2.75,34,1.0,"98034",926500.0
1020,1,1.0,88,1.0,"98109",465000.0
1900,4,2.0,40,1.0,"98022",200000.0
5770,6,4.75,17,2.0,"98006",1680000.0
990,2,1.0,66,1.0,"98070",220500.0
990,2,1.0,66,1.0,"98070",329000.0
2080,3,4.0,18,3.0,"98103",715000.0
2080,3,4.0,18,3.0,"98103",780000.0
1480,2,1.0,66,1.0,"98117",410000.0
1480,2,1.0,66,1.0,"98117",778100.0
1090,3,1.0,63,1.0,"98133",406000.0
2800,4,2.5,52,1.0,"98115",665000.0
1000,2,1.0,68,1.0,"98133",305000.0
1640,3,2.5,24,2.0,"98038",265000.0
1620,4,1.0,92,1.5,"98105",485000.0
2460,3,2.5,38,1.0,"98027",600000.0
1860,2,1.5,75,1.0,"98136",510000.0
1080,2,1.0,43,1.0,"98198",195000.0
1980,3,1.75,50,1.0,"98103",432500.0
1510,3,1.75,48,1.0,"98008",490000.0
1690,3,2.5,23,2.0,"98038",270000.0
1010,2,1.5,31,2.0,"98119",370000.0
2090,3,2.5,24,2.0,"98031",327500.0
1060,2,1.0,107,1.0,"98103",826000.0
1750,3,1.75,81,2.0,"98010",510000.0
890,2,1.0,74,1.0,"98103",587750.0
3020,5,2.5,50,1.0,"98005",449228.0
2030,3,2.5,16,1.0,"98070",565000.0
3170,4,2.5,15,2.0,"98038",660000.0
2470,5,2.75,38,1.0,"98058",400000.0
2060,4,2.0,66,1.0,"98117",612500.0
2120,4,1.75,98,1.0,"98136",560000.0
2180,3,2.25,76,1.5,"98112",727000.0
2300,4,3.0,39,2.0,"98002",224000.0
4200,4,2.5,25,2.0,"98077",1080000.0
1480,3,2.25,38,1.0,"98034",439000.0
2240,3,1.5,35,1.5,"98092",335000.0
2740,4,1.5,78,1.0,"98199",779000.0
1830,5,1.75,67,1.5,"98045",452000.0
2000,4,3.0,68,1.5,"98115",775000.0
1380,3,1.75,48,1.0,"98003",235000.0
1620,3,1.75,62,2.0,"98001",370000.0
3180,4,3.0,39,2.0,"98074",790000.0
1140,2,1.5,68,1.0,"98004",903000.0
970,3,1.0,48,1.0,"98023",209950.0
1780,3,2.5,27,2.0,"98038",309000.0
2240,3,1.75,67,1.0,"98125",440000.0
2810,4,2.25,56,2.0,"98001",571500.0
920,2,1.0,109,1.0,"98105",514000.0
1830,3,1.75,68,1.0,"98178",323000.0
1560,2,1.75,13,1.0,"98030",290000.0
5540,4,4.25,9,2.0,"98004",2575000.0
2310,3,2.0,36,1.0,"98004",1362500.0
1470,4,1.5,69,1.5,"98117",551000.0
3430,4,2.5,36,1.5,"98005",960000.0
2900,5,2.5,26,2.0,"98006",720000.0
1850,3,1.75,36,1.0,"98023",218000.0
2190,4,2.5,18,2.0,"98042",334950.0
2510,4,2.25,36,2.0,"98074",605000.0
3200,4,3.25,9,2.0,"98199",825000.0
1670,4,1.75,41,1.0,"98023",268500.0
1010,3,1.75,46,1.0,"98042",230000.0
5050,4,4.0,15,2.0,"98027",1335000.0
1430,2,1.5,60,1.0,"98188",245500.0
1880,3,2.25,33,1.0,"98125",440000.0
2180,4,2.75,22,2.0,"98029",571500.0
1830,3,2.25,18,2.0,"98001",182500.0
970,2,1.0,64,1.0,"98118",217000.0
1170,2,1.5,74,1.0,"98126",335000.0
1010,2,1.0,91,1.0,"98115",501000.0
2140,3,2.5,36,1.0,"98056",339950.0
2230,3,1.75,47,1.0,"98198",340000.0
1140,2,1.0,49,1.5,"98033",582500.0
860,2,1.0,67,1.0,"98155",298800.0
2540,6,1.75,38,1.0,"98058",317500.0
2420,4,2.5,89,1.5,"98126",598000.0
1640,2,2.25,35,2.0,"98133",375000.0
2550,4,2.25,19,2.0,"98106",465000.0
2507,3,2.5,9,2.0,"98001",551870.0
1920,3,2.5,22,2.0,"98003",295000.0
2210,4,1.75,38,1.0,"98003",263500.0
3530,4,4.0,57,2.0,"98199",1095000.0
1100,2,1.0,95,1.5,"98106",300000.0
3390,4,1.0,91,1.5,"98144",780000.0
1590,3,1.5,59,1.0,"98106",325000.0
820,2,1.0,66,1.0,"98126",370000.0
2370,4,2.5,41,1.0,"98052",715000.0
1600,4,2.0,77,1.0,"98166",356000.0
1740,4,1.75,39,1.5,"98058",329950.0
1470,3,2.25,31,2.0,"98117",490000.0
1410,3,3.25,10,3.0,"98103",429000.0
1620,4,2.5,32,2.0,"98074",510000.0
2360,3,2.5,12,2.0,"98053",550000.0
1830,3,1.0,59,1.0,"98125",467500.0
2130,5,2.0,89,1.5,"98116",615000.0
990,2,1.0,62,1.0,"98011",325000.0
1010,2,1.0,108,2.0,"98055",219950.0
1720,3,1.0,69,1.0,"98040",950000.0
1630,3,1.0,103,1.5,"98109",925000.0
1310,4,1.5,62,1.0,"98148",251200.0
1610,3,1.5,47,1.0,"98042",215000.0
1850,3,2.0,45,1.0,"98023",245000.0
1270,3,1.75,93,1.5,"98108",259000.0
1420,4,1.5,90,1.5,"98108",349950.0
5220,5,4.5,14,2.0,"98072",1565000.0
1410,2,1.0,76,1.0,"98117",600000.0
1170,2,1.5,14,3.0,"98107",405000.0
1860,3,2.5,22,2.0,"98033",625000.0
1620,4,1.0,72,1.5,"98024",430000.0
1280,3,3.0,11,3.0,"98103",533000.0
2750,4,2.5,16,2.0,"98007",1050000.0
1420,3,1.75,84,1.0,"98178",230000.0
2000,4,1.75,40,1.0,"98042",275000.0
1100,2,1.0,89,1.0,"98144",403000.0
1720,3,3.0,49,1.0,"98027",550388.0
1240,3,1.5,57,1.0,"98007",415500.0
2170,3,1.75,90,1.0,"98103",913000.0
1800,2,1.0,73,1.0,"98108",334998.0
1160,3,1.0,56,1.0,"98032",201500.0
3030,3,2.5,18,2.0,"98053",820000.0
890,3,1.0,64,1.0,"98125",371000.0
2150,4,2.5,39,1.0,"98031",229950.0
2150,4,2.5,39,1.0,"98031",344900.0
2060,3,2.5,91,2.0,"98115",840000.0
1380,3,1.5,48,1.0,"98003",285000.0
1800,4,2.25,36,1.0,"98177",475000.0
1460,2,1.0,91,1.0,"98166",420000.0
2210,3,2.0,106,1.5,"98103",685000.0
3590,4,3.0,10,2.0,"98077",879000.0
1140,3,1.0,73,1.0,"98146",197200.0
1240,3,1.0,106,1.5,"98107",529950.0
4340,4,2.5,23,2.5,"98053",1090000.0
1570,3,1.5,100,2.0,"98109",792000.0
1680,3,2.5,21,2.0,"98010",262000.0
1560,3,1.75,88,1.0,"98106",353900.0
1200,1,1.5,32,1.5,"98019",380000.0
1690,3,2.5,13,2.0,"98038",305000.0
2310,4,2.0,21,1.0,"98108",440000.0
2650,4,3.5,14,2.0,"98103",1008000.0
3610,5,3.0,12,2.0,"98038",549900.0
2620,4,3.0,23,2.0,"98058",678500.0
1760,3,2.25,29,1.0,"98188",270000.0
940,3,1.0,66,1.5,"98133",430000.0
4830,5,4.25,101,2.5,"98144",1925000.0
3350,4,2.75,1,2.0,"98053",790500.0
1570,3,2.25,24,2.0,"98034",447450.0
2240,3,2.0,61,1.0,"98112",375000.0
1950,4,2.0,52,1.0,"98008",565000.0
1010,2,1.0,97,1.0,"98144",400000.0
1630,3,1.5,39,1.0,"98023",246000.0
1420,3,1.75,48,1.0,"98155",329922.0
3950,5,3.25,46,1.0,"98005",1249000.0
1210,3,1.0,105,1.0,"98133",375000.0
1890,3,1.75,71,1.0,"98125",385000.0
1690,4,2.5,103,1.5,"98117",591500.0
2560,4,2.0,55,1.0,"98003",255000.0
1350,3,1.5,56,1.0,"98059",275000.0
3120,4,2.75,5,2.0,"98074",800000.0
1140,2,1.0,63,1.0,"98125",327000.0
2230,4,1.5,61,1.0,"98166",355000.0
1050,2,1.0,68,1.0,"98155",310000.0
4180,5,3.25,36,2.0,"98027",869000.0
1200,3,2.0,73,1.0,"98178",272000.0
3320,5,2.25,15,2.0,"98045",665000.0
1590,3,2.5,26,2.0,"98030",225000.0
2750,3,2.5,26,2.0,"98038",375000.0
1530,3,1.5,40,1.0,"98155",375500.0
1570,3,1.75,67,1.0,"98116",550000.0
1470,3,1.0,69,1.0,"98106",248000.0
1470,3,1.0,69,1.0,"98106",546940.0
3150,4,3.0,14,2.0,"98075",680000.0
2380,4,2.5,18,2.0,"98030",350000.0
2000,2,2.5,21,3.0,"98116",593000.0
1140,2,1.0,57,1.0,"98125",390000.0
1340,3,1.0,91,1.0,"98070",297000.0
1450,2,1.0,50,1.0,"98188",355000.0
2020,3,2.5,28,2.0,"98003",309900.0
1810,3,2.25,23,2.0,"98003",257000.0
3600,4,3.0,56,2.0,"98004",1698000.0
1260,3,2.0,28,2.0,"98117",300000.0
1560,3,2.0,1,3.0,"98122",500000.0
4020,8,4.0,47,1.0,"98107",900000.0
3150,4,3.0,14,2.0,"98075",695000.0
1680,4,2.5,14,2.0,"98030",213400.0
1320,2,1.0,76,1.0,"98199",425000.0
2700,3,3.0,29,2.0,"98058",420000.0
1080,1,1.0,67,1.5,"98199",411000.0
3130,4,2.25,29,2.0,"98053",762500.0
4850,5,4.5,14,2.0,"98023",569950.0
1220,4,1.0,99,1.5,"98168",258000.0
1780,3,2.25,11,2.0,"98029",499000.0
1250,3,1.0,54,1.0,"98059",310000.0
1780,2,2.5,10,3.0,"98103",398500.0
1930,4,2.5,34,1.0,"98001",250600.0
2470,4,2.5,30,1.0,"98038",352000.0
1180,2,1.0,106,1.0,"98119",600000.0
2270,3,1.0,69,1.0,"98115",645000.0
1770,4,2.5,11,2.0,"98038",291500.0
2250,4,1.75,75,1.0,"98030",350000.0
1540,3,2.5,41,1.0,"98003",279000.0
820,2,1.0,75,1.0,"98117",320000.0
1580,2,2.0,11,1.0,"98053",495000.0
2430,4,2.5,26,1.0,"98014",490000.0
2160,5,1.5,89,1.5,"98107",770000.0
1770,3,1.75,56,1.0,"98023",215000.0
3580,3,3.5,10,1.5,"98038",665000.0
1890,3,2.25,28,1.0,"98125",423500.0
1910,3,3.0,115,1.5,"98103",850000.0
910,2,1.0,72,1.0,"98118",155000.0
1460,3,2.25,52,1.0,"98008",505000.0
3310,3,3.5,10,2.0,"98029",780000.0
1630,3,1.5,45,1.0,"98032",165000.0
2130,2,2.5,43,1.0,"98199",707000.0
1220,3,2.5,15,3.0,"98117",497000.0
1670,4,1.75,60,1.0,"98178",349170.0
1300,4,1.5,52,1.5,"98059",287000.0
3220,4,2.5,46,1.0,"98006",2375000.0
2430,4,2.5,52,1.0,"98007",645000.0
2240,5,2.25,25,2.0,"98055",238000.0
2240,5,2.25,25,2.0,"98055",328000.0
790,2,1.5,12,2.0,"98119",365000.0
1380,3,1.0,67,1.0,"98155",380000.0
1680,4,1.5,53,2.0,"98033",525000.0
2000,4,2.25,89,2.0,"98117",402000.0
1680,2,1.0,46,1.0,"98072",308000.0
1960,3,2.5,9,2.0,"98065",405000.0
2590,3,1.75,64,1.0,"98177",808000.0
3790,4,3.5,5,2.5,"98053",875000.0
2370,3,2.5,33,3.0,"98074",860000.0
1930,4,2.25,55,1.0,"98155",367500.0
2580,6,3.5,28,1.0,"98052",604000.0
890,2,0.75,81,1.0,"98045",230000.0
2160,4,2.75,37,1.0,"98125",435000.0
1970,4,2.5,8,2.0,"98038",347500.0
1570,4,1.75,34,1.0,"98052",525000.0
1480,2,1.5,75,1.0,"98146",280000.0
1480,2,1.5,75,1.0,"98146",490000.0
1430,4,1.75,73,1.0,"98056",265000.0
2720,4,2.25,36,1.0,"98075",645000.0
2420,3,2.25,51,1.0,"98058",390000.0
1400,3,2.5,27,1.0,"98030",267500.0
5844,4,3.5,8,2.0,"98023",1275000.0
1840,4,1.75,57,1.0,"98008",404000.0
2530,3,2.25,26,2.0,"98042",380000.0
2810,4,2.75,37,1.0,"98006",812500.0
1020,3,1.0,56,1.0,"98056",265000.0
2550,5,2.75,48,1.0,"98056",480000.0
710,1,1.0,76,1.0,"98133",264000.0
5530,5,3.0,46,1.5,"98072",1350000.0
2150,4,1.75,49,1.0,"98052",550000.0
880,2,1.5,86,1.5,"98122",615000.0
1630,3,1.75,48,1.0,"98072",464000.0
1380,3,1.0,39,2.0,"98042",365000.0
2800,4,2.25,38,1.0,"98011",490000.0
2070,4,2.25,38,2.0,"98032",280927.0
830,2,1.0,61,1.0,"98133",282613.0
2770,3,2.25,33,2.0,"98177",675000.0
2060,4,2.5,30,1.0,"98052",575550.0
1490,3,2.0,25,1.0,"98042",259900.0
2120,4,2.25,19,2.0,"98045",450000.0
2810,4,2.5,2,2.0,"98059",487500.0
2400,4,2.25,42,2.0,"98002",275000.0
2460,3,2.5,13,2.0,"98042",305000.0
2030,3,1.75,38,1.0,"98092",395000.0
880,3,1.0,75,1.0,"98022",215000.0
1320,3,2.0,95,1.5,"98144",410000.0
2160,4,2.5,39,1.0,"98155",440000.0
4190,4,3.5,21,2.0,"98027",1160000.0
2280,4,2.0,59,1.0,"98133",500000.0
2590,5,2.75,106,2.0,"98105",961000.0
2770,4,2.25,36,2.0,"98027",825000.0
2145,3,1.75,105,1.5,"98103",734000.0
4480,4,4.25,12,2.0,"98030",490000.0
1780,4,2.5,24,2.0,"98198",175000.0
720,1,1.0,101,1.0,"98118",190000.0
2050,4,2.25,37,2.0,"98002",305000.0
2040,3,1.0,75,1.0,"98177",1300000.0
920,2,1.0,96,1.0,"98118",417000.0
680,2,1.0,109,1.0,"98103",275000.0
1940,3,2.5,24,2.0,"98052",661000.0
2230,4,2.75,17,1.0,"98125",435000.0
2910,5,2.25,43,1.0,"98005",788000.0
5270,5,3.25,38,2.0,"98040",1795000.0
2820,5,3.25,109,1.5,"98118",408000.0
1790,2,1.0,103,1.5,"98144",570000.0
2920,5,3.25,62,2.0,"98105",1540000.0
840,2,1.0,60,1.0,"98136",400000.0
1820,3,1.75,28,1.0,"98023",247000.0
1550,3,1.75,66,1.0,"98125",453000.0
1270,2,1.0,92,1.0,"98118",235000.0
2460,4,1.75,96,1.5,"98126",675000.0
2110,3,2.0,96,1.0,"98118",516200.0
920,1,1.0,19,1.5,"98070",650000.0
1500,3,1.5,70,1.0,"98022",257100.0
1440,2,2.0,9,1.0,"98053",457000.0
1610,3,1.75,86,1.5,"98117",540000.0
1970,3,1.75,49,1.0,"98032",268000.0
1150,3,1.0,55,1.0,"98008",300000.0
2110,2,2.5,40,1.0,"98031",380000.0
3580,3,2.5,25,1.5,"98038",725000.0
1000,3,1.0,47,1.0,"98042",249000.0
1680,5,1.0,86,1.0,"98155",274000.0
3950,4,3.25,12,2.0,"98004",1780000.0
2390,3,1.75,60,1.0,"98125",396500.0
1820,2,1.5,59,1.0,"98133",460000.0
1100,3,1.0,58,1.0,"98118",277000.0
2280,6,4.0,17,1.0,"98108",449500.0
2530,4,3.0,90,1.5,"98112",785950.0
1940,3,2.5,40,1.0,"98034",545000.0
1360,3,2.0,32,1.0,"98003",244000.0
1660,3,2.5,32,2.0,"98042",165000.0
800,2,1.0,109,1.0,"98107",435000.0
2670,3,2.5,28,1.0,"98074",642000.0
1720,3,2.5,16,2.0,"98148",340000.0
3550,4,2.5,24,2.0,"98077",730000.0
1370,3,1.75,33,1.0,"98122",563250.0
2820,5,2.5,36,2.0,"98029",675000.0
1620,3,1.5,61,1.0,"98117",620000.0
1290,2,2.0,59,1.0,"98108",275000.0
1830,3,1.0,73,1.0,"98028",270000.0
2040,4,2.5,12,2.0,"98092",325000.0
1850,4,2.5,10,2.0,"98029",476100.0
1300,2,1.0,56,1.0,"98004",700000.0
1620,4,2.0,37,1.5,"98042",220000.0
1560,3,1.75,40,1.0,"98023",236000.0
2600,3,2.5,64,1.0,"98117",790000.0
2010,3,1.0,48,1.0,"98108",350000.0
780,2,1.0,74,1.0,"98146",130000.0
1982,4,2.5,11,2.0,"98030",283200.0
1500,3,1.0,70,1.0,"98126",273000.0
2460,5,2.25,39,1.0,"98052",599000.0
2680,4,2.5,55,1.0,"98003",460000.0
5860,4,4.25,19,2.0,"98072",1157200.0
1720,4,1.75,44,1.0,"98034",385000.0
1420,3,1.0,71,1.5,"98178",264250.0
1760,3,2.5,9,3.0,"98119",608000.0
2790,3,2.5,31,2.0,"98042",450000.0
2360,3,2.0,106,2.0,"98112",1755000.0
1890,5,2.0,71,2.0,"98178",339950.0
3810,6,3.75,38,2.0,"98103",760000.0
1160,2,1.0,75,1.0,"98103",350000.0
2320,3,1.75,55,1.0,"98001",541500.0
3280,6,2.75,52,1.0,"98007",730000.0
980,3,1.0,66,1.0,"98106",215000.0
1640,3,2.0,38,1.0,"98075",420000.0
2060,4,2.25,32,1.0,"98006",655000.0
1500,3,2.5,34,2.0,"98031",240000.0
2360,4,2.0,76,1.0,"98199",730000.0
1940,4,1.5,53,1.0,"98033",390000.0
1280,3,1.0,61,1.0,"98006",473000.0
3630,4,3.5,45,2.0,"98056",698000.0
1820,3,2.5,10,2.0,"98028",511000.0
960,2,1.5,22,2.0,"98122",358000.0
1630,3,1.75,60,1.0,"98007",499990.0
1940,4,2.25,55,1.0,"98188",322000.0
980,3,1.0,46,1.0,"98031",201000.0
3140,4,2.5,27,1.0,"98166",765000.0
2880,4,2.75,87,1.5,"98116",920000.0
1650,4,2.0,38,1.0,"98155",360000.0
1980,3,1.75,28,2.0,"98092",297300.0
860,3,1.0,73,1.0,"98033",399000.0
1430,3,1.0,65,1.5,"98133",400000.0
1260,3,1.75,51,1.0,"98059",230000.0
960,3,1.0,47,1.0,"98106",290000.0
2060,3,2.5,12,2.0,"98023",323800.0
1430,4,1.5,85,1.5,"98125",574500.0
1670,3,2.25,13,2.0,"98199",505000.0
880,2,1.0,71,1.0,"98133",372500.0
1300,3,1.5,51,1.0,"98052",425000.0
2380,3,2.5,15,1.5,"98045",446250.0
520,2,0.75,91,1.0,"98010",330000.0
2680,3,2.5,32,2.0,"98034",608095.0
2140,3,2.5,57,1.0,"98006",550000.0
1820,4,2.5,11,2.0,"98030",265000.0
1820,4,2.25,85,1.5,"98133",399888.0
1050,2,1.0,88,1.0,"98117",430000.0
2100,3,2.5,2,2.0,"98028",554990.0
2210,3,2.5,12,2.0,"98038",359950.0
860,2,1.0,114,1.0,"98107",405000.0
870,2,1.0,34,1.0,"98034",280000.0
2570,4,2.25,49,2.0,"98058",479950.0
2980,5,1.75,39,1.0,"98027",575000.0
2360,4,2.25,32,2.0,"98058",392000.0
2310,4,2.25,38,2.0,"98072",760500.0
2300,3,2.5,12,2.0,"98019",435000.0
2810,4,2.75,22,2.0,"98004",1565000.0
2040,4,1.5,54,1.0,"98188",261000.0
3290,3,2.25,76,2.0,"98105",1482500.0
2960,7,4.0,88,2.0,"98144",853800.0
2670,3,2.5,26,2.0,"98074",657500.0
2530,4,2.5,25,2.0,"98092",331950.0
1720,3,1.75,29,1.0,"98136",514000.0
3090,3,3.5,20,2.0,"98070",496000.0
3930,4,2.5,28,2.0,"98052",1093000.0
1120,3,1.0,39,1.0,"98042",195700.0
3960,4,2.25,90,2.0,"98112",1395710.0
4060,4,3.25,24,2.0,"98077",1175000.0
2350,3,2.5,49,1.0,"98008",643403.0
2380,4,2.5,18,2.0,"98031",357000.0
1480,3,1.75,62,1.0,"98004",865000.0
2930,3,2.5,27,2.0,"98007",905000.0
1290,3,1.5,61,1.0,"98198",265000.0
2730,2,2.5,17,2.0,"98056",535000.0
1290,3,1.0,86,1.0,"98117",450000.0
2170,4,2.5,24,2.0,"98059",460500.0
1850,4,1.75,55,1.0,"98178",315000.0
2110,4,2.5,37,1.0,"98008",607500.0
960,2,1.0,99,1.0,"98103",432000.0
3910,3,4.0,82,2.0,"98199",1695000.0
2590,4,2.5,14,2.0,"98038",479000.0
3080,5,2.75,13,2.0,"98058",475000.0
1630,3,1.0,63,1.0,"98125",415000.0
910,2,1.0,101,1.0,"98117",450000.0
2780,3,2.5,46,1.5,"98075",1140000.0
3880,5,3.0,11,2.0,"98056",430000.0
1360,3,1.75,44,1.0,"98058",296000.0
2560,4,2.25,39,1.0,"98001",303000.0
2600,4,2.5,11,2.0,"98075",641000.0
1220,3,2.25,31,1.0,"98115",280000.0
1560,3,2.0,49,1.0,"98003",260750.0
2080,4,2.5,14,2.0,"98075",601000.0
1490,3,1.5,97,1.0,"98166",255000.0
2020,4,2.75,39,1.0,"98052",555000.0
1530,3,1.5,60,1.0,"98039",865000.0
3450,4,2.5,51,1.5,"98004",1388000.0
1400,3,2.25,28,1.0,"98092",315000.0
1730,2,1.0,53,1.0,"98001",200000.0
1370,3,1.0,67,1.0,"98125",357000.0
1050,2,1.5,8,2.0,"98122",390000.0
2840,5,1.75,61,1.0,"98177",462000.0
1010,2,1.0,60,1.0,"98198",174500.0
1210,2,1.0,94,1.5,"98133",305000.0
1720,5,1.75,59,1.0,"98133",449000.0
2710,3,2.0,64,2.0,"98126",260000.0
3110,4,2.5,11,2.0,"98052",751000.0
1250,2,1.0,67,1.0,"98133",370037.0
1900,3,1.75,27,2.0,"98092",229950.0
1740,3,1.75,37,1.0,"98058",349000.0
2070,4,2.5,12,2.0,"98058",348000.0
3030,3,3.25,110,2.0,"98144",1220000.0
3610,4,3.0,22,2.0,"98023",510000.0
1520,3,1.5,34,1.0,"98023",265000.0
2780,3,2.75,41,3.0,"98105",1250000.0
5545,4,4.0,12,2.0,"98014",937500.0
2590,3,1.75,44,1.0,"98011",485000.0
1150,4,1.0,64,1.5,"98115",489000.0
920,2,1.0,63,1.0,"98136",400000.0
2110,3,2.5,10,2.0,"98052",638000.0
1170,3,1.75,47,1.0,"98052",440000.0
1900,6,2.0,51,1.0,"98125",305000.0
1900,6,2.0,51,1.0,"98125",649950.0
3290,4,2.5,10,2.0,"98075",680000.0
2660,4,2.5,19,2.0,"98059",629000.0
2160,3,2.5,27,2.0,"98029",555000.0
2700,4,2.75,39,2.0,"98077",669000.0
1980,3,2.5,21,2.0,"98092",272000.0
2600,4,2.25,50,1.0,"98178",270000.0
1280,3,1.0,51,1.0,"98003",215000.0
1710,3,1.5,68,1.0,"98040",690000.0
1270,4,1.75,65,1.0,"98178",256000.0
1890,3,2.25,34,1.0,"98031",255000.0
3440,7,4.0,45,2.0,"98103",550000.0
1190,3,1.0,58,1.0,"98146",410000.0
1030,2,1.0,103,1.0,"98136",410000.0
1240,3,1.75,29,1.0,"98055",259000.0
1730,3,1.0,60,1.0,"98168",292000.0
4610,4,3.5,12,2.0,"98033",1648000.0
1590,5,1.0,86,1.5,"98116",518000.0
1760,3,2.5,23,2.0,"98029",485000.0
1330,3,2.0,26,1.0,"98092",259500.0
2340,4,2.5,12,2.0,"98038",354000.0
3740,3,2.25,49,2.0,"98004",999950.0
1150,3,1.75,56,1.0,"98006",464500.0
1750,3,2.5,10,2.0,"98038",300000.0
3890,3,2.75,48,2.0,"98118",1080000.0
1770,4,2.5,26,2.0,"98023",309950.0
1160,3,1.0,106,1.5,"98106",315000.0
1440,3,1.0,107,1.5,"98115",499950.0
2600,4,2.0,62,1.0,"98119",780000.0
2640,3,3.25,39,1.0,"98040",885000.0
1010,2,1.0,109,1.5,"98112",500000.0
1840,3,2.0,26,1.0,"98003",329000.0
1720,4,1.75,52,1.0,"98058",246000.0
1280,3,1.5,55,1.0,"98033",405000.0
1700,4,1.75,34,1.0,"98059",349000.0
1980,4,2.5,23,2.0,"98031",374950.0
1160,3,2.0,46,1.0,"98034",306000.0
1980,4,1.75,54,1.0,"98008",416000.0
1960,3,2.5,26,2.0,"98056",560000.0
1270,3,1.5,67,1.0,"98155",260000.0
2060,3,2.25,37,1.0,"98003",306500.0
1980,3,1.75,47,1.0,"98058",299950.0
1450,3,2.5,25,1.0,"98092",265500.0
1200,3,1.5,29,1.0,"98001",219000.0
1830,3,1.75,38,1.0,"98072",365000.0
2090,3,2.0,56,1.5,"98010",499000.0
1510,3,1.75,48,1.0,"98034",366000.0
1310,3,2.25,1,3.0,"98117",514950.0
3790,4,2.75,16,2.0,"98075",875000.0
2240,3,2.25,58,1.0,"98005",831000.0
2740,4,3.25,12,2.0,"98027",689900.0
1660,3,2.5,21,2.0,"98038",315000.0
1480,3,1.0,52,1.0,"98133",336500.0
2640,3,2.75,89,1.5,"98112",1100000.0
1900,6,2.0,56,1.0,"98133",375000.0
2860,3,2.0,30,1.0,"98019",289275.0
3440,4,3.5,13,2.0,"98198",455000.0
1640,3,1.75,40,1.0,"98034",505000.0
1450,3,1.0,96,1.5,"98126",450000.0
2300,3,2.5,14,2.0,"98065",567500.0
1460,3,1.5,60,1.0,"98055",265000.0
1570,3,2.0,14,1.0,"98014",340000.0
1540,3,2.0,76,1.5,"98019",375000.0
3300,6,3.0,45,2.0,"98103",920000.0
2130,4,2.25,43,2.0,"98040",850000.0
1010,3,1.0,46,1.0,"98042",202000.0
2420,4,3.0,31,1.0,"98077",725000.0
3870,3,3.25,24,2.0,"98006",900000.0
1960,2,1.5,64,1.0,"98103",680200.0
1170,3,1.0,97,1.0,"98022",216500.0
1890,3,1.5,49,1.0,"98003",325000.0
2250,3,2.5,11,2.0,"98052",675000.0
750,2,0.75,79,1.0,"98034",435000.0
1610,3,1.75,38,1.0,"98010",263500.0
2590,4,2.25,37,2.0,"98077",550000.0
2520,3,2.5,20,2.0,"98116",875000.0
1340,4,1.0,49,1.0,"98023",246600.0
1460,3,2.25,9,3.0,"98133",337000.0
1380,3,1.75,27,1.0,"98038",240000.0
1510,3,1.75,31,1.0,"98005",490000.0
2510,5,2.5,40,1.0,"98027",510000.0
910,3,1.0,44,1.0,"98034",305000.0
1970,3,2.5,12,2.0,"98019",350000.0
1540,3,1.75,56,1.0,"98178",284200.0
1980,4,2.5,20,2.0,"98038",357000.0
3150,4,2.75,29,1.0,"98052",854000.0
4700,4,2.5,16,2.0,"98075",1175000.0
2300,3,2.25,52,1.0,"98039",1000000.0
1880,4,2.25,106,2.0,"98103",616500.0
2640,4,2.75,104,2.0,"98117",750000.0
3900,6,4.5,36,2.0,"98052",650000.0
2670,4,2.25,53,1.0,"98032",275000.0
1840,4,1.75,97,1.0,"98105",540000.0
1120,3,1.0,54,1.0,"98001",225000.0
2970,4,2.5,24,2.0,"98006",845000.0
1410,3,2.25,92,1.0,"98126",490000.0
3060,4,2.5,10,2.0,"98029",753000.0
2490,3,1.75,43,1.0,"98034",475000.0
840,1,0.75,66,1.5,"98168",124000.0
840,1,0.75,66,1.5,"98168",224000.0
1130,2,1.0,99,1.0,"98117",485000.0
1850,4,1.75,71,1.0,"98178",230000.0
2330,4,2.75,35,1.0,"98031",372000.0
1880,4,2.5,25,2.0,"98042",306000.0
2980,4,3.5,7,2.0,"98115",905000.0
1440,4,1.0,65,1.0,"98116",440000.0
1630,3,1.75,38,1.0,"98042",280000.0
1778,3,2.5,16,2.0,"98014",435000.0
1930,3,2.5,25,2.0,"98029",425000.0
1130,2,0.75,59,1.0,"98188",204950.0
1650,2,1.75,56,1.0,"98033",670000.0
820,2,1.0,94,1.0,"98103",475000.0
2900,5,2.5,51,1.0,"98168",352000.0
2330,4,1.75,54,1.0,"98008",575000.0
4440,4,3.5,50,2.0,"98040",1730000.0
1660,3,2.0,65,2.0,"98108",491000.0
3020,4,2.5,11,2.0,"98075",750000.0
1850,4,2.5,37,1.0,"98052",830000.0
5960,6,3.75,10,2.0,"98065",1140000.0
960,3,1.0,45,1.0,"98058",137124.0
1150,4,1.0,108,1.5,"98118",225000.0
2130,4,2.5,52,1.0,"98005",732600.0
2460,4,2.25,31,2.0,"98006",818000.0
2360,3,2.25,37,1.0,"98042",431000.0
1320,2,2.25,19,3.0,"98133",304000.0
1910,5,2.0,107,1.0,"98112",650000.0
1610,2,2.0,38,2.0,"98052",450000.0
1610,4,1.0,57,1.0,"98056",269000.0
1160,3,1.0,62,1.0,"98004",875000.0
2870,4,2.25,38,1.0,"98040",890000.0
2280,4,2.5,29,2.0,"98072",565000.0
1370,2,2.0,9,2.0,"98122",448175.0
2970,5,3.0,15,2.0,"98075",680000.0
1460,3,1.75,45,2.0,"98023",629000.0
1570,3,3.5,15,2.5,"98199",494000.0
2880,4,3.0,89,2.0,"98102",1100000.0
1900,5,2.5,46,1.0,"98034",450000.0
2020,3,1.75,46,1.0,"98059",330000.0
3110,4,2.5,31,2.0,"98006",960000.0
2390,4,2.5,25,2.0,"98001",360000.0
2150,3,2.5,11,2.0,"98038",378000.0
1340,3,1.75,74,1.0,"98136",499950.0
1990,3,2.5,29,2.0,"98072",450000.0
1600,2,2.0,65,1.0,"98116",523500.0
2680,3,2.5,29,2.0,"98077",600000.0
2080,3,2.5,13,2.0,"98042",290000.0
1340,3,3.25,29,2.0,"98038",176000.0
2590,3,2.0,111,1.5,"98109",885000.0
1240,2,1.75,109,1.5,"98105",483000.0
1310,3,1.0,37,1.0,"98042",240000.0
2530,4,2.25,58,1.0,"98117",720000.0
1780,4,2.5,14,2.0,"98058",311000.0
1600,3,2.0,65,1.0,"98118",332500.0
1570,3,1.75,59,1.0,"98166",164950.0
1570,3,1.75,59,1.0,"98166",371000.0
1650,3,1.75,39,1.0,"98031",264500.0
2920,4,2.25,78,2.0,"98112",1738000.0
870,2,1.0,94,1.0,"98105",503000.0
2830,4,2.5,15,2.0,"98115",738000.0
980,2,1.0,90,1.0,"98103",393000.0
990,2,1.0,23,1.0,"98070",280000.0
2360,4,2.5,51,1.0,"98003",260000.0
1000,2,1.0,100,1.0,"98116",505000.0
1660,3,1.5,39,1.0,"98030",241000.0
1520,3,1.75,40,1.0,"98052",530000.0
1180,1,1.0,105,1.5,"98118",713000.0
1770,3,1.75,71,2.0,"98133",487000.0
980,2,1.0,46,1.0,"98042",128000.0
1840,3,1.0,55,1.0,"98198",210500.0
1810,3,2.5,47,1.0,"98059",420000.0
1780,3,2.5,85,2.0,"98115",679000.0
2840,4,2.75,1,3.0,"98052",784950.0
2650,4,2.5,17,2.0,"98092",352000.0
1270,3,1.5,11,2.0,"98199",386000.0
1260,3,1.75,21,1.0,"98146",335000.0
1750,3,2.0,33,1.0,"98075",472500.0
2680,5,2.25,39,1.0,"98028",599950.0
3830,4,3.25,1,2.0,"98053",963990.0
1610,3,2.0,90,2.0,"98144",735000.0
3840,3,4.25,17,2.0,"98074",858450.0
2670,5,2.75,101,2.0,"98105",665000.0
2000,3,2.5,22,2.0,"98038",290000.0
860,2,1.0,90,1.0,"98108",250000.0
1420,3,1.75,29,1.0,"98030",192500.0
2060,4,2.0,58,1.0,"98166",350000.0
2790,4,2.5,12,2.0,"98059",518000.0
1410,4,1.0,104,1.5,"98107",563000.0
2420,4,3.0,12,2.0,"98188",375000.0
1460,3,2.5,13,3.0,"98103",400000.0
2460,5,1.75,58,1.0,"98023",240000.0
1000,2,1.0,113,1.0,"98122",317500.0
4420,5,4.0,33,2.0,"98007",1315000.0
1240,3,1.0,94,1.0,"98038",234000.0
1740,3,2.5,40,2.0,"98008",645000.0
1280,2,1.0,107,1.0,"98115",649000.0
2520,4,2.5,11,2.0,"98027",605000.0
1500,3,3.5,16,3.0,"98177",337900.0
2490,3,2.75,109,2.0,"98122",535000.0
1530,4,1.0,58,1.0,"98108",325000.0
1740,4,2.25,48,1.0,"98059",429950.0
3550,3,2.5,26,2.0,"98077",775000.0
1280,2,1.0,50,1.0,"98112",650000.0
2320,4,2.25,48,2.0,"98040",1200000.0
1140,2,1.0,80,1.0,"98155",275000.0
3930,4,3.5,18,2.0,"98019",575000.0
2370,3,2.5,56,1.0,"98155",540000.0
2340,3,1.75,98,1.0,"98144",640000.0
1240,3,1.5,48,1.0,"98058",275000.0
2740,4,2.5,18,2.0,"98074",672800.0
1940,4,2.25,59,1.0,"98007",495000.0
2950,3,2.5,20,1.5,"98077",820000.0
1980,4,2.75,63,1.0,"98155",475000.0
2850,4,2.0,45,1.0,"98117",1275000.0
1160,3,1.0,48,1.0,"98077",380000.0
2130,3,2.0,28,1.0,"98058",397500.0
2420,5,2.5,37,1.0,"98118",352000.0
2820,6,2.5,48,1.0,"98006",893880.0
3710,5,3.25,29,2.0,"98074",635000.0
1770,3,2.25,38,2.0,"98034",420000.0
1260,3,2.0,28,1.0,"98107",503000.0
2330,2,1.75,62,1.0,"98146",689000.0
2490,4,2.75,93,1.5,"98103",749500.0
4090,6,3.75,31,2.0,"98005",1150000.0
2800,4,2.5,14,2.0,"98019",563500.0
2440,4,3.0,34,2.0,"98028",480000.0
2540,4,3.0,38,1.0,"98023",374950.0
1600,3,2.5,20,2.0,"98038",308950.0
2680,4,2.75,57,1.0,"98106",445000.0
1220,3,1.5,47,1.0,"98042",237200.0
1550,3,1.75,62,1.5,"98125",453500.0
2080,3,2.0,61,1.0,"98115",616500.0
5000,5,5.0,15,2.0,"98075",1250000.0
630,1,1.0,61,1.0,"98117",396000.0
1070,3,1.0,66,1.0,"98146",210000.0
1900,2,1.75,96,1.0,"98116",539000.0
2960,3,2.5,36,2.0,"98166",605000.0
1490,3,2.0,67,2.0,"98117",437500.0
1500,3,1.5,63,1.0,"98031",215000.0
2410,4,2.5,15,2.0,"98065",440000.0
2000,3,1.0,76,1.0,"98125",525000.0
1140,3,1.5,30,1.0,"98045",319900.0
1120,3,1.0,38,1.0,"98077",335000.0
2900,3,2.25,29,2.0,"98038",485000.0
3220,4,2.25,39,2.0,"98023",359999.0
2500,5,2.75,56,1.0,"98005",799000.0
1610,3,2.25,38,1.0,"98148",280000.0
2250,4,2.75,88,1.5,"98112",1050000.0
1240,1,2.0,105,2.0,"98055",290000.0
1660,2,2.25,20,2.0,"98055",235000.0
2080,3,1.75,90,1.0,"98103",495000.0
1880,3,2.25,35,2.0,"98032",290000.0
1050,4,1.5,46,1.0,"98031",230000.0
1480,3,1.75,47,1.0,"98023",234000.0
2420,4,2.5,14,2.0,"98053",597400.0
2190,4,2.5,49,1.0,"98059",370000.0
2660,4,2.5,22,2.0,"98052",755000.0
2430,3,2.5,16,2.0,"98030",342000.0
770,2,1.0,97,1.0,"98122",497000.0
3060,3,1.0,56,1.0,"98027",835000.0
2920,4,2.75,16,2.0,"98006",730000.0
1370,3,1.0,76,1.0,"98109",655000.0
1870,3,2.5,22,2.0,"98038",205000.0
1800,4,2.0,97,1.5,"98112",632750.0
2100,5,3.0,2,1.0,"98168",330000.0
2530,5,2.25,54,2.0,"98007",527500.0
3290,4,2.5,13,2.0,"98075",716500.0
1890,4,2.5,9,2.0,"98065",388500.0
1680,3,1.75,48,1.0,"98005",530000.0
2170,3,2.5,13,2.0,"98059",419000.0
1200,3,1.75,37,1.0,"98052",385000.0
2990,4,2.5,12,2.0,"98074",655000.0
3770,4,2.75,91,2.0,"98144",1695000.0
1020,2,1.0,111,1.0,"98042",279000.0
1700,3,1.5,53,1.0,"98023",262000.0
1550,4,1.0,96,1.5,"98117",533000.0
1680,3,1.75,65,1.0,"98177",640000.0
1680,3,2.25,28,2.0,"98092",285000.0
1910,4,2.5,94,1.0,"98177",458400.0
3160,5,3.25,55,1.0,"98034",620000.0
2020,3,1.5,59,1.0,"98033",465000.0
3210,4,3.75,30,2.0,"98052",690000.0
2350,3,2.25,38,1.0,"98077",462500.0
1910,4,2.5,21,2.0,"98038",369950.0
840,2,1.0,61,1.0,"98001",124500.0
2620,4,2.25,50,1.0,"98005",950000.0
1220,4,1.5,50,1.0,"98008",418000.0
1060,3,1.0,88,1.0,"98002",160000.0
2200,4,2.5,51,1.0,"98155",457000.0
2120,2,1.75,67,1.0,"98126",530000.0
1250,3,1.0,59,1.0,"98008",385000.0
1440,3,1.75,57,1.0,"98008",491000.0
1890,4,2.25,48,1.0,"98008",521000.0
1140,3,1.0,48,1.0,"98022",255000.0
2840,5,3.0,12,1.0,"98178",292050.0
1880,6,3.0,49,1.0,"98056",326000.0
750,2,1.0,74,1.0,"98126",300000.0
1630,3,1.75,36,1.0,"98058",291600.0
1720,5,1.5,48,1.0,"98027",435000.0
1600,3,2.5,10,3.0,"98117",465000.0
1230,3,2.25,102,1.5,"98002",200000.0
1610,3,1.5,56,1.0,"98056",238000.0
1320,4,2.5,59,1.0,"98008",455000.0
2180,6,3.0,35,2.0,"98003",230000.0
2190,4,2.25,87,2.0,"98112",808000.0
1490,3,1.0,99,1.5,"98103",578500.0
1463,3,2.0,12,3.0,"98115",390000.0
1800,3,2.5,26,2.0,"98029",517500.0
2880,4,2.75,103,1.5,"98144",755000.0
1250,3,1.75,90,1.0,"98117",579500.0
1670,3,2.75,1,3.0,"98116",649950.0
2000,4,1.75,50,1.0,"98178",228000.0
2280,4,1.75,89,1.5,"98115",665000.0
2110,4,2.5,16,2.0,"98052",689000.0
2520,4,2.5,38,1.0,"98052",560000.0
1590,3,1.0,71,1.0,"98136",529000.0
2100,5,2.5,45,1.0,"98059",375000.0
2090,4,2.75,66,1.0,"98146",325000.0
3390,4,2.5,25,2.0,"98003",583000.0
790,2,1.0,83,1.0,"98155",330000.0
1970,3,2.5,20,2.0,"98092",262000.0
2870,4,2.5,11,2.0,"98065",555000.0
1110,2,1.0,64,1.0,"98118",585000.0
1940,3,2.75,7,2.0,"98065",425590.0
720,2,1.0,68,1.0,"98126",235000.0
710,2,1.0,106,1.0,"98118",362362.0
1370,3,2.0,18,1.0,"98038",252000.0
2690,4,2.5,23,2.0,"98058",439000.0
3360,4,2.25,27,2.0,"98092",465000.0
1500,4,2.0,32,1.5,"98023",249900.0
2600,2,2.5,89,1.0,"98126",665000.0
1160,3,1.75,43,1.0,"98034",370000.0
1430,2,1.0,86,1.5,"98112",620000.0
1870,3,1.0,78,1.0,"98177",375000.0
2560,4,2.0,58,1.0,"98133",552625.0
1160,3,1.0,49,1.0,"98034",315500.0
1680,2,1.75,32,1.0,"98027",620000.0
2010,4,2.5,56,1.0,"98006",510000.0
2540,4,2.5,28,2.0,"98053",652500.0
3240,4,2.5,17,2.0,"98053",574000.0
2670,3,2.5,5,2.0,"98038",430000.0
1080,3,2.0,68,1.0,"98125",390000.0
1430,3,1.0,70,1.0,"98117",466500.0
1290,2,2.25,31,2.0,"98052",315000.0
1240,4,1.5,44,1.0,"98023",220000.0
1840,3,1.75,37,1.0,"98030",325000.0
1120,3,1.0,62,1.0,"98133",365000.0
2100,3,3.5,35,2.0,"98188",356000.0
2030,4,1.75,65,1.0,"98125",380000.0
2030,4,2.25,32,2.0,"98052",579000.0
890,2,1.0,72,1.0,"98105",682000.0
1750,3,1.75,47,1.0,"98052",499000.0
1300,3,1.0,47,1.0,"98052",333760.0
2650,4,2.5,21,2.0,"98075",745000.0
1750,3,1.75,47,1.0,"98056",380000.0
1440,3,3.0,10,3.5,"98103",435000.0
1700,3,2.75,96,1.0,"98115",520000.0
3920,4,2.5,27,2.0,"98072",965000.0
1470,3,2.25,56,1.0,"98168",270000.0
2520,5,2.75,99,1.5,"98112",1100000.0
2140,3,1.75,51,1.0,"98006",577500.0
1550,3,1.75,104,1.0,"98107",650000.0
3180,4,2.5,29,2.0,"98040",1227500.0
6510,5,4.25,35,2.0,"98040",1900000.0
1440,2,2.0,32,1.5,"98115",475000.0
1150,3,1.0,45,1.0,"98023",200000.0
2320,4,2.5,18,2.0,"98045",397000.0
1230,3,2.0,26,1.0,"98155",383610.0
2060,4,2.5,16,2.0,"98030",275000.0
2783,3,2.0,105,2.0,"98126",840000.0
2140,4,2.5,30,2.0,"98058",365000.0
1420,3,2.75,11,2.0,"98029",362000.0
2090,3,1.75,59,1.0,"98108",350000.0
1320,2,1.75,35,1.5,"98014",200000.0
2300,4,2.5,36,1.0,"98023",299000.0
3050,4,1.5,49,1.0,"98056",555000.0
2960,3,2.25,62,1.0,"98177",1326000.0
2520,5,2.75,55,1.0,"98040",896000.0
1740,2,1.75,65,1.0,"98199",550000.0
1300,2,1.0,29,1.0,"98125",324500.0
1170,3,1.0,55,1.0,"98008",312500.0
1946,4,3.25,25,2.0,"98070",485000.0
1250,2,1.0,92,1.0,"98115",511000.0
1230,2,1.5,32,2.0,"98042",139500.0
2180,4,2.5,26,2.0,"98059",464000.0
1740,3,1.75,37,1.0,"98023",255000.0
3830,4,2.5,11,2.0,"98065",679975.0
2250,3,2.0,51,1.0,"98040",624800.0
2590,3,2.75,32,2.0,"98074",920000.0
2090,3,2.5,87,1.5,"98105",1365000.0
2400,3,1.5,51,1.0,"98052",510000.0
2260,4,2.25,31,2.0,"98031",289659.0
2910,4,2.5,16,2.0,"98065",585000.0
3640,5,3.0,11,2.0,"98038",555000.0
3770,4,2.75,51,2.0,"98075",940000.0
1600,3,2.0,36,1.0,"98052",460000.0
2110,3,2.5,37,2.0,"98031",319000.0
1720,3,2.5,10,2.0,"98059",280000.0
1100,3,1.0,98,1.0,"98065",250000.0
2620,4,2.5,25,2.0,"98074",749950.0
3090,5,2.5,58,1.0,"98011",458000.0
1890,3,2.5,15,2.0,"98065",465000.0
1850,3,1.75,38,1.0,"98103",580000.0
3100,4,2.5,21,2.0,"98077",700000.0
2506,4,2.5,8,2.0,"98023",350000.0
1700,4,1.0,38,1.0,"98052",456000.0
1550,3,2.0,32,1.5,"98198",290000.0
2200,4,2.75,35,1.0,"98059",475000.0
1890,3,2.5,10,2.0,"98038",285000.0
1140,3,1.0,53,1.0,"98168",309000.0
3740,4,2.0,15,2.0,"98053",860000.0
1940,3,2.25,36,1.0,"98042",219000.0
2130,3,2.5,25,2.0,"98074",546500.0
1470,2,1.0,96,1.0,"98118",338000.0
1070,2,1.0,73,1.0,"98117",505000.0
1680,4,1.75,36,1.0,"98014",340000.0
2730,3,2.25,25,2.0,"98074",678000.0
1890,3,1.75,46,1.0,"98040",800000.0
1080,1,1.0,52,1.0,"98002",112000.0
1440,3,1.75,90,1.5,"98023",252000.0
2540,4,2.75,36,1.0,"98058",335000.0
2300,3,2.0,60,1.0,"98004",610000.0
1690,3,2.0,36,1.0,"98023",245000.0
1800,3,1.75,43,1.0,"98008",493500.0
1770,4,2.25,29,2.0,"98052",596500.0
1190,3,2.0,108,1.5,"98118",245000.0
1320,3,1.75,38,1.0,"98028",333500.0
1290,3,1.0,39,1.0,"98072",373000.0
3000,4,2.5,7,2.0,"98052",759900.0
1358,3,2.25,8,3.0,"98133",317000.0
1220,3,1.5,101,1.5,"98144",670000.0
2720,2,2.5,25,2.0,"98166",985000.0
1060,3,1.5,32,1.0,"98106",310000.0
3020,4,2.5,18,2.0,"98052",750000.0
1640,3,2.0,28,2.0,"98052",408000.0
3870,5,3.75,17,2.0,"98074",900000.0
2860,4,2.25,58,1.0,"98155",460000.0
1740,4,2.5,63,1.0,"98178",339000.0
1140,3,2.0,106,1.0,"98109",660000.0
3290,4,3.0,25,2.0,"98031",449950.0
1210,3,1.0,85,1.0,"98178",235000.0
3320,5,2.25,51,1.0,"98028",769000.0
1990,3,2.25,31,2.0,"98072",445000.0
2060,4,2.5,41,1.0,"98034",462000.0
1460,3,1.0,99,1.5,"98107",775000.0
2250,4,1.75,48,1.0,"98008",605000.0
950,2,1.0,69,1.0,"98045",193500.0
3140,4,2.5,24,2.0,"98023",389950.0
3560,4,3.5,9,2.0,"98075",790000.0
1410,2,1.0,97,1.0,"98126",442000.0
2770,4,2.25,41,2.0,"98040",890000.0
1864,3,1.0,57,1.0,"98002",235000.0
1930,4,1.75,56,1.0,"98115",495000.0
3870,4,2.5,8,2.0,"98010",600000.0
2020,3,2.0,78,1.5,"98199",1400000.0
1300,3,2.0,48,1.0,"98198",251000.0
3410,4,2.25,37,2.0,"98059",471000.0
2370,4,2.5,20,2.0,"98077",597000.0
2770,5,3.5,30,2.0,"98006",804000.0
1250,3,1.75,43,1.0,"98155",357000.0
1690,3,2.5,1,2.0,"98029",419990.0
3040,4,2.5,28,2.0,"98027",725000.0
2710,3,2.5,12,2.0,"98092",275000.0
1190,3,2.25,31,1.0,"98045",445000.0
2300,3,2.5,20,2.0,"98019",510000.0
1360,4,1.0,60,1.0,"98028",330000.0
1500,3,1.0,73,1.0,"98106",270000.0
1610,4,2.0,74,1.0,"98126",495000.0
1420,4,1.75,65,2.0,"98002",225000.0
1750,3,1.5,63,1.0,"98115",716528.0
1510,3,2.5,24,2.0,"98038",260000.0
2330,4,2.5,17,2.0,"98045",471000.0
2690,5,3.5,96,2.0,"98118",690000.0
1700,5,1.5,78,1.5,"98011",548000.0
1020,3,1.0,87,1.0,"98115",505000.0
1160,3,1.0,49,1.0,"98034",325000.0
2450,4,2.25,35,2.0,"98075",682000.0
2010,3,2.25,30,2.0,"98052",605000.0
1370,2,1.75,40,1.0,"98198",276200.0
1370,3,1.0,109,1.5,"98103",530000.0
1990,3,3.0,27,1.0,"98003",245000.0
2790,4,2.5,28,2.0,"98077",654950.0
780,2,1.0,76,1.0,"98168",221900.0
2240,4,2.0,89,1.0,"98178",466000.0
2210,3,2.0,12,1.0,"98003",383150.0
1390,4,1.0,91,1.0,"98103",657100.0
1800,3,2.0,27,2.0,"98077",539000.0
3320,6,3.0,38,1.0,"98092",400000.0
1960,4,2.5,84,1.0,"98002",215000.0
850,2,1.0,88,1.0,"98115",489000.0
2980,4,2.5,21,2.0,"98075",649000.0
1980,4,1.75,62,1.0,"98005",700000.0
790,2,1.0,62,1.0,"98133",268500.0
1800,3,2.5,19,2.0,"98034",515000.0
2260,4,2.0,37,1.0,"98007",685000.0
800,2,1.5,9,2.0,"98144",305000.0
2490,4,2.0,89,1.5,"98105",950000.0
1610,4,2.5,9,2.0,"98001",292500.0
1850,4,1.75,59,1.0,"98133",270000.0
1850,4,1.75,59,1.0,"98133",450000.0
1920,4,1.0,95,1.5,"98117",535000.0
1740,3,2.5,15,2.0,"98029",550000.0
1430,3,2.25,19,2.0,"98144",457500.0
1420,3,1.5,53,1.0,"98023",136500.0
1420,3,1.5,53,1.0,"98023",224097.0
1560,3,2.5,21,2.0,"98042",254000.0
2030,4,2.25,52,1.0,"98059",335000.0
3280,5,2.5,3,2.0,"98045",594950.0
1360,3,1.75,32,1.0,"98045",350000.0
1180,3,1.0,45,1.0,"98042",169950.0
1940,3,2.5,36,1.0,"98077",432500.0
1300,2,1.75,67,2.0,"98105",440000.0
1650,3,2.25,30,2.0,"98031",233703.0
1140,3,1.5,27,2.0,"98029",310000.0
2540,3,2.5,17,2.0,"98007",735000.0
3440,4,2.75,1,2.0,"98056",730000.0
1800,3,1.75,54,1.0,"98178",257000.0
1260,2,2.25,11,3.0,"98103",485000.0
2370,4,2.25,56,1.0,"98177",899000.0
1520,3,1.0,63,1.5,"98125",279000.0
1750,4,2.0,41,1.0,"98092",225000.0
2680,3,1.5,102,2.0,"98109",1355000.0
1590,3,2.5,15,2.0,"98065",355000.0
1560,4,1.75,48,1.0,"98034",382500.0
2000,3,2.5,23,2.0,"98022",324360.0
2380,3,1.75,49,1.5,"98023",315000.0
2230,2,1.0,64,2.0,"98133",426000.0
2820,5,2.5,12,2.0,"98003",395000.0
1570,3,1.0,93,1.5,"98010",212644.0
1845,3,3.0,68,2.0,"98056",510000.0
830,2,1.0,76,1.0,"98032",85000.0
830,2,1.0,76,1.0,"98032",235000.0
2030,4,2.5,14,2.0,"98042",295000.0
1430,3,2.5,105,1.5,"98103",720001.0
1510,3,1.0,75,1.0,"98115",313950.0
1510,3,1.0,75,1.0,"98115",415000.0
1610,3,1.75,34,1.0,"98058",305000.0
1600,3,1.5,109,1.5,"98122",625000.0
1420,3,1.0,54,1.0,"98007",490000.0
1660,3,2.0,28,2.0,"98042",269950.0
4230,5,4.0,66,2.0,"98033",2700000.0
3310,4,3.0,115,2.5,"98103",829000.0
2470,4,2.5,28,1.0,"98075",635000.0
1040,3,1.0,56,1.0,"98188",217500.0
1850,4,1.75,50,1.0,"98001",270000.0
4610,3,3.0,68,2.0,"98144",1245000.0
2480,4,2.5,8,2.0,"98019",480000.0
2130,3,1.75,61,1.0,"98199",575000.0
2350,4,2.75,14,2.0,"98059",426950.0
920,3,1.0,55,1.0,"98002",125000.0
920,3,1.0,55,1.0,"98002",208000.0
1780,4,2.0,39,1.0,"98058",325000.0
2690,7,4.0,55,1.0,"98033",597157.0
3010,4,2.5,9,2.5,"98029",728725.0
3180,5,2.0,47,1.0,"98052",708000.0
4120,4,3.0,10,2.0,"98075",1300000.0
1280,3,1.0,38,1.0,"98053",405000.0
1690,4,2.75,70,1.5,"98115",550000.0
2320,4,2.5,9,2.0,"98065",451000.0
3090,5,3.75,1,2.0,"98166",540500.0
5050,5,3.5,14,2.0,"98075",1025000.0
1640,4,1.0,52,1.0,"98023",218000.0
2170,4,2.25,41,1.0,"98033",562000.0
3140,4,2.5,38,2.0,"98042",401500.0
1090,2,1.0,61,1.0,"98168",196700.0
1930,3,1.75,40,1.0,"98006",583000.0
2100,5,2.5,41,1.0,"98092",309900.0
3110,4,3.0,20,2.0,"98058",485000.0
930,3,1.0,89,1.0,"98118",465000.0
2050,4,2.25,31,2.0,"98052",595000.0
1160,3,1.0,57,1.0,"98058",254000.0
1820,3,2.75,21,2.0,"98011",488500.0
2110,4,2.5,38,2.0,"98058",260000.0
870,2,1.0,71,1.0,"98178",166000.0
1080,2,1.5,92,1.0,"98117",440000.0
1260,3,2.0,72,2.0,"98133",375000.0
900,2,1.0,71,1.0,"98199",529500.0
750,2,1.0,81,1.0,"98103",338000.0
1800,3,2.25,29,1.0,"98038",335620.0
2220,4,2.25,37,1.0,"98072",464000.0
1390,2,1.0,90,1.0,"98126",354000.0
2160,4,3.5,17,2.0,"98122",601000.0
1840,3,2.25,36,1.0,"98023",285000.0
1690,2,2.0,109,2.0,"98112",462500.0
2650,4,2.5,26,2.0,"98003",350000.0
1120,4,1.0,43,1.0,"98133",329000.0
2500,4,2.5,31,1.0,"98058",312500.0
2220,4,2.5,14,2.0,"98059",370000.0
1260,3,1.75,36,1.0,"98034",399900.0
1480,3,1.0,90,1.5,"98126",398000.0
930,2,1.5,106,1.0,"98116",550500.0
2780,3,2.75,102,1.5,"98118",709000.0
2770,5,2.75,50,1.0,"98106",402000.0
1530,3,1.5,63,1.0,"98155",450000.0
2140,3,2.25,54,1.0,"98117",524000.0
4600,4,2.75,26,1.0,"98045",800000.0
1760,4,1.0,49,1.0,"98055",185000.0
1760,4,1.0,49,1.0,"98055",365000.0
3110,4,2.5,26,2.0,"98115",925000.0
2260,3,1.75,47,1.0,"98008",714000.0
1460,3,2.0,43,1.0,"98052",495000.0
2050,3,2.25,25,1.0,"98133",535000.0
2340,4,2.5,62,1.0,"98040",880000.0
1230,3,1.5,66,1.0,"98168",150000.0
1880,3,2.25,43,1.0,"98008",554500.0
1280,3,1.75,99,1.5,"98117",520000.0
3660,4,2.75,1,2.0,"98053",839990.0
1650,3,2.5,12,2.0,"98053",500000.0
1960,2,1.0,79,1.5,"98001",305000.0
1580,3,2.5,12,2.0,"98118",247800.0
2490,4,2.5,15,2.0,"98042",344200.0
2000,4,2.5,12,2.0,"98011",459950.0
1550,4,1.75,48,1.0,"98030",229900.0
2820,4,2.25,41,1.0,"98008",750000.0
2600,4,2.5,32,1.0,"98028",509000.0
2200,4,1.0,59,1.0,"98028",680000.0
2500,5,2.5,38,1.0,"98052",661500.0
1270,2,1.0,15,3.0,"98136",370000.0
2900,4,2.75,37,1.0,"98052",785000.0
840,2,1.0,63,1.0,"98116",355000.0
1940,4,2.0,64,1.0,"98103",446000.0
3490,5,3.5,19,2.0,"98052",830000.0
1940,3,2.5,25,2.0,"98042",324000.0
2490,4,2.25,34,2.0,"98072",500000.0
1390,3,1.0,64,1.0,"98004",745000.0
3940,4,2.5,94,2.0,"98112",1197000.0
1760,2,2.5,27,1.0,"98072",385000.0
2560,3,2.25,57,1.0,"98125",565000.0
2300,4,2.5,36,1.0,"98133",465000.0
1770,3,3.25,14,3.0,"98125",401000.0
2310,3,1.75,37,1.0,"98030",385000.0
2310,3,2.5,26,2.0,"98055",395000.0
2000,5,1.5,69,1.5,"98168",245000.0
1540,3,2.0,21,1.0,"98122",500000.0
2590,5,1.75,36,1.0,"98055",334000.0
980,3,1.0,62,1.0,"98005",550000.0
1730,3,1.0,54,1.0,"98198",216000.0
3070,3,2.5,87,3.0,"98178",340500.0
2100,4,2.25,40,2.0,"98059",375000.0
2080,3,2.75,49,1.0,"98198",600000.0
1890,4,1.75,55,1.0,"98133",375000.0
2000,4,1.75,89,1.5,"98126",536500.0
3030,3,3.0,31,2.0,"98027",599900.0
1110,2,1.5,111,1.0,"98119",750000.0
1650,3,1.0,60,1.0,"98177",355000.0
1410,3,2.0,68,1.0,"98115",590000.0
2140,2,1.0,69,1.0,"98199",680000.0
1860,3,2.5,21,2.0,"98059",429000.0
1170,2,1.0,106,1.0,"98117",581000.0
980,3,1.5,47,1.0,"98033",463800.0
7400,5,5.5,14,2.0,"98006",2983000.0
1650,5,1.75,113,1.5,"98144",443000.0
1480,3,2.5,29,1.0,"98023",276200.0
4060,5,3.5,14,2.0,"98028",630000.0
1370,3,1.75,88,2.0,"98105",570000.0
2480,4,2.25,86,2.0,"98199",979700.0
2030,4,2.5,94,1.5,"98115",730000.0
2200,5,2.25,52,1.0,"98023",268450.0
1770,3,1.75,53,1.0,"98133",490000.0
2550,3,2.5,58,1.0,"98117",808000.0
1250,3,1.0,46,1.0,"98072",350000.0
2390,4,1.75,58,1.0,"98117",695000.0
5730,4,2.5,24,2.0,"98074",1228000.0
1120,1,1.0,65,1.5,"98168",309950.0
1270,3,1.0,73,1.0,"98168",134000.0
2390,4,2.5,27,2.0,"98029",645500.0
1760,3,2.0,88,1.5,"98119",750000.0
2560,3,2.5,48,2.0,"98112",1399000.0
1820,4,1.75,60,1.0,"98177",344900.0
1840,2,3.25,14,3.0,"98103",601450.0
1810,4,2.0,106,2.0,"98122",575000.0
2470,3,1.75,53,1.0,"98198",405000.0
2520,4,2.75,16,2.0,"98019",518000.0
1600,2,1.0,68,1.0,"98155",265000.0
1280,3,1.0,46,1.0,"98042",180000.0
1590,3,2.5,30,2.0,"98001",285000.0
2000,3,2.75,61,1.0,"98166",433000.0
1780,3,1.75,38,1.0,"98059",399000.0
1700,3,2.5,49,2.0,"98052",565000.0
1970,3,1.5,49,1.0,"98168",406500.0
1940,4,1.75,60,1.0,"98006",420000.0
3290,4,3.5,109,1.5,"98103",965000.0
3500,4,3.5,19,2.0,"98033",1375000.0
3260,5,2.25,33,2.0,"98023",353950.0
4230,5,3.25,19,2.0,"98027",847700.0
1590,5,1.0,73,1.5,"98146",185000.0
1010,2,1.5,92,1.0,"98178",269000.0
1820,3,1.75,39,1.0,"98072",422800.0
870,2,1.0,68,1.0,"98136",379950.0
1620,3,2.0,46,1.0,"98034",525000.0
3980,4,3.5,9,2.0,"98024",810000.0
1630,4,1.0,53,1.0,"98023",209950.0
1230,3,2.0,12,2.0,"98107",439950.0
3510,4,2.0,50,1.0,"98166",554820.0
2160,4,2.5,13,2.0,"98056",359000.0
1020,3,1.0,74,1.0,"98155",242500.0
1590,3,1.75,61,1.0,"98177",330000.0
3440,3,2.25,36,2.0,"98006",740000.0
3020,5,1.0,114,2.0,"98122",630000.0
2280,3,1.75,74,1.0,"98117",750000.0
2790,4,2.5,16,2.0,"98074",695000.0
580,2,0.5,74,1.0,"98118",109000.0
2030,3,1.5,54,1.0,"98055",389000.0
850,2,1.0,91,1.0,"98105",447000.0
2480,3,2.0,60,1.0,"98052",1200000.0
1010,3,1.75,38,1.0,"98011",315000.0
2420,3,2.5,27,2.0,"98029",640000.0
2180,3,2.25,31,2.0,"98074",570000.0
1830,3,2.75,18,2.0,"98070",495000.0
2040,5,2.75,46,1.0,"98034",449500.0
2640,4,2.75,72,2.0,"98105",1084500.0
1060,2,1.0,63,1.0,"98155",294950.0
1640,3,1.0,55,1.0,"98198",170500.0
1190,4,1.0,89,1.5,"98106",312000.0
2180,3,2.5,23,1.0,"98003",350000.0
2120,4,2.5,26,2.0,"98029",690000.0
2210,4,2.5,16,2.0,"98148",375000.0
2510,4,2.5,28,2.0,"98077",575000.0
2500,4,2.25,37,1.0,"98006",646000.0
1560,3,2.5,41,2.0,"98001",239950.0
2510,5,2.5,86,1.5,"98106",400000.0
3060,4,1.75,57,1.0,"98072",455000.0
1310,3,2.0,25,1.0,"98042",240000.0
2500,3,2.0,93,1.5,"98103",695000.0
670,2,1.0,73,1.0,"98126",304950.0
1840,3,1.75,101,1.0,"98109",650000.0
1480,3,1.75,20,2.0,"98103",402500.0
2420,3,2.5,17,2.0,"98065",482000.0
1820,3,2.0,92,1.0,"98105",655000.0
1940,5,2.75,64,2.0,"98107",577000.0
1630,3,2.5,29,2.0,"98055",350000.0
2520,4,2.25,45,1.0,"98023",415000.0
2120,4,2.5,32,2.0,"98014",396400.0
2490,3,2.5,15,2.0,"98074",654300.0
3410,4,2.5,11,2.0,"98010",774950.0
2380,4,2.0,90,2.0,"98118",855000.0
2490,3,2.5,97,2.0,"98109",1145000.0
1240,2,2.5,8,2.0,"98108",330000.0
1900,4,2.25,56,1.0,"98032",290000.0
2390,3,3.0,7,1.5,"98166",519500.0
1810,3,1.75,38,1.0,"98034",450000.0
1620,3,1.0,87,1.5,"98168",265000.0
2640,4,2.5,25,2.0,"98092",359000.0
2870,4,3.75,3,2.0,"98119",2000000.0
3250,4,2.5,30,1.0,"98074",1050000.0
800,2,1.0,69,1.0,"98107",402500.0
1360,3,1.75,58,1.0,"98008",450000.0
1950,5,2.25,35,1.0,"98003",262500.0
1970,4,2.25,36,2.0,"98092",285000.0
2020,3,2.5,10,2.0,"98058",290000.0
2280,2,2.5,10,1.0,"98053",752500.0
3540,4,2.75,17,2.0,"98075",820000.0
1560,3,2.5,16,2.0,"98059",292000.0
750,2,1.0,78,1.0,"98055",213000.0
2240,4,3.0,73,2.0,"98146",400000.0
590,1,0.75,71,1.0,"98118",202000.0
1580,3,2.0,34,1.0,"98005",617450.0
1040,3,1.0,59,1.0,"98166",250000.0
1880,5,1.75,52,1.0,"98034",405000.0
1070,2,1.0,64,1.0,"98055",325000.0
1860,3,3.0,61,1.0,"98178",301350.0
1550,2,1.75,75,1.0,"98136",425000.0
1860,3,1.0,61,1.0,"98136",460000.0
3090,3,2.5,23,2.0,"98006",938000.0
1720,3,1.75,30,1.0,"98058",348000.0
1260,2,1.0,89,1.5,"98115",435000.0
1120,3,1.5,52,1.0,"98031",227950.0
1250,2,1.0,67,1.0,"98117",425000.0
1810,3,2.0,90,1.5,"98103",550000.0
1890,3,2.5,23,2.0,"98031",347500.0
2020,4,1.75,56,1.0,"98144",397000.0
1790,4,1.75,46,1.0,"98027",410000.0
3190,3,3.5,17,2.0,"98074",780000.0
3030,4,3.25,90,1.5,"98112",1350000.0
1630,3,2.25,11,2.0,"98053",476000.0
1180,3,1.75,48,1.0,"98072",390000.0
1560,3,2.0,47,1.0,"98001",226500.0
1340,3,2.0,31,2.0,"98117",495000.0
2590,5,3.25,47,1.0,"98040",1500000.0
1020,3,1.0,65,1.0,"98106",385000.0
2370,3,2.5,12,2.0,"98065",535950.0
3170,4,2.5,26,2.5,"98053",910000.0
1120,2,1.0,89,1.0,"98105",465000.0
1440,3,1.75,32,1.0,"98074",495000.0
2170,4,2.0,95,1.5,"98002",250000.0
3490,4,2.25,87,2.0,"98199",1225000.0
1970,4,2.25,42,2.0,"98034",400000.0
2780,4,2.5,28,2.0,"98074",715000.0
2250,3,2.0,23,1.0,"98003",342000.0
1340,4,1.75,48,1.0,"98056",420000.0
1400,3,1.0,47,1.0,"98092",148226.0
1510,3,1.0,47,1.0,"98059",313000.0
1320,3,1.0,56,1.0,"98198",150000.0
820,2,1.0,61,1.0,"98168",150000.0
1080,2,1.0,57,1.0,"98058",230000.0
840,2,1.0,67,1.0,"98118",389100.0
2070,4,2.25,41,1.0,"98033",645000.0
1520,3,1.0,57,1.0,"98198",310000.0
1210,2,1.75,1,2.0,"98029",351358.0
3810,5,2.75,1,2.0,"98004",1700000.0
5370,4,3.5,13,2.0,"98075",1565000.0
1540,3,2.0,115,2.0,"98112",850000.0
2310,4,2.5,24,2.0,"98019",470000.0
1870,3,2.25,7,3.0,"98103",770000.0
1840,3,1.75,38,1.0,"98059",366000.0
2060,3,2.5,28,2.0,"98029",545000.0
1010,3,1.0,47,1.0,"98002",205000.0
1020,2,1.0,67,1.0,"98177",405000.0
2220,4,2.5,42,1.0,"98011",467000.0
1050,2,1.0,106,1.0,"98144",392500.0
3030,4,2.75,42,1.5,"98034",901000.0
1800,3,1.75,43,1.0,"98125",500000.0
1860,3,2.5,15,2.0,"98028",384950.0
4070,4,3.5,9,2.0,"98027",1700000.0
860,2,1.0,67,1.0,"98155",245000.0
3080,4,2.25,47,2.0,"98040",1165000.0
1280,3,1.5,32,2.0,"98002",184500.0
1540,2,2.0,29,1.5,"98023",269000.0
1530,3,2.5,17,2.0,"98007",570000.0
2350,4,1.75,54,1.0,"98040",850000.0
920,3,1.0,46,1.0,"98042",209000.0
1840,4,1.75,82,1.0,"98056",327000.0
1650,3,1.5,54,1.0,"98125",369500.0
1760,3,1.75,39,1.0,"98034",440000.0
3290,4,2.25,47,1.5,"98040",947500.0
1270,2,1.0,96,1.5,"98122",510000.0
1600,3,2.0,74,1.0,"98133",385000.0
2670,5,3.0,25,1.0,"98001",370000.0
1960,4,1.5,93,1.5,"98117",660000.0
3300,3,4.25,39,2.0,"98070",729000.0
2000,3,1.75,36,2.0,"98075",440000.0
2360,4,2.5,15,1.0,"98042",445000.0
1430,2,1.0,77,1.0,"98125",460000.0
2330,3,3.0,44,1.0,"98005",516000.0
2060,4,2.5,13,2.0,"98058",343888.0
2240,4,1.75,50,1.5,"98008",500000.0
2330,5,1.75,57,1.0,"98146",465000.0
2180,5,2.25,29,2.0,"98038",302000.0
1280,2,1.0,102,1.0,"98002",195000.0
2140,3,2.5,24,2.0,"98074",640000.0
2890,6,2.5,38,1.0,"98008",502000.0
1480,3,2.5,17,2.0,"98072",360000.0
1680,4,2.5,12,2.0,"98178",290500.0
2163,4,3.0,9,2.0,"98001",248000.0
2280,4,2.5,14,2.0,"98056",433000.0
820,2,1.0,35,1.0,"98112",480000.0
1330,3,1.0,58,1.0,"98125",410000.0
2310,4,2.75,9,2.0,"98038",309950.0
1290,3,2.0,25,1.0,"98042",253000.0
1630,3,1.75,44,1.0,"98045",280000.0
1410,3,1.0,57,1.0,"98052",440000.0
1240,5,1.75,61,1.0,"98006",333000.0
3100,3,2.5,13,2.0,"98075",759950.0
2020,3,2.25,36,2.0,"98045",345000.0
2500,4,2.5,8,2.0,"98038",350000.0
790,2,1.0,64,1.0,"98188",198000.0
2040,3,1.75,63,1.0,"98004",730000.0
1430,3,1.5,49,1.0,"98059",266200.0
2250,4,2.5,48,2.0,"98040",1060000.0
1070,2,1.0,67,1.0,"98058",95000.0
1300,3,1.75,34,1.0,"98074",430000.0
2560,4,2.25,42,2.0,"98034",650000.0
2190,3,2.5,11,2.0,"98038",379900.0
940,2,1.5,11,2.0,"98125",325000.0
1740,4,2.25,57,1.0,"98008",455000.0
2220,4,3.75,98,1.5,"98108",392000.0
1310,3,1.75,39,1.0,"98034",373000.0
2710,5,3.0,62,1.0,"98199",951250.0
1300,3,2.0,60,1.0,"98006",502000.0
1940,3,2.0,15,1.0,"98058",362500.0
1080,2,1.0,91,1.0,"98103",525000.0
2110,4,2.5,38,1.0,"98052",580000.0
1590,3,2.25,30,1.0,"98058",278000.0
910,2,1.0,92,1.0,"98126",422500.0
1590,4,2.0,115,1.0,"98119",783200.0
3290,4,2.5,12,2.0,"98075",715000.0
2010,3,2.5,1,2.0,"98029",472217.0
2060,3,2.5,16,2.0,"98032",244615.0
1120,3,1.0,72,1.0,"98105",549995.0
3550,4,3.75,11,2.0,"98075",959900.0
2000,3,1.75,50,1.0,"98070",367000.0
2680,5,3.0,25,2.0,"98058",375000.0
1290,2,2.25,8,3.0,"98107",500000.0
1290,2,2.25,8,3.0,"98107",489000.0
1150,3,2.0,15,2.0,"98136",340000.0
1880,3,1.75,58,1.0,"98144",562000.0
2400,3,2.5,13,2.0,"98019",489950.0
1920,3,2.25,47,1.0,"98052",652000.0
4350,4,3.25,16,2.0,"98042",472000.0
1910,4,2.5,52,1.0,"98059",333000.0
2000,3,1.5,62,1.0,"98177",560000.0
3290,4,3.5,25,2.0,"98198",799000.0
3480,5,2.25,36,2.0,"98006",860000.0
2410,4,2.5,26,2.0,"98092",449500.0
2820,4,3.0,24,2.0,"98075",692500.0
2710,4,1.75,39,1.0,"98006",925000.0
2080,3,2.25,12,1.5,"98042",267500.0
2200,4,2.5,5,2.0,"98019",396800.0
1180,4,1.5,46,1.0,"98092",220000.0
2120,3,1.75,56,1.0,"98177",892500.0
1460,3,2.0,40,1.0,"98052",455500.0
2110,3,1.75,54,1.0,"98040",743000.0
1790,4,1.5,64,1.0,"98155",338000.0
1340,3,1.75,37,1.0,"98045",332000.0
2460,3,1.0,97,1.5,"98112",563225.0
3760,4,3.5,25,2.0,"98077",1150000.0
1240,2,1.0,95,1.0,"98103",645000.0
2750,3,2.5,34,2.0,"98033",739000.0
2530,3,2.5,22,2.0,"98019",435000.0
3200,3,2.25,101,2.0,"98102",995000.0
2020,4,2.75,29,1.0,"98034",520000.0
3030,4,2.5,28,2.0,"98092",400000.0
2350,3,1.75,37,1.0,"98034",440000.0
1690,3,1.5,69,1.0,"98115",440000.0
1280,3,1.0,94,1.0,"98103",738000.0
1170,3,1.5,52,1.0,"98028",250000.0
2700,4,2.25,23,2.0,"98022",338150.0
1800,3,2.25,36,1.0,"98072",425000.0
3670,4,2.5,16,2.0,"98074",883000.0
2350,3,2.0,32,1.5,"98014",510000.0
3100,4,1.75,53,1.0,"98075",950000.0
1120,3,1.0,60,1.0,"98006",435000.0
1900,5,1.5,54,1.0,"98034",415000.0
1350,2,2.5,11,2.0,"98116",439000.0
1410,5,1.0,60,1.0,"98198",295832.0
1560,3,1.75,48,1.0,"98031",285000.0
1090,3,1.5,53,1.0,"98125",350000.0
1465,2,2.75,9,2.0,"98112",489000.0
1790,3,2.25,41,1.0,"98003",304500.0
1300,3,1.5,47,1.0,"98055",288000.0
1920,3,1.75,35,1.0,"98011",417000.0
1420,3,3.0,10,2.0,"98102",615000.0
3760,5,3.5,11,2.0,"98072",730000.0
930,2,1.0,37,1.0,"98198",178500.0
1580,4,2.0,50,1.0,"98198",300000.0
2170,4,2.5,60,1.0,"98178",415000.0
2040,3,1.75,56,1.0,"98166",452500.0
3430,4,2.75,10,1.0,"98065",1010000.0
2160,4,2.5,26,2.0,"98029",653000.0
2060,4,2.25,74,1.0,"98199",715000.0
1410,3,1.75,88,1.5,"98105",541000.0
1850,4,1.5,55,1.5,"98198",245000.0
1370,2,1.0,93,1.5,"98133",547000.0
3330,5,2.75,39,1.0,"98074",750000.0
1970,5,2.5,56,1.0,"98133",575000.0
1310,3,1.75,31,1.0,"98092",216000.0
1640,3,1.75,99,1.0,"98133",443000.0
1600,4,2.25,29,2.0,"98038",257700.0
1230,3,1.0,37,1.0,"98045",278000.0
2240,3,2.5,12,2.0,"98092",300000.0
2190,3,2.5,20,2.0,"98092",269100.0
990,3,1.0,86,1.5,"98133",402500.0
1010,2,1.5,34,2.0,"98056",306888.0
2920,4,2.5,37,2.0,"98007",795000.0
2310,4,2.5,12,2.0,"98056",525000.0
3470,3,2.5,27,2.0,"98040",1050000.0
1220,2,1.0,77,1.0,"98118",452000.0
1550,3,2.25,15,2.0,"98019",350000.0
2070,4,2.5,8,2.0,"98056",410000.0
2060,3,1.75,110,1.5,"98119",595000.0
1690,3,2.5,11,2.0,"98053",499000.0
2550,4,2.5,14,2.0,"98001",340000.0
3370,5,3.25,14,2.0,"98033",1065000.0
2230,4,3.0,24,2.0,"98030",460000.0
2382,4,2.5,4,2.0,"98003",345000.0
1620,3,2.25,25,2.0,"98038",280500.0
1140,3,1.0,89,1.5,"98115",704000.0
2140,3,2.5,25,2.0,"98027",545000.0
1900,3,1.5,53,1.0,"98056",335000.0
3370,4,3.0,27,1.0,"98117",1325000.0
2300,3,2.75,50,1.0,"98003",420000.0
2040,4,2.0,78,1.0,"98115",705000.0
1840,4,1.75,25,1.0,"98023",274900.0
2860,4,2.5,11,2.0,"98072",499950.0
1400,3,1.5,62,1.0,"98133",415250.0
990,3,1.0,57,1.0,"98002",222000.0
3120,3,2.0,35,1.0,"98042",375000.0
1640,3,2.5,20,2.0,"98031",300000.0
2820,3,1.75,95,1.0,"98146",456700.0
1970,3,2.75,100,1.5,"98136",925500.0
2840,5,2.5,40,1.0,"98059",375000.0
2370,3,2.5,22,2.0,"98042",420000.0
2610,3,2.5,11,2.0,"98072",575000.0
1340,3,2.0,100,1.0,"98144",335000.0
1300,4,2.0,57,1.0,"98122",428000.0
3340,4,2.5,38,1.0,"98077",655000.0
2630,3,3.0,9,2.0,"98052",738000.0
1960,5,1.75,50,1.0,"98133",415000.0
1090,3,1.0,70,1.0,"98126",392000.0
1550,2,1.0,74,1.0,"98117",555000.0
1770,3,2.5,10,2.0,"98055",260000.0
1390,3,1.0,75,1.5,"98024",392500.0
2979,3,2.5,22,2.0,"98006",912000.0
830,2,1.0,72,1.0,"98146",135000.0
1560,3,2.75,37,1.0,"98072",500000.0
1360,3,1.5,40,1.0,"98001",238000.0
1650,4,2.0,43,1.0,"98178",251000.0
1510,2,1.75,37,2.0,"98052",406500.0
3010,4,2.25,27,2.0,"98092",433495.0
1510,3,2.25,30,1.0,"98042",265000.0
1950,3,1.75,58,1.0,"98133",360000.0
1800,4,1.0,60,1.0,"98006",425000.0
2810,2,2.75,47,1.0,"98178",450000.0
1760,3,1.75,61,1.0,"98133",449900.0
2040,4,2.5,11,2.0,"98056",345000.0
1690,4,2.0,48,1.0,"98008",612500.0
1530,3,1.75,38,1.0,"98058",317000.0
1810,3,1.5,86,1.5,"98117",585000.0
1180,3,1.75,34,1.0,"98045",455000.0
4090,4,4.0,24,2.0,"98077",1035000.0
2250,4,2.25,47,2.0,"98052",497000.0
1070,3,1.75,23,1.0,"98023",226750.0
1820,4,2.0,65,1.0,"98155",385000.0
1080,3,0.75,67,1.0,"98146",205000.0
2760,4,2.5,26,2.0,"98075",745000.0
2550,4,2.5,10,2.0,"98038",371000.0
2080,4,2.5,24,2.0,"98029",545000.0
1280,3,1.0,84,1.5,"98133",443000.0
950,2,1.0,64,1.0,"98106",287000.0
1050,3,1.0,32,1.0,"98023",194000.0
1800,3,1.0,58,1.0,"98056",265000.0
3840,4,2.75,52,1.0,"98040",1135000.0
3674,4,3.25,28,2.0,"98166",699950.0
1710,4,1.0,65,1.5,"98125",433000.0
910,2,1.75,12,1.0,"98038",200000.0
1340,3,1.5,47,1.0,"98059",289571.0
2340,4,2.75,48,1.0,"98155",440000.0
1510,3,1.5,55,1.0,"98007",400000.0
2630,4,2.5,53,2.0,"98027",589000.0
3100,5,2.25,29,2.0,"98053",850000.0
940,3,1.0,112,1.5,"98122",520000.0
1370,2,2.25,15,2.0,"98102",555000.0
2480,3,2.5,11,2.0,"98065",470000.0
1068,2,1.5,25,2.0,"98028",207000.0
2390,4,2.75,39,1.0,"98003",379750.0
2170,4,1.75,65,1.0,"98117",709000.0
1520,3,2.5,22,1.0,"98092",240000.0
2210,4,1.5,62,1.0,"98166",445500.0
3200,5,2.5,56,1.0,"98199",1308000.0
1160,3,1.5,56,1.0,"98059",210000.0
2670,4,2.5,16,2.0,"98074",603000.0
2520,3,2.5,28,2.0,"98074",720000.0
760,2,1.0,68,1.5,"98168",92000.0
1310,3,1.75,114,2.0,"98107",600000.0
2750,4,2.5,67,1.0,"98146",725000.0
1790,5,2.25,54,1.0,"98155",409950.0
1790,3,2.5,26,2.0,"98074",515000.0
2400,4,2.5,47,1.0,"98058",495000.0
2420,4,2.25,42,2.0,"98040",998000.0
1710,3,1.75,29,1.0,"98033",630000.0
2000,3,1.75,43,1.0,"98177",410000.0
1580,3,2.25,36,1.0,"98006",602000.0
2310,4,2.75,35,1.0,"98006",750000.0
3580,4,3.0,24,2.5,"98007",711600.0
4320,4,4.0,9,2.0,"98027",1050000.0
2560,3,2.5,34,2.0,"98072",700500.0
3220,4,2.5,24,2.0,"98056",710000.0
1660,3,2.0,30,1.0,"98001",250000.0
2420,4,1.75,51,1.0,"98056",350000.0
2870,7,3.5,54,1.0,"98125",475000.0
830,2,1.0,95,1.0,"98118",200000.0
1710,4,2.25,43,1.0,"98034",450000.0
2600,5,2.5,10,2.0,"98058",316000.0
670,1,1.0,95,1.0,"98126",310000.0
1500,3,1.5,45,1.0,"98045",392000.0
1460,3,3.25,15,3.0,"98103",521000.0
1540,2,2.0,66,1.0,"98117",495000.0
1250,3,1.75,48,1.0,"98001",209000.0
2230,4,2.0,56,1.5,"98005",809950.0
1800,2,1.75,65,1.0,"98038",400000.0
2400,4,2.5,35,1.0,"98133",415000.0
2370,4,2.0,37,2.0,"98001",411000.0
1830,2,2.0,89,1.0,"98109",825000.0
1480,3,2.25,7,3.0,"98103",436000.0
2620,4,2.5,24,2.0,"98058",460000.0
1300,3,1.0,56,1.0,"98065",281000.0
3120,4,1.5,59,1.0,"98199",976000.0
2400,4,2.5,20,2.0,"98045",485000.0
1430,3,2.5,31,2.0,"98074",429000.0
2480,3,2.5,25,2.0,"98006",729000.0
2280,3,2.5,12,2.0,"98075",625000.0
1390,3,1.75,28,1.0,"98092",218500.0
1030,3,1.0,55,1.0,"98023",175000.0
1120,3,1.0,77,1.0,"98125",442500.0
1300,3,2.0,29,2.0,"98115",480000.0
2410,3,2.25,50,1.0,"98117",715500.0
1470,3,1.75,52,1.0,"98052",432500.0
4720,5,4.25,10,2.0,"98053",875000.0
2910,5,2.75,75,2.0,"98146",605000.0
5000,4,4.0,13,3.0,"98006",1688000.0
1690,3,2.25,33,1.0,"98178",318000.0
1000,2,1.0,68,1.0,"98133",311300.0
2400,5,2.75,23,1.0,"98188",325000.0
3330,5,3.5,7,2.0,"98006",795000.0
2060,4,2.25,53,1.0,"98006",558000.0
3090,4,2.5,20,2.0,"98023",370000.0
2350,4,2.5,22,2.0,"98074",598850.0
2180,3,2.5,21,2.0,"98056",515700.0
1870,3,2.5,12,2.0,"98011",458000.0
3530,3,2.25,30,2.5,"98042",583500.0
2460,4,2.5,12,2.0,"98034",653750.0
1650,3,2.5,4,2.0,"98038",299000.0
3480,5,3.0,39,1.0,"98027",532000.0
3176,3,2.75,30,2.0,"98198",819000.0
2420,4,2.25,48,1.0,"98146",945000.0
2260,4,2.5,32,1.0,"98074",608700.0
2380,4,2.0,66,1.0,"98199",812000.0
3400,5,2.5,56,1.0,"98133",464000.0
3770,4,2.5,26,2.0,"98053",950000.0
2672,4,2.5,10,2.0,"98115",700000.0
1180,3,1.0,76,1.0,"98117",435000.0
1810,3,1.5,61,1.0,"98001",229500.0
2610,3,3.0,63,1.5,"98166",1575000.0
1450,3,2.25,52,1.0,"98003",265000.0
1600,2,2.0,65,1.0,"98072",995000.0
2650,3,2.5,40,1.0,"98155",590000.0
2490,4,2.75,36,2.0,"98125",740000.0
850,2,0.75,106,1.0,"98108",360000.0
1820,4,2.0,39,1.0,"98136",548500.0
1960,3,1.75,95,1.0,"98115",599000.0
2350,3,1.75,37,1.0,"98074",615000.0
1320,3,1.75,27,1.0,"98168",292000.0
3720,4,2.5,27,2.0,"98053",899000.0
2210,3,1.5,103,1.0,"98136",500000.0
1910,3,2.5,12,1.5,"98074",580000.0
2840,4,2.5,17,2.0,"98028",580000.0
1320,3,1.0,95,1.0,"98107",594000.0
2440,3,2.5,34,1.0,"98052",500000.0
2420,4,2.5,27,1.0,"98029",550000.0
1180,3,1.75,22,1.0,"98038",275000.0
1820,3,2.25,32,2.0,"98058",390000.0
3760,3,3.0,105,2.5,"98116",1250000.0
1560,3,2.25,18,2.0,"98168",250000.0
1790,2,2.5,36,2.0,"98052",405000.0
1430,3,1.0,47,1.0,"98023",213950.0
1390,3,1.5,52,1.0,"98031",232000.0
990,3,1.0,56,1.0,"98002",207000.0
1880,3,1.75,27,1.0,"98001",310000.0
2520,3,2.5,25,3.0,"98106",540000.0
2060,4,1.5,95,1.5,"98103",750000.0
2150,4,2.5,10,2.0,"98056",392500.0
2500,5,2.5,53,1.0,"98003",305000.0
2390,3,2.5,31,2.0,"98052",735000.0
2400,4,2.5,25,2.0,"98074",575000.0
660,2,1.0,100,1.0,"98106",175000.0
1580,4,2.5,31,2.0,"98042",291000.0
3250,4,2.5,21,2.0,"98075",791500.0
1880,3,2.0,64,1.0,"98155",475000.0
1190,2,1.0,64,1.0,"98178",238950.0
1280,3,3.5,15,2.0,"98107",470000.0
2380,4,1.75,37,1.0,"98074",420000.0
2040,3,2.5,19,2.0,"98045",440000.0
1440,4,1.75,86,1.5,"98117",656000.0
2120,3,2.5,14,2.0,"98053",559950.0
990,2,2.0,80,1.0,"98122",600000.0
1710,3,1.0,43,1.0,"98001",255000.0
1840,4,1.5,58,1.5,"98106",210750.0
1150,4,1.0,106,1.5,"98109",485000.0
2250,3,2.5,20,2.0,"98038",390000.0
2460,3,2.5,45,1.0,"98059",405000.0
1540,4,1.0,110,1.5,"98116",462500.0
2210,4,2.25,37,1.0,"98059",435000.0
1440,3,2.5,12,2.0,"98053",440000.0
1790,3,1.75,37,1.0,"98023",299950.0
1120,2,1.5,45,2.0,"98122",440000.0
1260,3,2.5,40,1.0,"98045",312620.0
1180,3,1.5,34,1.0,"98074",372500.0
1730,3,2.5,21,2.0,"98003",297262.0
2250,4,3.0,52,1.0,"98005",735000.0
1550,3,1.5,93,2.0,"98177",430000.0
1070,2,1.75,20,1.5,"98014",241000.0
1460,3,1.0,46,1.0,"98042",201000.0
1060,2,1.0,105,1.0,"98115",570000.0
1840,4,1.75,48,1.0,"98052",538000.0
2440,3,2.5,4,2.0,"98052",729000.0
1700,4,1.75,60,1.0,"98006",331500.0
680,2,1.0,74,1.0,"98188",110700.0
1700,3,2.0,19,1.0,"98022",245000.0
2000,3,1.75,59,1.0,"98177",427000.0
2340,4,1.75,62,1.0,"98115",650500.0
1120,2,1.0,76,1.0,"98155",335900.0
1510,2,2.0,76,1.5,"98199",535000.0
2120,5,2.0,109,1.0,"98144",360000.0
1500,3,2.25,47,1.0,"98055",294900.0
1030,2,1.0,87,1.0,"98115",460000.0
5440,4,3.5,25,2.0,"98053",1769000.0
1150,2,1.0,110,1.0,"98112",463000.0
2420,5,1.5,53,1.0,"98022",332000.0
1750,4,2.0,72,1.0,"98056",199500.0
1750,4,2.0,72,1.0,"98056",247000.0
2170,4,2.5,23,2.0,"98019",442500.0
2540,3,2.0,8,1.0,"98022",600000.0
1690,3,2.5,10,2.0,"98053",449000.0
1600,4,1.0,89,1.5,"98115",725000.0
1060,3,1.0,54,1.0,"98058",215000.0
1990,2,1.75,67,1.0,"98115",582500.0
2210,4,2.25,47,2.0,"98032",305000.0
3090,4,2.75,56,2.0,"98042",734000.0
1050,3,2.0,29,1.0,"98019",300000.0
2550,5,1.75,55,1.0,"98027",525888.0
2095,4,2.5,105,1.5,"98116",711000.0
1520,3,1.75,37,1.0,"98155",360000.0
2750,5,2.5,28,2.0,"98031",357000.0
1200,3,1.75,55,1.0,"98002",235000.0
1830,3,1.75,87,1.0,"98040",550000.0
1160,3,1.0,58,1.0,"98133",324000.0
1750,3,2.0,26,1.0,"98133",420000.0
2400,4,2.5,12,2.0,"98059",450000.0
4140,5,3.5,11,2.0,"98027",825000.0
2115,4,2.25,17,2.0,"98002",272000.0
2580,3,2.0,25,1.5,"98166",481000.0
1220,3,1.0,88,1.0,"98117",500000.0
1630,2,1.5,75,1.0,"98107",448000.0
1350,2,2.0,11,1.0,"98053",480000.0
1690,3,2.5,11,2.0,"98053",475000.0
1700,2,2.25,10,2.0,"98029",472500.0
1890,4,2.25,36,1.0,"98003",291000.0
850,2,1.0,65,1.0,"98133",294000.0
2480,4,2.5,48,1.0,"98004",1013050.0
1690,3,2.5,13,2.0,"98053",442500.0
810,2,1.0,56,1.0,"98023",170000.0
3980,4,2.5,47,1.0,"98004",1582500.0
2580,3,2.25,90,2.0,"98144",665000.0
6085,5,4.5,15,3.0,"98014",1610000.0
2140,2,1.75,85,1.0,"98112",675000.0
1360,2,1.75,58,1.0,"98019",279900.0
1800,4,1.5,86,1.5,"98103",875000.0
1920,3,2.5,10,2.0,"98029",571000.0
860,3,1.0,88,1.5,"98133",320000.0
2340,3,2.5,29,1.0,"98038",525000.0
4040,8,2.75,53,1.0,"98004",1650000.0
1160,3,1.75,73,1.0,"98178",137900.0
1680,3,2.25,26,2.0,"98045",440000.0
1280,3,1.0,70,1.0,"98122",360000.0
1800,4,1.5,38,1.0,"98045",271000.0
4250,6,3.25,48,1.0,"98003",465000.0
2400,4,2.5,11,2.0,"98001",280000.0
940,2,1.0,73,1.0,"98103",283000.0
1110,3,1.0,35,1.0,"98052",411500.0
2420,3,2.25,48,1.0,"98023",282000.0
1850,3,2.5,10,2.5,"98199",535000.0
2020,4,2.5,72,2.0,"98199",554729.0
2020,4,2.5,72,2.0,"98199",868000.0
1830,3,2.5,24,1.0,"98045",427000.0
1920,4,1.75,61,1.0,"98125",455000.0
1280,2,1.75,62,1.0,"98033",595000.0
3130,4,2.5,11,2.0,"98038",400000.0
3920,4,2.5,18,2.0,"98075",770000.0
3100,4,2.75,96,2.0,"98122",742500.0
3220,4,2.5,42,1.0,"98006",1250000.0
1670,3,2.0,47,1.0,"98045",375000.0
2700,4,2.5,55,2.0,"98004",1557600.0
5461,4,2.0,51,1.0,"98032",545000.0
4400,4,3.25,12,2.0,"98075",1050000.0
2190,3,1.75,58,1.0,"98112",1565000.0
1200,4,1.5,45,1.5,"98092",178000.0
1470,3,1.75,26,1.0,"98031",262500.0
1650,3,1.75,115,1.5,"98107",730000.0
1840,5,1.75,67,1.0,"98166",395000.0
1210,3,1.0,56,1.0,"98008",355000.0
1870,3,2.5,26,2.0,"98023",299990.0
3890,4,3.25,14,1.5,"98038",1125000.0
2660,4,2.25,43,2.0,"98059",425000.0
1150,2,1.0,64,1.0,"98125",349000.0
1740,4,1.75,73,1.0,"98116",554950.0
2580,6,3.0,102,1.5,"98118",326000.0
1720,4,1.75,40,1.0,"98052",580000.0
2740,3,2.5,38,2.0,"98040",699000.0
2610,3,2.75,30,1.0,"98033",757000.0
1400,3,1.75,50,1.0,"98034",335000.0
2570,3,2.0,32,1.0,"98052",660000.0
2830,4,2.75,10,2.0,"98059",540000.0
2630,5,2.25,49,2.0,"98032",320000.0
1580,3,2.5,21,2.0,"98055",280000.0
1540,3,2.0,26,1.0,"98045",324000.0
2120,3,1.0,48,1.0,"98059",300000.0
1830,3,1.75,102,2.0,"98019",360000.0
2260,3,2.5,28,2.0,"98074",600000.0
2500,4,1.75,45,1.0,"98040",950000.0
1830,3,3.25,1,3.0,"98117",599950.0
1190,4,1.0,64,1.0,"98126",190000.0
2310,4,1.75,45,1.0,"98034",350000.0
1230,3,1.0,86,1.5,"98116",522000.0
2940,3,2.5,23,2.0,"98006",850000.0
1010,3,1.0,61,1.0,"98118",308000.0
2550,6,2.25,108,2.0,"98117",1020000.0
1480,3,1.0,77,1.5,"98103",397500.0
1460,3,1.75,38,1.0,"98023",186000.0
3110,5,3.0,38,1.0,"98011",436500.0
2140,3,2.0,87,1.0,"98103",710000.0
3450,5,3.25,110,2.0,"98122",1378600.0
1960,3,2.25,58,1.0,"98008",450000.0
1890,4,2.75,34,1.0,"98106",375000.0
2080,2,1.0,55,1.0,"98178",315000.0
1700,3,1.0,97,1.5,"98118",467500.0
1140,3,1.0,56,1.0,"98106",330000.0
3136,3,2.5,105,1.5,"98070",665000.0
2590,4,3.25,2,3.0,"98007",760000.0
1480,3,1.75,1,2.0,"98136",469000.0
1500,3,3.0,15,2.0,"98122",408000.0
2660,3,2.75,44,1.0,"98008",851000.0
1350,2,2.0,8,1.0,"98053",410000.0
860,2,1.0,72,1.0,"98024",235000.0
1000,2,1.0,99,1.0,"98055",207100.0
2480,4,2.5,56,1.0,"98028",560000.0
3860,3,2.75,31,2.0,"98006",903000.0
2140,3,1.75,110,2.0,"98112",998500.0
1820,4,1.75,56,1.5,"98032",268500.0
2220,2,1.75,45,1.0,"98072",494950.0
2660,4,2.5,16,2.0,"98004",1130000.0
1470,3,2.0,73,1.0,"98030",250000.0
2350,4,1.75,44,1.0,"98027",449000.0
2980,3,2.25,51,1.0,"98112",1225000.0
1870,4,2.0,49,1.0,"98055",325000.0
2430,5,3.0,58,1.0,"98008",506000.0
2790,4,2.5,12,2.0,"98027",751000.0
1370,3,2.5,22,2.0,"98045",280000.0
4470,4,2.25,27,2.0,"98072",1120000.0
2040,3,1.75,35,1.0,"98053",580000.0
2340,4,2.25,52,1.0,"98008",665000.0
2520,4,2.5,16,2.0,"98019",450000.0
1710,4,1.0,73,1.5,"98055",389900.0
1200,3,1.0,53,1.0,"98007",427000.0
1330,3,1.75,32,1.0,"98188",265000.0
1310,3,1.5,17,2.0,"98144",398000.0
3020,6,3.5,74,2.0,"98178",354000.0
2260,4,2.5,16,2.0,"98030",339950.0
790,2,1.0,67,1.0,"98115",399000.0
970,2,2.0,32,1.0,"98034",325000.0
2250,3,2.0,60,1.0,"98177",998800.0
1530,4,2.5,101,1.5,"98144",350000.0
1780,4,1.75,48,1.0,"98004",1000000.0
2120,3,2.5,10,2.0,"98053",561000.0
1500,2,1.0,89,1.0,"98133",245000.0
1500,2,1.0,89,1.0,"98133",570000.0
2390,4,3.0,84,1.5,"98103",845000.0
2390,4,2.5,19,2.0,"98010",314500.0
2920,3,1.75,34,1.0,"98006",650000.0
850,2,1.0,108,1.0,"98055",298000.0
930,2,1.0,111,1.0,"98122",500000.0
3340,4,2.5,17,2.0,"98126",870000.0
710,2,1.0,73,1.0,"98126",299000.0
2240,3,2.25,36,1.0,"98125",527000.0
1060,3,1.0,49,1.0,"98007",420000.0
2360,3,2.5,24,2.0,"98022",290000.0
3520,4,2.75,64,1.0,"98136",1662000.0
1730,3,1.75,38,1.0,"98052",499990.0
1170,3,1.75,72,1.0,"98106",315000.0
3680,4,2.25,34,2.0,"98042",425000.0
2900,3,2.5,28,2.0,"98077",630000.0
1290,3,1.75,44,1.5,"98034",365000.0
2010,4,2.75,114,2.0,"98199",774000.0
1490,3,1.5,65,1.0,"98155",368888.0
1930,4,2.5,21,2.0,"98038",339500.0
2240,4,1.75,59,1.0,"98133",344950.0
2320,3,2.0,63,1.0,"98166",450000.0
2990,4,2.75,1,2.0,"98052",814950.0
2200,4,2.5,12,2.0,"98042",299900.0
1500,3,2.0,48,1.0,"98058",315000.0
3860,3,1.75,45,1.0,"98155",880000.0
1430,3,1.5,38,1.0,"98042",195000.0
3750,5,2.75,14,2.0,"98074",910000.0
3100,5,2.5,13,2.0,"98019",540000.0
1870,3,2.5,10,2.0,"98042",306000.0
2040,4,2.25,37,1.0,"98023",272000.0
3700,5,3.5,65,2.0,"98105",1295000.0
3150,3,1.75,45,1.0,"98027",450000.0
1990,3,2.5,22,2.0,"98028",450000.0
1740,4,1.0,50,1.5,"98133",310000.0
2080,2,2.25,61,1.0,"98042",530000.0
2060,4,2.5,36,2.0,"98028",435000.0
1590,3,2.0,67,1.0,"98177",485000.0
1760,3,1.5,93,2.0,"98102",690000.0
1620,4,2.5,7,2.0,"98038",305000.0
1210,3,1.75,40,1.0,"98058",300000.0
2040,4,3.0,22,1.0,"98092",289950.0
2270,3,2.5,25,2.0,"98011",575000.0
6640,4,4.5,22,2.0,"98077",1820000.0
1060,3,1.5,53,1.0,"98023",219000.0
1940,4,3.0,67,1.0,"98155",265000.0
3070,5,3.25,9,2.0,"98103",1105000.0
930,3,1.0,72,1.0,"98166",200000.0
2180,4,2.75,56,1.0,"98146",545000.0
2130,3,2.5,24,2.0,"98058",378000.0
800,2,1.75,93,1.0,"98136",388000.0
2200,4,2.25,56,1.0,"98155",425000.0
1130,2,1.5,6,2.0,"98107",536000.0
1970,3,2.5,78,1.0,"98136",1175000.0
1680,3,2.5,1,2.0,"98119",629950.0
1470,4,1.75,60,1.0,"98125",465000.0
2390,4,2.25,46,1.0,"98072",545000.0
2300,4,2.5,36,2.0,"98008",592000.0
2280,4,2.0,58,1.0,"98038",446000.0
2640,5,2.5,12,2.0,"98053",632500.0
2430,4,1.75,41,1.0,"98155",459950.0
2470,4,2.5,26,2.0,"98092",485000.0
1440,3,1.0,50,1.0,"98168",255000.0
1320,3,2.0,40,1.0,"98031",251750.0
2810,3,2.5,14,2.0,"98074",725000.0
1370,3,3.25,10,3.0,"98107",460000.0
2000,3,2.5,34,1.0,"98116",625000.0
1980,3,1.75,42,1.0,"98008",530000.0
2050,3,2.5,13,2.0,"98168",394950.0
2320,4,1.75,56,1.0,"98178",324950.0
1960,3,2.25,12,2.0,"98118",330000.0
1910,4,1.75,29,1.0,"98030",220000.0
2030,3,3.25,35,2.0,"98052",685000.0
2210,3,2.25,43,1.0,"98177",500000.0
2610,4,2.75,50,1.0,"98188",368000.0
2520,3,2.25,25,2.0,"98033",825000.0
1840,6,1.75,115,1.0,"98122",660000.0
1570,3,1.75,44,1.0,"98031",253000.0
2400,4,2.75,62,1.0,"98042",392500.0
1930,3,1.75,37,2.0,"98177",605000.0
1160,3,1.0,46,1.0,"98038",215000.0
2820,4,2.5,30,2.0,"98052",650000.0
3060,4,2.0,93,2.0,"98144",877500.0
1320,3,1.0,54,1.0,"98023",232500.0
1200,2,2.0,12,2.0,"98038",234000.0
1560,3,1.75,45,1.0,"98042",380000.0
3070,5,2.25,32,1.0,"98001",420000.0
1040,3,1.0,37,1.0,"98053",399950.0
1990,3,2.5,46,1.0,"98042",256750.0
1690,3,2.5,31,2.0,"98027",535000.0
1810,3,2.0,36,2.0,"98008",515000.0
2520,4,1.75,62,1.0,"98004",770000.0
1570,3,2.5,19,1.0,"98001",256000.0
1680,3,1.0,75,1.0,"98117",489900.0
1250,3,1.5,37,1.0,"98032",165000.0
1280,3,1.5,53,1.0,"98031",220000.0
4620,4,2.5,24,2.0,"98023",575000.0
1580,3,2.5,11,2.0,"98072",375000.0
1650,3,1.75,38,2.0,"98155",422250.0
1660,3,1.75,34,1.0,"98011",420000.0
2410,4,2.5,22,2.0,"98074",608000.0
1720,3,2.25,94,1.5,"98105",620000.0
3120,3,2.5,32,2.0,"98006",850000.0
2680,4,2.5,41,1.0,"98027",463000.0
2640,5,1.75,61,1.0,"98178",750000.0
3730,3,3.25,26,2.0,"98077",1070000.0
1700,3,2.0,29,1.0,"98038",290000.0
2280,4,1.75,68,1.0,"98116",525000.0
1220,3,2.25,29,2.0,"98034",319000.0
3500,6,4.5,35,2.0,"98155",592500.0
2010,3,2.5,38,2.0,"98070",350000.0
2130,3,1.75,42,1.0,"98027",454900.0
1800,4,2.25,23,2.0,"98022",272000.0
1070,3,1.0,54,1.0,"98033",357500.0
1020,3,1.75,61,1.0,"98118",285000.0
1600,4,2.0,21,1.0,"98003",280000.0
1380,4,1.5,87,1.0,"98125",477000.0
3270,3,2.25,33,2.0,"98056",750000.0
2100,4,2.5,108,2.0,"98107",595000.0
2110,3,2.25,14,3.0,"98103",525000.0
1640,3,1.75,49,1.0,"98070",319000.0
1320,3,2.0,29,1.0,"98023",225000.0
2420,4,2.5,57,1.0,"98028",485000.0
1390,3,1.0,107,1.5,"98115",341000.0
2320,3,3.25,1,2.0,"98125",674000.0
2170,3,2.5,12,2.0,"98059",442250.0
2710,4,2.25,38,2.0,"98077",591000.0
1450,3,2.0,17,1.0,"98042",276000.0
1370,3,2.5,27,1.0,"98034",394000.0
1810,3,2.5,14,1.0,"98019",355000.0
1420,3,2.5,52,1.0,"98032",260000.0
2090,3,2.75,28,1.0,"98023",300000.0
2090,3,2.75,28,1.0,"98023",310000.0
1330,3,1.0,39,1.0,"98023",209000.0
1330,3,2.0,30,1.0,"98034",344950.0
1910,5,2.0,64,1.0,"98178",230000.0
2310,3,1.75,37,1.0,"98032",336950.0
2500,3,2.75,67,1.0,"98177",700000.0
1310,3,2.0,28,1.0,"98038",230000.0
2040,4,2.5,21,2.0,"98014",443500.0
2040,4,2.5,21,2.0,"98014",471000.0
2400,3,2.25,53,1.0,"98115",595000.0
1400,3,1.0,86,1.5,"98117",470000.0
1700,4,1.75,40,1.0,"98052",600000.0
3160,4,3.75,18,2.5,"98040",1381000.0
1340,3,1.75,30,1.0,"98034",427800.0
1470,4,2.0,50,1.0,"98008",445000.0
1790,3,1.75,62,1.0,"98133",382000.0
1560,3,1.5,26,1.0,"98074",577000.0
2620,3,2.5,25,2.0,"98038",427000.0
1580,3,1.0,53,1.0,"98198",255000.0
1090,3,1.0,54,1.0,"98014",240000.0
3240,5,3.25,76,1.5,"98115",1234580.0
2520,4,1.75,60,1.0,"98056",435000.0
2230,3,1.75,66,1.0,"98004",1450000.0
2430,4,3.0,13,2.0,"98038",425000.0
1020,2,1.0,92,1.0,"98136",393000.0
1810,4,1.0,56,1.0,"98168",264950.0
3460,4,2.5,28,2.0,"98074",746500.0
2020,3,1.0,59,1.0,"98125",450000.0
1410,3,2.0,32,1.0,"98058",229950.0
750,2,1.0,82,1.0,"98108",425000.0
5300,4,2.5,92,2.0,"98105",2555000.0
4380,4,3.5,22,1.5,"98077",1400000.0
2290,3,2.25,31,2.0,"98006",753000.0
720,2,1.0,72,1.0,"98136",310000.0
1200,2,1.0,66,1.0,"98118",395000.0
2620,3,2.5,30,1.0,"98052",725000.0
2120,4,3.0,51,2.0,"98007",295000.0
1580,3,1.75,48,1.0,"98003",225000.0
4160,3,3.25,14,3.0,"98040",1699000.0
1830,3,2.25,36,1.0,"98034",431000.0
2000,3,2.5,17,1.0,"98042",358500.0
980,2,1.0,108,1.0,"98119",595000.0
3040,4,2.5,15,2.0,"98019",468000.0
1740,4,1.0,53,1.0,"98058",260000.0
1450,3,2.0,60,1.5,"98133",375000.0
1560,3,2.5,12,2.0,"98038",295000.0
2050,4,2.5,29,1.0,"98198",403900.0
1760,3,1.75,59,1.0,"98002",269950.0
1740,3,3.5,17,2.0,"98122",640000.0
910,3,1.0,49,1.0,"98148",221000.0
1700,3,1.75,28,1.0,"98030",255000.0
2620,4,2.5,7,2.0,"98042",300000.0
1500,3,2.25,42,1.0,"98058",270000.0
1630,4,1.75,68,1.0,"98116",575000.0
1370,3,1.5,47,1.0,"98001",246900.0
1390,2,2.5,9,2.0,"98102",635000.0
1540,3,2.0,115,1.0,"98077",450000.0
1190,3,1.0,47,1.0,"98042",215000.0
4500,3,3.5,11,2.0,"98092",785000.0
2370,4,3.0,38,1.0,"98125",522500.0
1360,2,1.5,37,2.0,"98092",150000.0
870,2,1.75,69,1.0,"98001",199950.0
4850,4,4.25,26,2.0,"98034",3000000.0
3110,3,2.0,16,2.0,"98058",379900.0
3700,4,2.5,9,2.0,"98029",950000.0
3500,6,2.75,106,2.0,"98117",865000.0
1670,3,1.75,54,1.0,"98040",785000.0
1640,3,2.25,47,1.0,"98032",245700.0
3400,3,2.25,54,1.0,"98118",951000.0
2060,3,1.75,64,1.0,"98118",499950.0
1330,3,1.75,26,1.0,"98092",257000.0
2330,3,2.0,115,1.5,"98122",549000.0
3040,3,2.75,35,2.0,"98004",1600000.0
3700,5,3.75,32,3.0,"98115",1400000.0
1990,3,2.0,88,1.5,"98144",619000.0
2020,5,3.0,22,1.0,"98108",311000.0
2980,5,2.25,55,1.0,"98125",600000.0
3990,4,3.5,7,2.0,"98006",1080000.0
790,2,1.0,66,1.0,"98122",436000.0
1060,2,1.0,74,1.0,"98168",205000.0
2260,3,2.25,53,1.0,"98072",514000.0
1900,2,2.5,9,2.0,"98053",530000.0
3361,5,2.5,9,2.0,"98092",511000.0
3550,4,1.75,53,2.0,"98039",2100000.0
2740,5,2.5,10,2.0,"98031",370000.0
2040,4,1.75,72,1.0,"98136",500000.0
4070,4,2.5,17,2.0,"98038",710000.0
720,1,1.0,104,1.0,"98103",270000.0
2000,3,1.75,56,1.5,"98133",415000.0
4400,5,4.5,12,2.0,"98004",1800000.0
1300,3,1.75,48,1.0,"98003",236000.0
1420,2,2.5,11,2.0,"98059",278000.0
1540,3,2.25,61,1.0,"98115",312000.0
1540,3,2.25,61,1.0,"98115",539000.0
2360,3,3.0,32,2.0,"98125",498000.0
3720,4,3.0,24,2.0,"98033",857000.0
1690,3,1.75,37,1.0,"98040",780000.0
2300,3,2.0,77,1.0,"98199",650000.0
1650,4,1.75,42,1.0,"98027",559500.0
990,2,1.0,67,1.0,"98178",219950.0
2130,4,2.25,38,2.0,"98006",671500.0
3320,4,2.5,16,2.0,"98074",813000.0
1960,3,2.25,50,1.0,"98003",182000.0
770,2,1.0,102,1.0,"98072",203700.0
2010,4,1.75,113,1.5,"98119",740000.0
800,2,1.0,73,1.0,"98058",230000.0
910,3,1.0,60,1.0,"98003",128000.0
1200,3,1.0,63,1.0,"98155",345000.0
3570,4,2.5,10,2.0,"98075",663000.0
1820,3,2.5,32,2.0,"98055",329950.0
2930,3,2.25,16,3.0,"98117",1047500.0
1480,3,1.75,89,1.0,"98115",402300.0
3305,4,2.5,93,1.5,"98133",492000.0
2230,4,2.5,9,1.0,"98059",448000.0
1560,3,1.0,60,1.0,"98188",273000.0
1030,3,1.0,67,1.0,"98126",335000.0
2380,3,3.75,88,1.5,"98112",695000.0
1010,3,1.0,67,1.0,"98155",279000.0
2060,2,1.75,86,1.0,"98115",485000.0
2370,4,2.5,49,2.0,"98055",383000.0
2242,4,2.5,20,2.0,"98028",490000.0
1078,2,1.5,25,2.0,"98028",240000.0
890,2,1.0,72,1.0,"98125",285000.0
2700,3,1.5,38,2.0,"98019",524950.0
2450,4,2.5,30,2.0,"98052",729000.0
1420,3,1.75,55,1.0,"98007",460000.0
1280,3,1.5,111,1.5,"98122",687500.0
2910,5,2.75,43,1.0,"98006",1168000.0
2430,4,2.25,36,2.0,"98006",825000.0
1860,2,2.5,12,2.0,"98038",314950.0
1800,3,2.0,59,1.0,"98033",470000.0
1960,3,1.5,57,1.0,"98006",500000.0
1550,3,1.5,90,1.5,"98166",313000.0
840,2,1.0,89,1.0,"98117",445000.0
2080,4,1.75,48,1.0,"98032",300000.0
2210,4,2.5,103,1.5,"98126",619500.0
1210,3,1.5,32,1.0,"98106",305000.0
1350,3,2.5,8,3.0,"98119",874000.0
1860,3,2.0,24,2.0,"98029",477500.0
1940,3,2.0,89,1.0,"98107",700000.0
3400,4,3.5,10,2.0,"98038",515000.0
2240,4,2.5,24,2.0,"98133",590000.0
1170,3,1.75,34,1.0,"98042",205000.0
3130,3,3.25,28,2.0,"98023",310000.0
1510,2,2.25,28,2.0,"98074",442500.0
3740,4,3.5,15,2.0,"98072",1078500.0
2690,4,2.5,35,2.0,"98038",530000.0
1760,4,1.75,65,1.0,"98178",343500.0
2180,4,1.75,104,1.5,"98118",334900.0
1560,4,1.75,46,1.0,"98052",544300.0
1780,3,2.5,14,2.0,"98155",370000.0
1260,3,1.75,21,1.0,"98038",245000.0
1570,4,1.75,87,1.5,"98136",535000.0
740,2,1.0,69,1.0,"98168",202000.0
2020,4,2.25,77,2.0,"98117",490000.0
1500,4,1.5,86,2.0,"98103",651500.0
1670,4,2.5,54,1.0,"98168",270000.0
3620,3,3.5,16,2.0,"98006",1164000.0
1010,2,1.5,8,2.0,"98118",289000.0
1460,3,1.5,38,1.0,"98010",240000.0
1790,3,1.75,75,1.0,"98199",790000.0
1760,3,2.25,20,2.0,"98019",350000.0
1790,3,3.5,9,2.0,"98108",246950.0
1050,3,1.0,63,1.0,"98116",400000.0
2590,4,2.5,12,2.0,"98028",533000.0
1040,3,1.0,53,1.0,"98042",198400.0
4060,4,2.5,8,2.0,"98038",495000.0
3190,4,2.5,25,2.0,"98077",862000.0
3190,4,2.5,25,2.0,"98077",870000.0
2180,4,1.75,49,1.0,"98040",875000.0
2120,6,3.5,36,2.0,"98055",317000.0
2110,4,2.75,24,2.0,"98031",325000.0
1210,2,1.5,108,1.5,"98117",615000.0
2410,4,2.5,23,2.0,"98003",334950.0
1980,3,2.5,26,2.0,"98033",775000.0
2370,4,2.5,48,1.0,"98006",600000.0
1720,3,1.75,84,1.5,"98103",565000.0
750,2,1.0,73,1.0,"98126",292500.0
2510,3,2.25,47,1.0,"98115",825000.0
2577,3,2.5,15,2.0,"98092",495000.0
1540,3,1.5,74,2.0,"98126",525000.0
720,1,1.0,105,1.0,"98103",438600.0
1810,3,2.25,31,1.0,"98074",507000.0
1380,3,1.75,48,1.0,"98003",275900.0
2570,4,2.5,15,2.0,"98004",1170000.0
1690,4,1.75,58,1.0,"98178",275000.0
1420,3,0.75,92,1.0,"98103",355000.0
2130,4,2.0,47,1.0,"98001",233000.0
3000,3,2.5,97,1.5,"98144",666000.0
2150,4,2.5,36,1.0,"98059",317500.0
2280,4,2.0,26,1.0,"98198",420000.0
1560,4,2.0,73,2.0,"98168",290000.0
1880,3,2.0,63,1.0,"98059",320000.0
2320,3,2.5,11,2.0,"98075",650000.0
1010,3,1.75,48,1.0,"98034",325000.0
1120,3,1.0,98,1.0,"98146",165000.0
1560,3,1.75,54,1.0,"98005",500000.0
1860,4,1.5,51,1.0,"98034",443000.0
1150,3,1.5,52,1.0,"98055",213400.0
1920,4,1.75,51,1.0,"98008",480000.0
2490,4,2.25,37,1.0,"98023",275000.0
1460,3,2.5,15,2.0,"98108",299880.0
4290,5,3.0,43,1.0,"98040",1705000.0
2230,4,2.75,55,1.0,"98027",550000.0
2070,4,2.5,12,2.0,"98092",300000.0
2480,3,1.75,67,1.0,"98122",920000.0
4110,4,3.25,14,2.0,"98115",2300000.0
2290,4,2.75,87,1.5,"98115",620000.0
1220,3,1.0,56,1.0,"98022",253500.0
2620,4,2.75,89,1.5,"98144",978000.0
3190,4,2.5,36,2.0,"98058",387500.0
850,3,1.0,67,1.0,"98155",325000.0
2140,4,2.5,19,2.0,"98133",525000.0
2070,3,2.5,19,2.0,"98056",560000.0
1680,3,2.5,7,2.0,"98053",394000.0
1000,2,1.0,99,1.0,"98107",484950.0
3340,3,2.75,59,1.0,"98105",1295000.0
1260,3,2.5,16,2.0,"98059",315000.0
2430,4,2.25,22,1.0,"98077",590000.0
560,1,1.0,68,1.0,"98146",106000.0
3380,3,2.5,21,2.0,"98059",751000.0
1100,2,1.0,107,1.0,"98115",474000.0
1700,2,2.0,88,1.0,"98002",189000.0
1600,3,2.5,13,2.0,"98053",440500.0
2605,3,2.5,36,2.0,"98033",1017000.0
1850,2,2.0,5,1.0,"98053",589000.0
1830,3,2.25,29,2.0,"98092",273000.0
3050,3,3.25,53,1.0,"98198",950000.0
1240,2,1.5,48,2.0,"98008",277700.0
2100,3,2.25,31,2.0,"98001",299900.0
1250,3,1.0,56,1.0,"98056",235000.0
1230,2,2.0,63,2.0,"98133",464000.0
1690,3,1.75,27,1.0,"98023",281000.0
1520,3,1.0,64,1.5,"98155",320000.0
1890,4,2.0,18,2.0,"98030",282000.0
1990,4,1.75,43,1.0,"98006",745000.0
1480,3,1.75,35,1.0,"98023",245000.0
1480,3,1.75,35,1.0,"98023",250000.0
2120,3,2.5,10,2.0,"98052",470000.0
1480,3,3.5,8,2.0,"98109",216650.0
1250,3,1.0,40,1.0,"98052",440000.0
2010,4,2.5,26,2.0,"98029",590000.0
3150,5,2.5,40,1.0,"98005",935000.0
3010,3,3.5,15,2.0,"98007",848000.0
3920,5,4.25,15,2.0,"98029",827500.0
2880,6,3.0,96,2.0,"98103",1125000.0
2550,2,2.25,4,1.0,"98056",630000.0
1120,5,1.0,53,1.5,"98034",340000.0
3140,4,2.75,47,1.0,"98034",570000.0
4130,4,4.0,22,2.0,"98075",2750000.0
2990,4,2.5,39,1.0,"98003",514500.0
1120,2,1.0,75,1.0,"98136",360000.0
1570,4,1.5,72,1.0,"98166",228900.0
2210,3,2.75,7,2.0,"98053",660000.0
2390,4,2.5,15,2.0,"98075",647000.0
1520,3,1.75,39,1.0,"98011",366000.0
1830,5,1.75,53,1.0,"98106",354000.0
2640,4,3.5,78,2.0,"98136",850000.0
1740,3,2.5,26,2.0,"98029",496700.0
1550,3,2.0,50,1.0,"98055",300000.0
1040,3,1.0,54,1.0,"98033",390000.0
1640,3,2.25,30,2.0,"98007",350000.0
1640,3,2.25,30,2.0,"98007",561000.0
1260,3,1.75,61,1.0,"98006",475000.0
1170,3,1.5,8,2.0,"98126",275000.0
1590,3,1.75,35,1.0,"98038",290000.0
1750,3,2.5,22,1.0,"98038",199000.0
1770,4,2.5,14,2.0,"98042",279900.0
3530,4,2.25,75,2.0,"98105",1655000.0
2160,3,2.5,37,1.0,"98133",405000.0
2360,4,2.25,38,1.0,"98074",615000.0
1980,3,1.75,37,1.0,"98023",268000.0
1620,4,1.5,60,1.5,"98125",451000.0
2700,2,2.75,3,1.0,"98053",850000.0
3270,5,2.25,47,2.0,"98040",1180000.0
870,2,1.0,74,1.0,"98106",245000.0
840,2,1.75,103,1.0,"98107",450000.0
1340,3,3.5,13,2.0,"98133",370350.0
1540,3,2.5,11,3.0,"98103",543000.0
1650,2,2.0,73,1.0,"98146",265000.0
2630,3,2.5,14,2.0,"98065",497000.0
1880,4,2.25,36,1.0,"98028",419000.0
1980,4,2.5,26,2.0,"98029",545800.0
1500,3,1.0,38,1.0,"98053",403000.0
1230,3,2.0,56,1.5,"98168",195000.0
2520,4,2.5,90,2.0,"98119",1125000.0
1970,5,1.75,38,1.0,"98002",255000.0
1520,2,1.5,64,1.0,"98125",500000.0
2600,4,2.75,55,1.0,"98199",855000.0
2290,4,2.0,95,1.5,"98166",390000.0
1979,3,2.0,59,1.0,"98198",339000.0
2170,4,3.5,110,2.0,"98115",1325000.0
1820,4,1.5,53,1.0,"98056",429900.0
1200,3,1.5,40,1.0,"98011",370900.0
1210,3,1.0,63,1.0,"98118",457500.0
1970,4,2.5,16,2.0,"98144",499000.0
1040,2,1.0,68,1.0,"98003",225000.0
1920,3,1.75,65,1.0,"98102",615000.0
1020,2,1.5,14,3.0,"98115",455000.0
1660,3,1.0,75,1.0,"98125",458000.0
1670,3,2.25,41,1.0,"98005",580000.0
3810,5,4.5,7,2.0,"98074",966000.0
2020,4,1.75,61,1.0,"98168",240000.0
420,1,1.0,66,1.0,"98136",229050.0
1390,3,2.25,11,3.0,"98125",328500.0
2010,3,1.5,51,1.0,"98168",319000.0
1820,4,2.0,70,1.5,"98115",650000.0
1630,3,2.5,19,2.0,"98177",398500.0
800,1,1.0,84,1.0,"98168",250000.0
2270,3,2.0,47,1.0,"98040",815000.0
2290,3,2.75,20,2.0,"98033",1065000.0
2750,3,2.25,34,2.0,"98014",510000.0
590,2,1.75,68,1.0,"98118",156000.0
2570,4,2.75,17,2.0,"98092",254500.0
2050,3,2.5,55,1.0,"98177",760000.0
1610,3,2.5,21,2.0,"98030",210000.0
2140,3,2.5,24,2.0,"98198",349950.0
1730,3,2.0,73,2.5,"98199",676000.0
2440,4,3.5,9,2.0,"98108",475000.0
3220,4,2.75,84,1.5,"98105",880000.0
4330,4,3.25,18,2.0,"98074",1209000.0
1780,3,1.5,57,1.0,"98118",420000.0
1230,3,1.0,64,1.0,"98004",607000.0
2160,4,1.75,34,2.0,"98011",475000.0
1400,2,1.75,99,1.0,"98116",395000.0
1900,4,1.75,61,1.0,"98004",650000.0
2910,5,2.75,49,1.0,"98027",625000.0
2960,3,3.0,20,2.0,"98052",849000.0
2010,3,1.5,64,1.0,"98125",429950.0
3760,3,2.5,13,2.0,"98029",825000.0
1020,2,1.0,99,1.0,"98117",505000.0
1290,2,1.0,7,2.0,"98053",265000.0
890,3,1.0,61,1.0,"98056",283000.0
1620,3,2.75,36,1.0,"98074",560000.0
3360,4,2.5,28,2.0,"98074",765000.0
2930,5,2.75,40,1.0,"98006",610000.0
2940,3,2.5,19,1.0,"98033",589000.0
1080,3,1.0,115,1.5,"98168",192500.0
1010,3,1.0,75,1.0,"98115",550000.0
1790,2,1.5,87,1.5,"98117",460000.0
2060,4,2.25,53,1.0,"98023",264500.0
1150,3,1.0,68,1.0,"98126",339000.0
4030,4,3.5,23,3.0,"98199",950000.0
2020,3,1.75,59,1.0,"98040",677500.0
2740,4,2.5,16,2.0,"98074",690000.0
1930,4,2.25,31,1.0,"98031",312000.0
2500,5,1.75,49,1.0,"98040",840000.0
2080,3,3.5,11,2.0,"98038",357500.0
1460,3,1.5,75,1.0,"98117",675000.0
3290,3,2.75,27,2.0,"98023",515000.0
1540,4,2.5,1,2.0,"98029",491234.0
1310,3,2.0,27,1.0,"98038",290000.0
2120,4,2.5,40,1.0,"98052",490000.0
2920,4,2.0,51,1.0,"98005",810000.0
1150,3,1.5,59,1.0,"98166",252000.0
2380,3,2.5,14,2.0,"98001",299999.0
2220,3,2.75,22,2.0,"98108",400000.0
3020,5,2.0,90,1.5,"98126",530000.0
2460,3,2.0,60,1.0,"98198",357000.0
1820,3,1.75,76,1.0,"98103",365000.0
2620,4,2.5,10,2.0,"98116",804000.0
1750,3,2.0,101,1.0,"98119",808250.0
2020,4,2.5,21,2.0,"98031",360000.0
1240,3,1.75,28,1.0,"98042",240000.0
1380,2,2.0,27,1.0,"98011",335000.0
1920,3,1.75,62,1.0,"98166",380000.0
1680,3,1.75,75,1.0,"98019",350000.0
1400,3,1.0,51,1.0,"98055",194000.0
1240,3,1.0,79,1.0,"98011",310000.0
1410,3,1.75,35,1.0,"98014",315000.0
1440,3,1.75,30,1.0,"98023",258950.0
1230,2,2.25,11,2.0,"98112",479000.0
1550,5,1.5,49,1.0,"98033",510000.0
1760,3,2.0,48,1.0,"98072",400000.0
5000,4,3.5,11,2.0,"98029",1450000.0
2140,5,2.0,102,1.5,"98122",680000.0
3510,6,3.0,109,2.5,"98112",1750000.0
2010,3,1.75,48,1.0,"98030",335000.0
3390,5,2.5,37,1.0,"98058",460000.0
2160,4,2.25,49,1.0,"98006",440000.0
1300,2,2.0,9,1.0,"98053",412250.0
1280,3,1.5,30,2.0,"98002",185000.0
1840,3,2.0,40,1.0,"98003",286500.0
3200,4,2.5,13,2.0,"98038",422000.0
2800,3,2.25,30,2.0,"98042",408000.0
1390,2,1.0,66,1.0,"98198",306500.0
2600,4,2.5,10,2.0,"98038",359900.0
1960,3,2.5,13,2.0,"98053",560000.0
1250,3,1.0,45,1.0,"98053",259875.0
1250,3,1.0,45,1.0,"98053",385000.0
550,1,1.0,70,1.0,"98106",188000.0
2500,4,3.25,89,1.5,"98112",1142000.0
1250,3,1.0,88,1.0,"98045",255000.0
3020,4,2.75,39,2.0,"98004",1185000.0
1640,4,1.75,94,1.0,"98117",635200.0
1870,3,1.75,59,2.0,"98188",355000.0
1760,3,2.5,17,3.5,"98105",544000.0
1320,3,1.5,17,2.0,"98144",402000.0
1430,4,1.5,105,1.5,"98199",575000.0
1580,3,1.75,38,1.0,"98042",216000.0
4170,4,3.5,11,2.0,"98059",1200000.0
3090,4,3.25,92,2.0,"98177",850000.0
1020,3,2.0,11,2.0,"98126",238000.0
2180,4,1.75,103,1.5,"98112",625000.0
3350,5,3.25,18,2.0,"98105",1110000.0
2510,3,2.5,20,2.0,"98136",820000.0
1880,3,2.5,41,1.0,"98108",355000.0
1810,4,1.5,55,1.0,"98125",495000.0
4170,5,2.5,24,2.0,"98006",1300000.0
2230,3,2.5,61,2.0,"98144",398750.0
3650,4,2.5,9,2.0,"98052",835000.0
2830,6,2.75,48,1.0,"98005",705000.0
2120,4,1.5,115,2.0,"98122",625000.0
2090,4,2.5,25,2.0,"98074",550000.0
2600,3,1.5,75,1.0,"98126",540000.0
830,2,1.0,95,1.0,"98103",519000.0
1975,4,2.5,19,2.0,"98038",311000.0
1900,4,2.5,47,1.0,"98023",305000.0
2640,4,2.75,52,1.5,"98058",395000.0
1610,4,1.5,46,1.0,"98198",275000.0
1770,3,3.25,12,2.0,"98029",450000.0
1070,2,1.0,60,1.0,"98133",324000.0
4590,5,3.25,87,2.0,"98199",2795000.0
1540,4,1.0,109,1.5,"98103",565000.0
1590,4,1.75,55,2.0,"98133",373000.0
1170,2,2.0,88,1.5,"98119",613000.0
2880,4,2.25,34,1.0,"98072",614000.0
2510,4,1.75,51,1.0,"98006",595000.0
1280,2,1.0,32,1.0,"98074",440000.0
1570,3,1.5,61,1.0,"98166",425000.0
740,2,1.0,103,1.0,"98115",407000.0
1740,3,1.5,60,1.0,"98007",472000.0
1180,3,2.5,5,3.0,"98119",472000.0
2960,5,2.75,56,1.0,"98177",1250000.0
1880,3,1.75,70,1.0,"98126",412000.0
1150,3,1.0,56,1.0,"98117",717000.0
1320,3,1.0,56,1.0,"98008",425000.0
1640,4,2.0,71,1.0,"98166",299999.0
1470,3,2.0,23,1.0,"98038",254000.0
900,3,1.0,54,1.0,"98001",178500.0
1510,3,1.75,105,1.0,"98119",800000.0
1440,3,1.0,93,1.0,"98115",420000.0
1380,2,1.0,75,1.0,"98028",319900.0
1150,2,1.5,71,1.0,"98125",350000.0
3610,6,2.75,56,1.0,"98075",968000.0
1250,3,2.0,15,3.0,"98107",491000.0
3510,3,2.5,13,2.0,"98075",948000.0
2260,3,2.5,90,2.0,"98117",900000.0
2840,3,1.75,38,1.0,"98042",270000.0
1430,3,1.5,35,1.0,"98023",198000.0
1420,2,1.0,62,1.0,"98166",250000.0
2120,4,2.5,11,2.0,"98029",615000.0
2080,3,2.5,27,2.0,"98029",550000.0
1370,2,2.5,28,2.0,"98188",190000.0
1900,4,2.25,31,1.0,"98006",629000.0
1660,3,1.75,60,1.0,"98028",434000.0
1310,3,1.0,51,1.0,"98126",415885.0
1840,3,2.5,89,1.0,"98105",550000.0
1040,1,0.75,24,1.0,"98178",272000.0
2610,3,2.5,27,2.0,"98072",665000.0
1990,3,2.0,44,1.0,"98006",510000.0
3080,3,2.0,50,1.0,"98166",530000.0
1200,3,1.0,45,1.0,"98072",355000.0
1250,4,1.0,60,1.0,"98148",255000.0
2640,4,2.75,25,2.0,"98052",790000.0
1790,5,1.75,63,2.0,"98004",695000.0
1140,2,2.0,61,1.0,"98148",255000.0
1790,3,2.25,30,1.5,"98072",410000.0
1910,4,2.75,75,1.0,"98117",650000.0
1530,4,1.75,102,1.5,"98103",675000.0
1050,2,2.5,8,2.0,"98122",332888.0
1730,3,1.75,39,1.0,"98031",300000.0
1100,4,1.5,61,1.0,"98006",320000.0
2100,5,2.25,52,1.0,"98059",342500.0
2800,4,2.5,23,2.0,"98072",752875.0
5000,5,3.5,7,2.0,"98040",1730000.0
880,1,0.5,105,1.0,"98126",255000.0
1470,3,2.5,24,2.0,"98155",244000.0
3950,5,3.25,9,2.0,"98033",1420000.0
980,3,1.0,59,1.0,"98168",218000.0
2180,4,1.0,65,1.5,"98155",359000.0
3040,4,2.75,12,2.0,"98059",840000.0
4130,5,3.75,30,2.0,"98077",900000.0
1850,4,1.75,43,1.5,"98042",205000.0
1600,3,2.5,22,2.0,"98042",205000.0
2070,2,1.5,64,2.0,"98108",500000.0
3180,4,2.5,14,2.0,"98059",510000.0
6900,6,4.25,13,2.0,"98077",1135000.0
2640,4,2.25,107,2.0,"98109",1545000.0
1920,3,1.5,62,1.0,"98038",210000.0
2030,3,1.75,34,1.0,"98052",597500.0
1140,2,1.0,83,1.5,"98092",400000.0
1660,3,1.0,63,1.0,"98155",412000.0
1390,2,1.5,10,3.0,"98133",299950.0
2490,4,3.0,93,1.5,"98105",1081000.0
2550,4,2.5,25,2.0,"98031",422500.0
1270,3,2.0,47,1.0,"98033",410000.0
2980,4,3.25,115,2.0,"98144",1400000.0
1470,3,2.0,41,1.0,"98023",245000.0
3550,4,3.0,25,1.5,"98011",720000.0
780,2,1.0,80,1.0,"98118",315000.0
1390,2,2.5,28,2.0,"98003",191950.0
2440,4,2.5,10,2.0,"98056",455000.0
1260,3,1.5,84,1.5,"98116",523000.0
1640,3,2.25,97,2.0,"98002",250000.0
1670,3,3.0,86,1.5,"98055",294000.0
2380,3,2.25,54,1.0,"98115",490000.0
1030,4,1.0,44,1.0,"98126",310000.0
1560,3,1.5,54,1.0,"98022",265000.0
1640,4,1.75,47,1.0,"98052",402000.0
2200,2,2.5,8,1.0,"98022",705000.0
3190,4,2.5,10,2.0,"98038",589450.0
1200,3,1.5,51,1.0,"98188",219950.0
2250,3,2.25,40,2.0,"98115",750000.0
1960,2,1.75,111,1.0,"98199",478000.0
1250,3,1.0,57,1.0,"98188",170000.0
2640,4,2.25,29,1.0,"98092",489950.0
2460,2,2.25,79,1.5,"98117",1370000.0
1700,3,2.5,19,2.0,"98038",319950.0
840,2,1.0,77,1.0,"98108",208417.0
1900,4,2.0,101,1.0,"98117",410000.0
2160,4,2.75,46,1.0,"98125",590000.0
1610,3,1.75,54,1.0,"98006",648000.0
1720,3,2.5,17,2.0,"98092",255000.0
2190,4,2.75,11,2.0,"98072",465000.0
3020,4,1.75,57,1.0,"98006",622000.0
1980,3,1.75,24,1.0,"98030",306000.0
1880,3,2.5,68,2.0,"98199",617000.0
1610,3,1.75,68,1.0,"98125",438750.0
3260,4,3.0,85,2.0,"98109",1280000.0
3970,5,3.25,36,2.0,"98177",995000.0
4570,4,2.5,67,2.0,"98177",1580000.0
2620,5,2.75,104,1.5,"98117",635000.0
1180,3,1.0,45,1.0,"98031",215000.0
1365,3,2.5,12,3.0,"98115",530000.0
720,2,1.0,72,1.0,"98106",295000.0
1350,3,2.25,34,1.0,"98032",245000.0
3060,6,2.5,48,1.0,"98058",400000.0
1850,3,2.75,22,2.0,"98022",303000.0
1320,3,1.75,45,1.5,"98024",330000.0
1990,3,1.75,35,2.0,"98028",700000.0
610,1,1.0,93,1.0,"98055",126000.0
2500,4,1.0,60,1.5,"98005",850000.0
1440,3,2.0,50,1.0,"98034",405000.0
2750,6,4.5,28,2.0,"98103",869900.0
1790,3,1.75,64,1.0,"98126",485000.0
1050,2,2.0,11,2.0,"98122",400000.0
1780,3,2.5,4,2.0,"98038",299950.0
2200,4,2.5,21,2.0,"98034",585000.0
1720,4,2.0,77,2.0,"98115",495000.0
5840,5,4.5,9,2.0,"98029",2200000.0
1520,3,2.25,31,2.0,"98074",447000.0
1320,3,1.0,47,1.0,"98092",206000.0
1070,3,1.0,85,1.0,"98116",500000.0
1990,4,2.5,21,2.0,"98030",302500.0
4980,4,4.25,33,2.0,"98052",1250000.0
890,2,1.0,69,1.0,"98117",391000.0
1440,3,2.0,29,2.0,"98038",250000.0
2440,4,2.5,12,2.0,"98059",435000.0
1800,4,2.25,53,1.0,"98055",160000.0
2260,5,3.0,12,1.0,"98155",451000.0
810,2,1.0,71,1.0,"98168",206000.0
2240,4,2.75,75,2.0,"98116",590000.0
4560,3,2.5,29,2.0,"98074",695000.0
1550,3,1.5,61,1.0,"98031",350000.0
3180,5,3.5,14,2.0,"98199",1236300.0
2950,6,2.25,45,1.0,"98072",395000.0
2190,5,3.0,16,2.0,"98178",419000.0
1570,2,2.0,9,1.0,"98053",592350.0
3420,5,3.25,12,2.0,"98027",855000.0
2420,4,2.5,24,2.0,"98033",771000.0
1570,3,2.25,48,1.0,"98022",325000.0
3680,5,3.25,90,2.0,"98112",1850000.0
1910,4,1.75,62,1.0,"98116",545000.0
1780,3,1.75,88,1.0,"98116",615000.0
2160,2,1.0,62,1.0,"98115",625500.0
1460,3,1.5,49,1.0,"98001",232000.0
1370,3,1.5,52,1.0,"98055",168000.0
1370,3,1.5,52,1.0,"98055",238000.0
1500,3,2.5,17,2.0,"98092",260000.0
1210,3,1.75,64,1.0,"98027",460000.0
2850,3,2.5,63,1.0,"98155",900000.0
1090,3,1.0,68,1.0,"98155",289950.0
1450,3,1.75,24,1.0,"98038",265000.0
1820,4,2.25,38,1.0,"98072",465000.0
1320,3,1.5,44,1.0,"98034",370000.0
1670,2,1.5,74,1.0,"98146",240000.0
1440,4,2.0,72,1.0,"98056",232000.0
980,3,1.0,64,1.0,"98126",237502.0
4340,4,3.5,7,2.0,"98199",1280000.0
2860,4,2.25,49,1.0,"98005",957000.0
1140,3,1.5,45,1.0,"98042",218000.0
1120,3,1.5,47,1.0,"98042",205000.0
1460,3,3.25,9,2.0,"98126",350000.0
2050,4,2.5,13,2.0,"98198",256000.0
1250,3,1.0,63,1.0,"98125",275000.0
2520,4,2.5,25,2.0,"98031",372000.0
2580,3,3.25,37,1.5,"98027",688888.0
1200,2,1.0,39,2.0,"98053",170000.0
2140,5,2.25,53,1.0,"98007",530000.0
3440,4,3.25,9,2.0,"98029",905000.0
1800,4,2.5,36,1.0,"98118",365000.0
1790,4,2.5,34,1.0,"98031",312000.0
1250,2,1.75,93,1.0,"98126",400000.0
800,2,2.0,79,1.0,"98133",278750.0
1410,3,2.0,50,1.0,"98006",510000.0
1330,2,2.25,6,3.0,"98117",527700.0
2890,4,2.75,84,1.5,"98109",740000.0
2550,4,2.5,19,2.0,"98059",512000.0
2880,5,2.5,14,2.0,"98030",362000.0
660,3,1.0,75,1.0,"98168",225000.0
1470,3,2.25,30,2.0,"98029",491500.0
1700,4,1.75,56,1.0,"98133",429950.0
1040,3,1.0,60,1.0,"98006",375000.0
880,2,1.0,99,1.0,"98106",199400.0
2490,4,2.5,19,2.0,"98042",364900.0
1210,3,1.5,74,1.0,"98126",324950.0
2080,5,2.0,106,1.0,"98144",467000.0
1380,3,1.0,61,1.0,"98125",380000.0
1620,3,2.25,49,1.0,"98055",250000.0
1680,4,1.0,94,1.5,"98103",700000.0
1330,3,1.0,39,1.0,"98092",206990.0
1730,3,1.75,87,1.0,"98107",670000.0
790,2,1.0,60,1.0,"98052",315000.0
2240,3,2.5,30,2.0,"98092",319950.0
1500,3,1.5,57,1.0,"98177",419000.0
1800,3,2.0,26,1.0,"98092",205000.0
1980,4,2.5,11,2.0,"98038",335000.0
1340,3,1.75,62,1.0,"98103",397000.0
750,2,1.0,107,1.0,"98122",370000.0
1790,4,2.25,46,1.0,"98059",330000.0
5490,4,3.5,19,1.0,"98006",1785000.0
1940,3,2.0,37,1.0,"98155",399000.0
2670,4,1.75,43,2.0,"98092",400000.0
1220,3,2.0,21,1.0,"98038",249900.0
1310,3,1.5,59,1.0,"98117",717000.0
1930,4,2.5,20,2.0,"98031",319000.0
2100,4,3.0,43,2.0,"98115",635000.0
1180,3,1.0,38,1.0,"98155",355000.0
4320,5,3.25,25,2.0,"98006",1600000.0
3140,4,1.75,64,1.0,"98033",585000.0
2320,3,2.0,55,1.0,"98168",320000.0
2110,3,1.75,49,2.0,"98059",305495.0
1790,4,2.0,55,1.0,"98198",240000.0
1740,5,2.5,56,1.0,"98198",199950.0
3820,4,3.25,10,2.0,"98004",1620000.0
2050,3,3.5,85,2.0,"98166",770000.0
1680,4,2.25,13,2.0,"98092",255000.0
1930,4,2.25,41,1.0,"98058",289000.0
3760,4,3.0,13,2.0,"98056",494500.0
2370,3,2.25,42,1.0,"98052",746000.0
2120,4,3.0,37,2.0,"98059",385000.0
2370,4,2.5,28,2.0,"98052",688100.0
2350,4,2.5,105,1.5,"98103",870300.0
1180,3,1.0,59,1.5,"98155",310000.0
2270,3,2.5,16,2.0,"98133",500000.0
1830,3,2.25,38,1.0,"98042",255000.0
3910,3,2.75,66,1.0,"98112",1475000.0
890,3,1.0,58,1.0,"98148",154500.0
1820,3,2.25,41,1.0,"98034",425000.0
2440,4,2.5,27,2.0,"98029",700000.0
1110,2,1.0,99,1.0,"98109",410500.0
1870,3,2.0,46,1.0,"98034",432000.0
1240,3,1.5,101,1.5,"98144",530000.0
1560,3,2.0,48,1.0,"98034",465000.0
1910,3,2.5,26,2.0,"98029",498688.0
2200,3,1.0,63,1.0,"98166",573500.0
2530,4,2.75,21,2.0,"98023",349900.0
1130,3,1.0,57,1.0,"98056",220000.0
820,2,1.0,97,1.0,"98106",260000.0
960,2,1.0,97,1.0,"98118",290000.0
1980,4,1.5,85,1.5,"98144",615000.0
3370,4,3.5,14,2.0,"98034",730000.0
7420,4,3.25,13,2.0,"98045",1950000.0
1800,3,2.25,20,2.0,"98038",332500.0
3990,5,3.5,25,2.0,"98011",650000.0
4070,4,2.5,13,3.0,"98115",1400000.0
1640,4,1.75,100,1.5,"98011",465000.0
3730,4,3.25,25,2.0,"98029",690000.0
1220,3,1.75,49,1.0,"98058",289900.0
3490,3,3.5,6,2.0,"98112",1620000.0
1730,3,2.5,16,2.0,"98148",339950.0
3430,4,2.75,43,1.5,"98023",367999.0
2320,4,2.5,21,2.0,"98038",380000.0
2030,3,1.75,62,1.0,"98166",440000.0
4850,5,4.0,38,2.0,"98005",975000.0
1340,3,1.5,47,1.0,"98028",309500.0
1130,3,1.0,67,1.0,"98155",350000.0
1180,2,2.0,10,2.0,"98038",215000.0
910,2,1.0,72,1.0,"98118",254000.0
1630,3,1.75,107,1.5,"98115",567000.0
710,2,1.0,72,2.0,"98102",402000.0
1520,4,1.0,67,1.0,"98045",365000.0
2820,4,2.5,1,2.0,"98155",625000.0
1970,4,1.75,73,1.5,"98126",432000.0
2240,5,3.0,47,1.0,"98058",335500.0
1860,2,1.75,59,1.0,"98116",672500.0
1780,4,1.0,96,1.5,"98118",336000.0
1788,4,2.5,25,2.0,"98002",294400.0
1880,3,2.5,27,2.0,"98007",541900.0
2300,3,1.75,38,1.0,"98052",505000.0
1610,3,2.5,21,2.0,"98030",255000.0
2270,6,2.5,51,1.0,"98011",435000.0
1230,2,1.75,90,1.5,"98119",636000.0
3420,4,3.5,11,2.0,"98010",655000.0
1670,3,1.5,62,1.0,"98148",280500.0
1120,2,1.0,69,1.0,"98117",520000.0
2580,4,2.5,10,2.0,"98031",354000.0
3847,5,2.75,40,1.0,"98003",810000.0
3630,4,2.5,36,1.5,"98092",400000.0
3580,4,2.75,36,1.0,"98074",879900.0
4050,5,4.0,35,2.0,"98040",1288000.0
3240,3,3.5,23,2.0,"98010",902500.0
1540,3,1.75,113,1.5,"98122",900000.0
2550,4,2.5,12,2.0,"98056",419500.0
2340,4,2.0,62,1.0,"98199",685000.0
2320,4,2.5,11,2.0,"98059",429950.0
1640,4,2.5,4,2.0,"98106",464950.0
910,2,1.0,32,1.0,"98045",239900.0
2550,4,3.25,25,2.0,"98019",406250.0
2660,4,2.5,18,2.0,"98045",447000.0
1480,3,2.5,19,2.0,"98033",466800.0
2810,4,2.5,53,1.0,"98008",674000.0
830,1,1.0,91,1.0,"98103",525000.0
3510,3,2.75,25,2.0,"98038",674950.0
2480,3,2.5,11,2.0,"98058",374900.0
3720,4,3.0,110,2.5,"98102",1443920.0
2150,3,2.25,31,2.0,"98052",559500.0
2370,3,2.5,12,2.0,"98065",522500.0
4310,5,2.5,27,2.0,"98053",1130000.0
2990,5,2.75,19,2.0,"98059",498500.0
1350,4,1.0,85,1.5,"98117",571000.0
2370,2,2.0,23,1.5,"98027",543000.0
1410,3,2.0,30,1.0,"98001",271920.0
1170,2,1.0,66,1.0,"98146",104950.0
1800,4,2.5,16,2.0,"98075",485500.0
3650,4,2.75,64,2.0,"98115",1210000.0
1490,3,1.75,22,1.0,"98038",260250.0
3610,4,2.5,19,2.0,"98075",875909.0
2050,4,1.75,56,1.0,"98058",455000.0
1092,3,1.0,97,1.5,"98106",309000.0
2010,4,2.25,36,1.0,"98023",229000.0
1680,3,2.0,62,2.0,"98003",250000.0
2510,4,2.0,55,1.0,"98034",600000.0
2280,4,2.5,11,2.0,"98077",535000.0
2510,3,2.5,14,2.0,"98053",571000.0
3190,5,2.75,39,1.0,"98006",1030000.0
4690,4,3.25,20,2.0,"98155",600000.0
1850,3,2.25,38,1.0,"98072",469500.0
4160,4,3.0,14,2.0,"98059",1150000.0
2220,4,1.5,90,1.5,"98105",785000.0
2870,3,2.5,24,2.0,"98052",872750.0
3950,4,2.75,60,1.0,"98117",900000.0
1740,2,1.75,13,1.5,"98065",350000.0
4780,5,3.0,40,1.0,"98039",2575000.0
3160,4,2.5,35,1.0,"98005",940000.0
1990,5,1.75,60,1.0,"98023",185000.0
3920,4,3.5,19,2.0,"98053",850000.0
960,3,1.0,52,1.0,"98022",201000.0
1540,2,1.5,35,2.0,"98133",499000.0
1970,4,2.5,13,2.0,"98059",315000.0
1880,3,2.5,22,2.0,"98029",509950.0
2000,3,2.75,51,1.0,"98178",286300.0
1990,3,2.5,18,2.0,"98034",590000.0
1400,4,1.0,67,1.5,"98106",325000.0
3190,4,2.5,18,2.0,"98010",625000.0
1000,3,1.5,68,1.0,"98125",378000.0
1670,3,1.75,37,1.0,"98023",239950.0
2100,4,2.0,91,1.0,"98105",550000.0
1010,2,1.0,112,1.0,"98118",325000.0
2030,4,2.5,89,1.5,"98103",831000.0
1090,3,1.0,65,1.0,"98028",249000.0
2440,4,1.75,39,1.0,"98072",484000.0
2500,4,3.0,13,2.0,"98092",395000.0
3420,4,2.5,13,2.0,"98074",839900.0
2850,4,2.5,17,2.0,"98052",760000.0
2030,4,1.5,88,1.5,"98116",750000.0
4590,5,3.75,88,2.0,"98112",3000000.0
2230,3,2.5,11,2.0,"98065",440000.0
1810,2,1.75,53,1.0,"98027",501000.0
4000,6,4.5,37,2.0,"98122",739000.0
1490,3,1.75,57,1.0,"98005",685650.0
4225,4,4.5,30,2.0,"98074",1005000.0
2120,4,1.75,86,1.5,"98105",980000.0
1030,3,1.5,47,1.0,"98056",275000.0
2310,4,1.75,39,1.0,"98058",319950.0
1830,3,2.25,30,2.0,"98028",448500.0
2120,5,2.0,102,1.5,"98070",437000.0
2500,4,1.5,49,1.0,"98106",330000.0
2470,3,2.5,25,2.0,"98031",365000.0
940,2,1.0,99,1.0,"98133",329000.0
3260,5,2.75,51,1.0,"98008",681500.0
1660,3,2.25,35,1.0,"98052",566000.0
4370,4,3.0,31,2.0,"98053",897500.0
2620,3,2.5,20,2.0,"98052",738000.0
1500,3,1.75,47,1.0,"98092",185000.0
910,2,1.0,79,1.0,"98136",445000.0
1430,3,1.75,58,1.0,"98118",175000.0
900,2,1.0,74,1.0,"98136",315000.0
1250,4,1.75,56,1.0,"98008",445000.0
3850,5,3.0,51,1.0,"98004",1400000.0
3450,4,2.5,28,2.0,"98052",832500.0
3950,4,3.5,14,2.0,"98065",771150.0
1950,4,1.5,76,1.5,"98188",225000.0
1700,3,2.5,12,2.0,"98065",389950.0
2370,3,2.5,11,2.0,"98065",435000.0
1600,3,1.75,86,2.0,"98102",845000.0
4060,4,1.75,91,2.0,"98102",1300000.0
1322,3,2.25,10,2.0,"98144",350000.0
1140,3,1.75,32,1.0,"98003",250000.0
1280,2,1.5,8,2.0,"98144",370000.0
3080,4,2.5,7,2.5,"98052",750000.0
1210,2,1.75,109,1.0,"98117",439950.0
1950,4,1.75,53,1.0,"98133",395000.0
1450,4,1.0,68,1.5,"98133",375000.0
1590,3,2.25,24,2.0,"98003",263000.0
1240,3,1.0,56,1.5,"98032",185000.0
1440,3,1.0,41,1.0,"98075",500000.0
3470,4,2.5,22,2.0,"98027",920000.0
5100,7,3.75,14,2.0,"98075",936000.0
2430,3,1.75,63,1.0,"98004",1500000.0
2420,3,2.25,67,1.0,"98115",1100000.0
1510,3,2.5,25,1.0,"98003",247000.0
1200,3,1.0,68,1.0,"98115",289500.0
2240,3,2.5,13,2.0,"98065",432500.0
1870,3,1.75,95,1.0,"98103",680000.0
1110,3,1.0,83,1.5,"98199",589000.0
3210,4,2.0,101,1.5,"98136",756450.0
2090,3,1.75,40,1.0,"98034",536650.0
1320,3,2.25,21,2.0,"98122",540000.0
1340,3,1.75,55,1.0,"98125",385000.0
1020,3,1.0,74,1.0,"98115",485000.0
1220,3,2.0,35,1.0,"98059",240000.0
1220,3,2.0,35,1.0,"98059",415500.0
1390,3,2.0,100,1.5,"98117",550000.0
2970,4,2.0,115,2.5,"98112",1260000.0
1440,2,2.0,25,2.0,"98070",430000.0
1550,2,1.75,62,1.0,"98136",415000.0
1904,4,2.5,16,2.0,"98010",365000.0
1400,4,1.5,40,2.0,"98001",257000.0
2140,3,2.5,10,2.0,"98029",420000.0
1320,3,1.75,72,1.0,"98166",338995.0
2620,3,1.75,67,1.0,"98177",615000.0
2300,4,0.5,19,2.0,"98092",312500.0
2000,4,2.5,19,2.0,"98028",513000.0
2960,4,2.75,63,2.0,"98116",857500.0
2700,3,2.75,38,1.5,"98040",1060000.0
1740,3,1.75,57,1.0,"98146",585000.0
1770,2,2.5,12,1.0,"98038",350500.0
1290,3,2.0,68,1.0,"98168",215000.0
1450,4,2.0,53,1.5,"98034",440000.0
1420,3,2.25,30,1.0,"98042",270000.0
1330,3,0.75,91,1.0,"98126",385000.0
1760,3,1.75,88,1.5,"98103",688500.0
2010,3,1.75,103,1.0,"98122",700000.0
2560,5,2.0,55,1.0,"98006",585000.0
1260,2,1.5,32,2.0,"98052",401000.0
2420,4,2.25,43,1.0,"98052",655000.0
1010,3,1.0,56,1.0,"98144",317000.0
1770,4,2.5,45,1.5,"98034",500000.0
890,2,1.0,72,1.0,"98103",314963.0
1670,3,1.5,90,2.0,"98126",715000.0
1360,3,2.25,23,2.0,"98045",280000.0
2120,3,2.5,27,2.0,"98011",531000.0
1910,3,2.5,17,2.0,"98007",617000.0
1480,4,1.0,75,1.5,"98177",440000.0
1090,3,1.0,60,1.0,"98002",140000.0
1670,4,1.75,42,1.0,"98052",661000.0
1670,4,1.75,42,1.0,"98052",697000.0
3650,5,2.75,46,2.0,"98040",1195000.0
1970,4,2.0,46,1.0,"98115",535000.0
1320,2,2.0,105,1.5,"98118",404500.0
1710,3,1.0,61,1.0,"98126",396500.0
1740,3,2.25,38,1.0,"98056",450000.0
2200,3,3.25,27,2.0,"98119",605000.0
2010,3,2.0,16,2.0,"98118",699000.0
3910,3,3.0,30,2.0,"98014",805000.0
470,1,0.75,68,1.0,"98014",156000.0
2330,4,2.5,31,1.0,"98052",595000.0
1930,3,1.75,86,1.5,"98065",285000.0
3270,4,2.5,8,2.0,"98056",725000.0
1650,3,2.5,30,2.0,"98023",216300.0
2220,4,2.75,32,1.0,"98059",410000.0
2470,2,1.75,99,1.0,"98126",597000.0
1300,3,1.0,38,1.0,"98077",325000.0
2530,5,2.75,49,1.0,"98030",355000.0
2400,3,1.5,54,1.0,"98146",338000.0
1500,4,2.25,16,2.0,"98001",210000.0
1700,4,1.75,48,1.0,"98034",423000.0
2120,4,1.5,38,1.0,"98002",249500.0
2240,4,2.5,13,2.0,"98042",325000.0
1540,3,1.75,28,1.0,"98042",257000.0
1890,3,1.75,37,1.0,"98053",550000.0
1260,3,1.0,95,2.0,"98033",490000.0
1160,2,1.5,32,2.0,"98034",299000.0
1300,2,1.0,55,1.0,"98070",295000.0
3220,4,2.5,37,2.0,"98074",630000.0
2020,4,1.5,53,1.0,"98058",320000.0
2990,4,2.5,56,1.0,"98005",1110000.0
1420,4,1.0,62,1.0,"98117",398000.0
1020,3,1.0,59,1.0,"98106",218000.0
2400,4,2.75,27,2.0,"98027",590000.0
3640,5,3.0,33,2.0,"98008",1595000.0
1550,2,2.25,8,2.0,"98106",348500.0
1870,2,2.0,9,1.0,"98053",592500.0
2340,3,2.5,20,2.0,"98028",505000.0
3350,5,4.25,1,2.0,"98119",1430000.0
1710,3,1.0,94,1.0,"98116",502000.0
1180,2,2.0,75,1.0,"98125",257500.0
1600,3,1.5,49,1.0,"98034",405000.0
1300,3,1.75,56,1.0,"98115",427000.0
1040,3,1.5,60,1.0,"98155",290000.0
1220,3,1.0,61,1.0,"98106",222000.0
2240,3,2.5,13,2.0,"98038",315000.0
1420,3,1.5,56,1.0,"98103",371000.0
1580,3,1.75,27,1.0,"98003",279900.0
2390,3,1.5,77,1.0,"98059",250000.0
2260,4,2.25,38,2.0,"98006",599000.0
1890,3,1.75,51,1.0,"98092",267300.0
1830,2,1.75,66,1.0,"98118",585000.0
1000,3,1.75,46,1.0,"98072",350000.0
2180,3,1.75,54,1.0,"98177",506000.0
2320,6,2.0,53,2.0,"98058",400000.0
840,3,1.0,94,1.0,"98146",151100.0
840,3,1.0,94,1.0,"98146",251000.0
2350,4,2.25,38,1.0,"98006",555000.0
2040,3,1.75,18,1.0,"98070",467500.0
2370,4,2.5,19,2.0,"98042",479000.0
1590,5,2.0,53,1.0,"98001",247000.0
1380,3,1.0,38,1.0,"98045",299500.0
1940,4,1.5,35,1.5,"98125",306888.0
3320,4,2.5,14,2.0,"98010",675000.0
1090,2,1.0,68,1.5,"98105",577000.0
1650,3,1.5,48,1.0,"98003",219950.0
1110,3,1.5,75,1.0,"98033",375000.0
2110,4,2.5,73,1.0,"98115",650000.0
1850,3,3.0,115,1.5,"98107",975000.0
600,1,1.0,95,1.0,"98106",229000.0
2760,5,2.5,89,1.5,"98122",575000.0
2970,4,1.75,53,1.0,"98075",815000.0
2300,3,1.75,36,1.0,"98077",525000.0
2030,3,2.5,14,2.0,"98027",471000.0
2160,4,1.75,73,1.0,"98117",450000.0
1650,3,2.0,89,2.0,"98116",590000.0
3140,4,2.5,11,2.0,"98006",744000.0
2690,4,2.25,29,2.0,"98092",460000.0
1940,5,2.5,55,1.0,"98155",299000.0
1220,4,1.0,75,1.5,"98022",231000.0
1300,3,1.0,40,1.0,"98092",195000.0
1660,3,1.75,36,1.0,"98045",305000.0
3390,4,1.5,99,2.0,"98144",895000.0
2310,4,1.5,65,1.0,"98004",1110000.0
950,2,1.0,74,1.0,"98108",339000.0
2400,4,3.75,91,1.0,"98109",885000.0
1780,3,1.0,71,1.5,"98146",375000.0
1280,4,1.5,57,1.0,"98008",367400.0
1930,4,2.0,62,1.0,"98119",700000.0
2560,5,2.25,49,1.0,"98008",667000.0
920,2,1.0,109,1.0,"98118",200000.0
1900,3,2.5,44,2.0,"98074",552775.0
2270,3,2.0,115,1.0,"98056",452000.0
2080,3,2.5,37,1.0,"98059",418000.0
1460,3,1.75,47,1.0,"98033",601500.0
1670,3,1.75,39,1.0,"98075",600000.0
2810,4,2.5,17,2.0,"98092",340000.0
2370,3,2.5,21,2.0,"98003",310000.0
1700,2,1.75,43,1.0,"98056",290000.0
1630,2,1.0,74,1.0,"98133",438000.0
2930,4,2.75,76,1.0,"98144",718000.0
860,2,1.0,66,1.0,"98168",200000.0
1980,3,2.0,21,1.0,"98042",479900.0
2080,3,2.5,28,2.0,"98058",400000.0
1060,3,1.0,58,1.0,"98188",219950.0
1590,3,2.5,15,2.0,"98019",300000.0
1980,3,2.25,56,1.0,"98177",437000.0
1720,4,2.0,44,1.0,"98034",350000.0
1350,4,1.75,61,1.0,"98004",626000.0
2080,3,2.5,37,2.0,"98077",490000.0
2090,3,2.5,13,2.0,"98042",289000.0
2030,3,2.5,7,2.0,"98199",595000.0
2680,3,2.25,26,1.0,"98045",676000.0
1820,3,1.75,35,1.0,"98133",389000.0
1300,3,2.0,32,1.0,"98198",240000.0
2210,4,2.5,22,2.0,"98031",382500.0
1400,3,2.0,52,1.0,"98008",511555.0
2040,3,1.75,98,1.5,"98107",710500.0
2420,3,2.5,30,2.0,"98027",429000.0
1920,4,1.75,53,1.0,"98198",170000.0
3860,4,3.25,40,1.0,"98004",2135000.0
2760,5,2.75,36,1.0,"98072",480000.0
3450,4,3.75,22,2.0,"98122",1665000.0
1040,3,1.0,68,1.0,"98168",225000.0
2220,3,1.75,40,1.0,"98177",615000.0
2470,4,2.5,24,2.0,"98022",438950.0
1300,3,1.75,53,1.0,"98003",242000.0
1960,3,2.5,26,1.0,"98074",560000.0
2040,3,1.5,87,2.0,"98103",857500.0
3030,4,2.5,16,2.0,"98074",685000.0
2260,4,3.0,38,2.0,"98034",486000.0
2670,3,2.5,28,2.0,"98007",749000.0
1520,3,2.5,29,2.0,"98030",260000.0
3610,3,1.75,85,1.5,"98126",1015000.0
1130,3,1.75,73,1.0,"98199",565000.0
1480,3,2.0,24,2.0,"98103",355000.0
3540,5,2.0,45,2.0,"98125",775000.0
2100,4,2.25,52,1.0,"98188",335000.0
3366,5,4.0,78,2.5,"98199",1300000.0
1810,3,1.75,112,1.5,"98107",545000.0
1680,3,1.75,89,1.5,"98144",540000.0
2450,3,1.75,53,1.0,"98125",687500.0
1150,1,2.0,53,1.0,"98001",115000.0
1150,1,2.0,53,1.0,"98001",227000.0
3240,4,2.5,12,2.0,"98075",870000.0
3480,4,2.5,31,1.5,"98005",1190000.0
2800,4,2.5,9,2.0,"98038",375000.0
3240,3,2.75,55,1.0,"98118",902000.0
1480,2,1.5,37,1.0,"98056",269500.0
1700,3,1.0,106,1.5,"98117",570000.0
1240,2,1.0,76,1.0,"98133",359950.0
3720,4,3.5,7,2.0,"98004",1450000.0
1910,3,2.5,14,2.0,"98052",615000.0
2120,4,2.0,55,1.5,"98198",250000.0
3020,4,2.5,13,2.0,"98065",530000.0
2250,3,2.0,28,1.0,"98065",474950.0
1650,4,2.0,68,2.0,"98125",490000.0
880,2,1.5,8,2.0,"98126",210000.0
1860,3,1.0,58,1.0,"98198",265500.0
3840,5,3.25,7,3.0,"98144",1462500.0
2192,4,2.25,9,2.0,"98030",310000.0
1590,3,2.5,12,2.0,"98056",324500.0
3700,4,4.75,53,1.0,"98028",599000.0
3670,4,2.5,10,2.0,"98058",525000.0
1630,3,1.0,62,1.0,"98155",400000.0
4230,3,3.0,64,2.0,"98166",887500.0
1060,2,1.0,83,1.5,"98115",344000.0
2700,3,2.5,24,2.0,"98072",525000.0
2110,3,2.25,40,2.0,"98034",385000.0
3720,4,2.5,16,2.0,"98074",820000.0
3440,4,3.5,9,2.0,"98199",1305000.0
2420,4,2.25,30,1.0,"98074",549000.0
1090,3,1.0,86,1.5,"98106",180000.0
2910,4,2.5,17,2.0,"98065",589000.0
1050,3,1.0,67,1.0,"98118",350000.0
1610,3,2.0,50,1.0,"98003",197400.0
1760,3,2.5,29,2.0,"98030",267000.0
1540,3,1.5,38,1.0,"98075",480000.0
2580,4,2.5,56,1.0,"98125",650000.0
1370,2,1.0,110,1.5,"98107",600000.0
1440,2,1.75,10,1.0,"98053",490000.0
1410,3,1.0,53,1.0,"98058",225000.0
1980,3,2.25,56,1.0,"98005",640000.0
2440,3,3.5,15,2.0,"98005",710000.0
1350,3,2.0,29,1.0,"98019",325000.0
3130,3,3.25,30,1.0,"98072",595000.0
880,3,1.0,65,1.0,"98002",128750.0
1920,3,2.25,54,1.0,"98008",465000.0
2700,4,1.75,78,1.0,"98115",710000.0
1670,4,2.75,98,1.0,"98136",605000.0
3470,4,2.5,52,2.0,"98040",994000.0
1820,3,2.25,32,2.0,"98034",489950.0
1310,3,1.5,65,1.0,"98133",365000.0
1790,3,2.0,17,1.0,"98042",359950.0
2460,4,2.5,9,2.0,"98059",495000.0
1060,3,1.5,42,1.0,"98058",255000.0
1340,3,1.75,54,1.0,"98034",330000.0
1480,3,1.75,44,1.0,"98052",450000.0
3500,4,2.5,10,2.0,"98065",655000.0
2910,4,2.75,46,1.0,"98003",485000.0
1940,4,1.75,41,1.0,"98072",375000.0
2280,4,2.5,12,2.0,"98075",570000.0
1190,3,2.25,17,3.0,"98103",350000.0
1260,3,1.0,64,1.0,"98146",550000.0
2270,5,2.0,50,1.0,"98052",513000.0
1990,4,2.25,50,1.0,"98126",450000.0
1500,4,1.75,114,1.0,"98144",432500.0
2060,5,2.75,26,1.5,"98022",432000.0
1950,3,2.25,32,2.0,"98052",480000.0
1790,3,1.75,35,1.0,"98034",402200.0
1520,3,1.0,64,1.0,"98004",650000.0
3240,4,2.5,31,2.0,"98040",1199500.0
2440,3,2.0,38,1.0,"98030",312000.0
2220,4,2.0,99,1.5,"98116",610000.0
2640,5,1.75,100,1.5,"98117",823000.0
1450,4,1.75,90,1.0,"98105",471000.0
1550,3,2.25,28,2.0,"98033",481015.0
6200,5,4.5,27,3.0,"98040",1959000.0
2810,4,3.25,35,1.0,"98052",624000.0
2080,4,2.5,45,1.0,"98011",480000.0
1370,3,1.5,60,1.0,"98004",815000.0
2920,4,2.25,49,1.0,"98004",1650000.0
1000,3,1.0,75,1.0,"98146",180000.0
1210,2,1.75,31,1.0,"98038",156601.0
2790,4,2.5,11,2.0,"98038",374950.0
1660,2,1.5,107,1.0,"98146",368000.0
1650,3,2.0,65,2.0,"98103",550000.0
1300,3,1.75,35,1.0,"98001",198000.0
1090,3,1.75,47,1.0,"98034",345000.0
2660,5,2.5,56,1.0,"98039",1712750.0
940,3,1.0,106,1.0,"98001",185900.0
2750,3,2.75,37,1.0,"98006",950000.0
3850,4,4.5,17,2.0,"98006",995000.0
860,2,1.0,75,1.0,"98133",345000.0
2070,4,2.75,53,1.0,"98040",741000.0
2290,2,2.25,8,1.0,"98053",737000.0
2340,4,2.5,51,1.0,"98177",668750.0
2680,3,1.75,41,1.0,"98027",575000.0
1710,4,2.0,39,1.0,"98042",280000.0
1800,3,1.5,60,1.0,"98008",583000.0
1510,3,2.25,49,1.0,"98028",196000.0
1700,3,2.5,21,2.0,"98055",349950.0
1350,4,1.0,103,1.5,"98107",429000.0
2140,5,2.5,48,1.0,"98031",270000.0
2700,6,4.0,46,1.0,"98108",385000.0
920,1,1.0,109,1.0,"98103",535000.0
1500,3,1.75,57,1.0,"98133",352500.0
1510,3,1.75,93,1.0,"98117",624000.0
1980,5,1.5,53,1.5,"98058",215000.0
4500,4,3.0,35,2.0,"98040",870000.0
3220,4,2.5,9,2.0,"98059",440000.0
1140,2,1.5,14,2.0,"98122",518000.0
1490,3,2.25,22,2.0,"98038",259500.0
4360,4,3.25,22,1.0,"98053",795127.0
960,3,1.0,60,1.0,"98006",290000.0
2253,4,3.0,58,2.0,"98198",385000.0
770,2,1.0,67,1.0,"98155",259950.0
1310,2,2.5,16,2.0,"98059",330000.0
980,3,1.0,67,1.0,"98106",280000.0
1820,4,2.5,28,2.0,"98075",595000.0
3980,4,3.75,14,2.0,"98074",925900.0
3010,3,2.25,37,2.0,"98028",499000.0
1830,4,2.5,22,2.0,"98003",325000.0
2550,5,2.5,62,1.0,"98004",895000.0
800,2,1.0,71,1.0,"98058",162248.0
2890,3,2.25,74,2.0,"98146",1072500.0
1810,3,1.5,57,1.0,"98115",430000.0
1810,3,1.5,57,1.0,"98115",615500.0
940,3,1.0,66,1.0,"98118",260000.0
1810,4,2.0,42,1.0,"98024",295000.0
2550,3,1.75,64,2.0,"98122",1186040.0
2370,4,2.5,7,2.0,"98034",749950.0
1370,6,1.0,84,1.5,"98106",175000.0
1370,6,1.0,84,1.5,"98106",415000.0
1200,3,1.0,62,1.0,"98002",190000.0
2100,3,1.75,103,1.5,"98107",625000.0
2020,3,2.25,20,2.0,"98014",420000.0
1570,4,1.5,50,1.0,"98030",339900.0
1140,2,1.0,35,1.0,"98028",160000.0
1830,4,2.5,13,2.0,"98038",353000.0
1010,3,2.0,33,1.0,"98074",390000.0
1770,4,2.5,44,1.0,"98155",675000.0
3190,4,3.5,12,2.0,"98144",1340000.0
2780,4,2.5,64,1.0,"98004",1650000.0
3350,5,3.0,103,2.0,"98103",1000000.0
3450,5,3.5,43,1.0,"98033",850000.0
1060,3,1.5,32,1.0,"98106",275000.0
1670,3,2.5,15,2.0,"98027",450000.0
2251,4,1.75,58,1.0,"98003",305000.0
1770,3,2.5,86,1.5,"98117",643002.0
1510,2,1.75,37,1.0,"98052",468000.0
1770,4,2.5,11,2.0,"98038",324950.0
1260,3,2.0,28,1.0,"98031",290000.0
1710,3,2.0,34,1.0,"98033",488500.0
2290,3,1.75,65,1.0,"98133",367950.0
790,2,1.0,59,1.0,"98146",285000.0
1820,3,2.75,24,2.0,"98070",417000.0
3180,4,2.5,37,1.0,"98007",1115000.0
5280,4,4.0,37,2.0,"98040",1550000.0
3240,3,2.5,20,2.0,"98023",604000.0
2390,3,2.5,29,2.0,"98058",380000.0
2500,4,2.5,12,2.0,"98038",336500.0
2290,4,2.0,115,1.5,"98115",685000.0
1600,3,1.0,69,1.0,"98040",670000.0
1120,2,1.0,105,1.5,"98109",524000.0
1340,3,1.0,47,1.0,"98003",172000.0
1670,6,2.0,104,1.0,"98105",680000.0
2830,4,3.0,28,2.0,"98092",549900.0
2700,4,2.75,27,1.0,"98042",357000.0
910,3,1.5,42,1.0,"98106",107000.0
910,3,1.5,42,1.0,"98106",232900.0
2370,4,3.5,89,2.0,"98103",800000.0
880,2,1.5,16,2.0,"98133",248500.0
2050,3,2.5,59,1.0,"98116",670000.0
1180,3,1.75,57,1.0,"98038",207000.0
1070,3,1.0,54,1.0,"98092",164000.0
1380,2,1.0,61,2.0,"98119",570500.0
2680,3,2.25,37,1.0,"98027",599990.0
2100,5,1.75,54,1.0,"98034",395000.0
4133,4,3.75,15,2.0,"98019",979500.0
920,3,1.0,87,1.0,"98125",207000.0
920,3,1.0,87,1.0,"98125",237000.0
1750,2,1.0,42,1.0,"98075",650100.0
1950,4,2.5,52,1.0,"98052",385000.0
1660,2,1.75,57,2.0,"98146",335000.0
2670,4,1.5,19,2.0,"98092",347000.0
980,3,1.0,61,1.0,"98198",204000.0
1780,4,2.25,44,2.0,"98052",615000.0
2370,3,2.25,35,2.0,"98004",943500.0
1640,3,2.0,74,1.0,"98108",560000.0
2610,4,2.5,40,1.0,"98006",547500.0
2030,4,1.75,47,1.0,"98059",359500.0
2590,3,2.5,28,1.0,"98029",660000.0
1620,3,1.75,27,1.0,"98038",258000.0
2040,3,1.75,35,1.0,"98042",355000.0
810,2,1.0,67,1.0,"98126",253500.0
1270,3,1.0,46,1.0,"98056",422500.0
1470,2,2.0,29,1.5,"98003",239000.0
1720,3,2.25,31,1.0,"98033",628000.0
1320,2,2.5,11,1.0,"98106",352000.0
1358,3,2.25,8,3.0,"98133",311600.0
2070,4,1.5,51,1.0,"98001",235000.0
2910,5,2.25,47,2.0,"98040",870000.0
1370,4,1.5,45,1.0,"98001",190848.0
2340,4,1.75,91,1.0,"98115",570000.0
2290,4,4.0,75,1.5,"98116",661254.0
1650,4,2.0,60,1.0,"98117",575000.0
650,2,0.75,84,1.0,"98133",230000.0
2300,3,2.25,35,2.0,"98027",680000.0
620,1,1.0,76,1.0,"98106",148000.0
620,1,1.0,76,1.0,"98106",244900.0
1400,3,1.0,61,1.0,"98168",214950.0
1800,3,1.5,68,1.0,"98116",580000.0
1300,3,1.5,47,1.0,"98055",263000.0
2360,5,2.5,53,1.0,"98178",317000.0
3320,4,3.0,52,1.0,"98059",302000.0
1480,3,1.0,66,2.0,"98004",899000.0
2190,3,2.5,59,1.0,"98199",1289000.0
3740,3,3.25,25,2.5,"98166",710000.0
1360,3,1.0,35,1.0,"98056",230000.0
1210,3,1.0,74,1.0,"98126",430000.0
4610,5,4.25,11,2.0,"98075",1169000.0
860,3,1.0,88,1.5,"98115",397000.0
2250,3,2.5,12,2.0,"98125",595000.0
2030,3,1.75,39,1.0,"98027",485000.0
3260,5,2.5,65,1.5,"98155",755000.0
1840,3,1.0,62,1.0,"98166",185000.0
1840,3,1.0,62,1.0,"98166",340000.0
2000,4,2.75,18,2.0,"98038",236000.0
2810,4,2.5,23,2.0,"98072",550000.0
1780,3,2.0,90,1.0,"98103",680000.0
2540,4,2.5,18,2.0,"98075",630000.0
2340,3,2.0,44,1.0,"98118",560000.0
1480,3,2.0,72,1.0,"98146",385000.0
1358,3,2.25,8,3.0,"98133",280000.0
1750,3,2.5,36,1.0,"98042",225000.0
1830,4,1.75,25,2.0,"98040",610000.0
1170,3,2.0,68,1.0,"98115",592500.0
3170,4,2.75,23,2.0,"98075",750000.0
1530,4,1.0,38,2.0,"98042",164000.0
1100,2,1.0,68,1.0,"98155",320000.0
2030,4,2.5,21,2.0,"98029",544000.0
1870,3,1.75,37,1.0,"98058",344950.0
3080,3,2.5,25,2.0,"98038",539500.0
2480,4,1.75,47,1.0,"98027",420000.0
910,2,1.0,89,1.0,"98155",305000.0
810,2,1.0,60,1.0,"98133",229000.0
3990,5,3.5,14,2.0,"98059",1068000.0
1430,3,2.25,10,3.0,"98103",397500.0
2190,4,2.0,87,2.0,"98033",540000.0
2290,4,2.5,30,2.0,"98008",650000.0
3020,6,4.0,73,2.0,"98144",1900000.0
2260,2,1.75,10,2.0,"98014",649000.0
2020,5,2.0,79,1.5,"98178",287500.0
2620,4,2.75,66,1.0,"98117",815000.0
2830,2,2.5,14,2.0,"98074",795000.0
1700,3,1.75,39,1.0,"98027",502775.0
1110,2,1.0,71,1.0,"98178",222900.0
2150,4,3.0,46,1.0,"98023",399950.0
2650,4,2.5,21,2.0,"98052",728000.0
3870,5,3.5,21,2.0,"98053",850000.0
2530,4,2.75,17,2.0,"98019",525000.0
1450,3,1.0,105,1.5,"98055",257000.0
2200,3,2.5,6,2.0,"98118",433500.0
1890,4,1.75,46,1.0,"98001",314950.0
1530,3,1.75,38,1.0,"98052",500000.0
1590,3,1.5,59,1.0,"98028",300000.0
2690,4,2.5,30,2.0,"98074",645000.0
990,3,1.0,43,1.0,"98042",222500.0
1300,3,1.75,39,1.0,"98056",275000.0
1720,3,1.5,106,1.5,"98118",498000.0
2080,3,1.75,57,1.0,"98033",800000.0
1840,3,2.5,21,2.0,"98003",297000.0
4010,5,3.5,18,2.0,"98178",625000.0
3560,4,2.5,12,2.0,"98029",770000.0
1640,3,2.25,85,1.5,"98115",517000.0
530,1,1.0,74,1.0,"98103",238000.0
1990,3,1.0,69,1.0,"98168",234550.0
1690,3,2.25,42,1.0,"98003",230500.0
2670,5,2.5,95,1.5,"98125",585000.0
1930,4,1.75,91,1.5,"98105",733000.0
810,2,1.0,63,1.0,"98107",357950.0
1550,3,1.75,88,1.0,"98117",530000.0
2640,4,2.5,16,2.0,"98188",377500.0
2320,4,2.5,9,2.0,"98065",475000.0
2170,3,1.75,7,1.0,"98092",399000.0
2080,3,2.0,89,1.0,"98116",660000.0
2070,5,2.25,57,1.0,"98008",400000.0
800,2,1.0,71,1.0,"98107",440000.0
2040,4,2.25,38,1.0,"98042",366400.0
2830,4,2.5,22,2.0,"98011",627250.0
1480,3,1.75,95,1.0,"98117",375950.0
1810,3,2.25,37,1.0,"98023",162000.0
1970,3,2.75,91,2.5,"98103",780000.0
2650,4,2.5,110,1.5,"98116",705000.0
2820,4,2.5,43,1.0,"98003",450000.0
1400,3,2.75,34,1.0,"98056",311000.0
1580,3,2.5,30,2.0,"98029",485000.0
1800,3,2.5,28,2.0,"98072",485000.0
3360,5,3.75,52,2.0,"98118",725000.0
1510,3,1.0,40,1.0,"98001",185000.0
4285,4,4.25,2,2.0,"98004",1890000.0
1610,3,2.25,25,2.0,"98042",260000.0
2470,4,2.5,11,2.0,"98038",356000.0
1200,3,1.0,38,1.0,"98030",225205.0
1260,3,1.0,66,1.0,"98117",445000.0
920,2,1.0,101,1.0,"98118",356000.0
2540,5,2.75,62,1.0,"98040",760250.0
1870,2,2.0,10,1.0,"98053",572000.0
3060,3,2.25,85,1.5,"98144",970000.0
1950,4,2.5,21,2.0,"98038",348450.0
1730,3,1.5,32,2.0,"98072",535500.0
2570,5,2.5,59,1.0,"98125",710000.0
1490,3,1.75,68,1.0,"98004",745000.0
2040,4,2.5,19,2.0,"98146",355000.0
2690,4,2.5,11,2.0,"98042",333000.0
1610,3,2.5,22,2.0,"98038",282000.0
2520,3,2.0,109,1.5,"98119",840500.0
1550,3,1.75,56,1.0,"98008",432000.0
1800,3,1.0,88,1.0,"98126",625000.0
1170,3,1.0,67,1.0,"98168",209977.0
900,2,1.0,36,1.0,"98001",174000.0
2800,4,2.0,38,1.0,"98052",740000.0
1830,3,1.75,106,1.5,"98115",518000.0
1380,3,1.75,100,1.0,"98103",539000.0
1990,3,2.75,37,1.0,"98027",575000.0
1170,2,1.75,5,2.0,"98102",530000.0
1400,4,1.75,80,1.5,"98031",242025.0
2620,4,2.5,53,1.0,"98004",1030000.0
880,3,1.0,37,1.0,"98198",230000.0
2260,4,2.5,50,1.0,"98055",350000.0
1300,3,1.0,57,1.0,"98033",595000.0
1450,3,1.75,32,1.0,"98052",440000.0
1110,3,1.0,111,1.0,"98109",550000.0
1890,4,2.25,52,1.0,"98112",940000.0
1100,3,1.5,8,2.0,"98144",375000.0
1350,2,1.5,76,1.0,"98199",567500.0
3020,3,2.5,47,1.0,"98029",735000.0
730,2,1.0,87,1.0,"98146",114000.0
1390,2,1.0,102,1.0,"98119",608000.0
2710,3,1.5,35,1.5,"98053",442500.0
1530,4,2.0,34,1.0,"98133",381800.0
2170,3,2.0,96,1.0,"98116",330000.0
790,2,1.0,42,1.0,"98034",90000.0
1160,2,1.75,74,1.0,"98106",312000.0
1080,3,1.0,60,1.0,"98155",339000.0
2190,3,1.75,48,1.0,"98023",313000.0
2030,3,2.5,27,2.0,"98027",618080.0
2480,3,2.25,36,2.0,"98058",325000.0
2240,4,1.0,49,1.0,"98146",242000.0
1650,2,1.5,37,1.0,"98133",364000.0
1700,3,1.75,90,1.5,"98126",545000.0
2790,3,2.5,27,2.0,"98023",445000.0
3010,4,2.75,35,2.0,"98034",1085500.0
2550,4,2.5,51,1.0,"98007",660000.0
2880,4,2.5,26,1.0,"98052",845000.0
2090,4,2.0,108,1.0,"98144",417000.0
740,2,1.0,63,1.0,"98056",213800.0
960,2,1.75,69,1.0,"98136",400000.0
2100,4,3.5,10,2.0,"98133",759950.0
2540,4,2.5,12,2.0,"98199",990000.0
1650,3,1.75,52,1.0,"98005",710000.0
770,1,0.75,105,1.0,"98126",315000.0
2280,4,2.5,38,1.0,"98056",515000.0
1660,3,2.0,93,1.0,"98116",638000.0
2020,4,2.0,69,1.5,"98125",370000.0
970,3,1.0,47,1.0,"98001",184000.0
2480,3,2.5,13,2.0,"98053",583800.0
1250,3,1.0,47,1.0,"98059",309500.0
4430,4,4.0,17,2.0,"98005",1960000.0
740,1,1.0,92,1.0,"98118",299000.0
710,2,1.0,72,1.0,"98178",215000.0
1970,4,2.0,54,1.0,"98166",410000.0
820,2,1.0,76,1.0,"98199",478000.0
1000,2,1.0,97,1.0,"98136",431000.0
3080,4,2.5,18,2.0,"98053",635000.0
2410,5,2.25,42,2.0,"98006",648000.0
2370,3,2.5,22,2.0,"98056",640000.0
4690,5,4.5,20,2.0,"98006",932808.0
2280,2,2.0,13,1.0,"98053",835000.0
1530,2,1.75,73,1.0,"98199",469775.0
3610,5,3.5,26,2.0,"98014",587000.0
1740,3,2.0,92,1.0,"98119",677915.0
3600,4,3.0,39,1.0,"98008",1075000.0
3130,4,3.0,62,1.5,"98115",671000.0
3940,5,3.25,8,2.0,"98065",695000.0
2200,4,2.0,71,1.0,"98168",205000.0
1510,4,1.0,60,1.5,"98155",350000.0
1560,3,1.75,35,2.0,"98059",360000.0
1870,4,2.25,7,2.0,"98038",313999.0
2070,3,2.25,36,1.0,"98042",300000.0
1660,2,1.75,34,1.0,"98155",452000.0
2010,3,2.5,37,1.0,"98014",495500.0
1410,3,1.0,54,1.0,"98092",288000.0
1820,3,1.75,48,1.0,"98003",227490.0
2560,3,2.5,26,2.0,"98014",470950.0
2450,4,2.75,5,2.0,"98027",735000.0
3110,7,2.75,101,1.5,"98105",730000.0
2210,3,2.5,30,2.0,"98058",412000.0
2630,4,2.5,7,2.0,"98065",589500.0
2350,7,1.0,53,1.0,"98118",291000.0
4450,5,3.75,5,2.0,"98199",1300000.0
1200,3,1.0,54,1.0,"98023",190000.0
1210,2,1.75,111,1.0,"98125",456200.0
1290,3,1.0,49,1.0,"98023",225000.0
3490,3,2.5,47,1.0,"98074",2000000.0
3360,4,2.5,18,2.0,"98052",740000.0
2660,3,1.75,67,1.0,"98108",467000.0
770,2,1.0,69,1.0,"98177",385000.0
1800,3,2.5,30,2.0,"98119",670000.0
2900,4,2.5,56,1.0,"98118",500000.0
1430,3,2.0,70,1.0,"98155",352450.0
2550,4,2.75,26,2.0,"98059",669888.0
1310,3,2.75,58,1.0,"98008",405000.0
1430,3,1.5,59,1.0,"98007",518000.0
1880,4,1.0,41,1.0,"98178",280000.0
1600,3,2.5,10,2.0,"98029",435000.0
1760,3,2.0,19,1.0,"98022",314950.0
1180,2,2.0,10,2.0,"98038",209900.0
2330,4,2.5,35,2.0,"98052",630000.0
1960,4,1.5,53,1.5,"98052",442000.0
1140,4,1.0,71,1.0,"98166",340000.0
1400,3,1.75,58,1.0,"98031",230000.0
2710,5,2.25,60,1.0,"98011",495200.0
3510,4,2.5,17,2.0,"98075",900000.0
910,2,1.0,98,1.0,"98117",265000.0
2090,3,1.75,38,1.0,"98072",489500.0
1410,3,2.0,30,1.0,"98023",335000.0
3050,3,3.25,25,2.0,"98011",585000.0
2010,4,2.25,65,1.0,"98118",800000.0
2120,4,2.25,30,2.0,"98022",379500.0
1270,3,1.0,56,1.0,"98008",475000.0
1670,3,2.0,54,1.0,"98008",520000.0
1800,4,2.5,14,2.0,"98075",515000.0
1640,2,1.0,89,1.0,"98103",577500.0
1740,3,2.25,52,1.0,"98031",269900.0
1600,3,1.0,51,1.0,"98106",329000.0
1280,3,1.5,110,1.5,"98122",458500.0
1480,4,2.0,68,1.5,"98075",890000.0
1980,4,2.5,12,2.0,"98038",361500.0
3730,5,3.25,52,1.0,"98004",2535000.0
900,2,1.0,31,1.0,"98034",325000.0
3480,4,3.25,1,3.0,"98109",1850000.0
2840,4,2.0,63,1.0,"98004",945000.0
2490,3,2.5,10,2.0,"98042",370000.0
1510,2,2.0,9,1.0,"98053",450000.0
2900,4,2.5,21,2.0,"98075",800000.0
2240,3,2.5,20,2.0,"98117",676000.0
2040,4,1.75,94,2.0,"98102",1272500.0
1460,3,1.75,43,1.0,"98028",290000.0
990,3,1.5,53,1.0,"98003",158000.0
1970,4,1.75,55,1.0,"98133",379950.0
2660,4,2.5,14,2.0,"98053",583000.0
870,2,1.0,58,1.0,"98056",150000.0
1740,3,2.5,25,2.0,"98042",261500.0
2290,4,2.5,11,2.0,"98198",278000.0
2170,4,2.75,38,1.0,"98052",555000.0
2040,3,1.75,57,1.0,"98133",355000.0
1770,4,1.5,57,1.0,"98008",375000.0
2380,3,1.75,97,1.0,"98118",227000.0
2030,4,2.0,46,1.0,"98022",335000.0
2270,3,2.25,40,1.0,"98177",680000.0
1390,2,1.75,87,1.5,"98105",686500.0
1530,3,1.75,27,1.0,"98072",410000.0
1430,2,1.0,94,1.5,"98033",425000.0
2030,3,2.5,27,1.0,"98074",562500.0
2390,4,2.5,12,2.0,"98056",345000.0
2540,4,2.5,36,1.0,"98006",627500.0
1890,3,1.0,53,1.0,"98024",355000.0
1870,3,2.25,29,2.0,"98038",335000.0
1780,4,3.0,62,1.0,"98118",350000.0
1610,3,1.0,37,1.0,"98053",590000.0
1420,3,2.0,25,2.0,"98023",252000.0
4440,5,4.0,47,1.0,"98040",1295000.0
1820,4,2.0,68,2.0,"98119",705000.0
1620,3,2.0,47,1.0,"98052",498000.0
870,2,1.0,67,1.0,"98133",312500.0
1830,4,1.75,53,1.0,"98198",260000.0
2290,3,1.5,48,1.0,"98042",209950.0
1110,3,1.75,48,1.0,"98006",610000.0
1440,4,1.0,109,1.5,"98107",500000.0
3070,3,3.5,87,1.0,"98125",850000.0
2440,4,2.5,54,1.0,"98006",689000.0
2410,4,2.0,41,2.0,"98008",470000.0
2270,3,3.0,13,2.0,"98056",640000.0
2340,4,1.75,55,1.0,"98146",290000.0
1800,3,2.5,32,2.0,"98003",258500.0
2210,4,3.5,38,1.0,"98004",1100000.0
1820,3,1.75,38,1.0,"98053",420000.0
1190,3,1.0,60,1.0,"98198",230000.0
1400,3,1.5,29,1.0,"98038",252000.0
2600,3,2.5,12,2.0,"98028",515000.0
910,2,1.0,110,1.0,"98107",425000.0
1760,3,2.5,21,2.0,"98126",575000.0
860,2,1.0,106,1.0,"98117",390000.0
2310,4,2.25,47,1.0,"98033",561500.0
2000,4,1.75,89,1.5,"98112",1350000.0
2460,5,2.75,60,1.0,"98115",835000.0
1020,2,1.0,82,1.5,"98168",245000.0
1670,3,2.5,15,2.0,"98027",475200.0
790,2,1.0,74,1.0,"98117",425000.0
2010,2,1.5,63,2.0,"98178",218000.0
2600,4,2.5,16,2.0,"98056",600000.0
1890,4,2.25,48,1.0,"98008",545000.0
4600,5,2.5,97,1.5,"98004",2408000.0
2008,5,3.0,23,1.0,"98118",460000.0
880,2,1.0,65,1.0,"98116",425000.0
1700,3,1.75,60,1.0,"98006",455000.0
1730,3,2.0,21,1.0,"98001",313100.0
3910,4,3.5,28,2.0,"98027",780000.0
2160,4,2.5,16,2.0,"98031",345500.0
1200,3,1.75,40,1.0,"98031",243000.0
3860,5,3.5,42,1.0,"98034",670000.0
1320,3,1.5,32,1.0,"98019",325000.0
1280,2,1.0,64,1.0,"98178",281000.0
1100,3,1.0,102,1.0,"98108",130000.0
2170,3,2.5,20,2.0,"98038",340000.0
2720,4,2.75,38,2.0,"98059",485000.0
2520,4,2.75,1,2.0,"98072",642860.0
2560,3,1.75,104,1.0,"98112",747000.0
2650,4,2.5,36,2.0,"98133",559950.0
2870,4,2.75,7,2.0,"98108",577288.0
1230,2,1.0,95,1.5,"98117",575000.0
1450,3,1.0,62,1.0,"98118",287000.0
3180,4,3.75,3,2.0,"98033",1149000.0
1800,2,1.0,70,1.0,"98168",335000.0
2020,4,2.25,49,2.0,"98056",375000.0
620,2,1.0,89,1.0,"98125",325000.0
2190,3,2.25,39,1.0,"98059",530000.0
1980,4,2.25,38,1.0,"98032",287000.0
2970,5,3.0,36,1.0,"98023",320000.0
2270,4,2.5,9,2.0,"98065",425000.0
1630,3,1.0,61,1.0,"98117",550000.0
1520,3,1.0,54,1.0,"98023",135000.0
2080,3,1.75,91,1.5,"98144",695000.0
3020,5,2.5,38,1.0,"98006",975000.0
2180,4,1.75,65,1.0,"98198",210000.0
1780,4,1.75,64,1.0,"98125",518000.0
1370,3,1.0,85,2.0,"98125",335500.0
3050,4,3.5,31,2.0,"98126",750000.0
1490,3,1.75,59,1.0,"98006",515000.0
1800,4,2.75,13,1.0,"98055",344500.0
1760,3,1.5,57,1.0,"98118",470000.0
1770,4,1.75,48,1.0,"98008",606150.0
2910,4,2.75,17,1.0,"98002",292000.0
2880,3,2.5,36,2.0,"98092",450000.0
2520,3,1.75,58,1.0,"98126",429000.0
3190,4,2.5,27,2.0,"98053",765000.0
540,2,1.0,110,1.0,"98107",425000.0
3170,4,2.5,15,2.0,"98059",505000.0
1830,3,1.75,58,1.0,"98008",544950.0
1360,3,2.0,79,1.5,"98126",382000.0
1870,3,1.75,37,2.0,"98014",475000.0
1370,3,1.5,33,2.0,"98034",355000.0
1700,4,2.5,43,1.0,"98034",410000.0
1960,4,2.0,115,1.0,"98144",450000.0
4140,7,4.5,37,1.0,"98125",565000.0
1290,2,1.0,74,1.5,"98115",529100.0
2460,4,2.5,9,2.0,"98065",452500.0
1580,4,2.0,48,1.0,"98003",245000.0
700,1,1.0,61,1.0,"98117",415000.0
2410,4,2.5,25,2.0,"98074",610000.0
2180,4,1.75,53,1.0,"98178",363500.0
1950,3,2.75,46,1.0,"98052",510000.0
2630,4,2.5,19,2.0,"98053",650000.0
2050,4,2.5,42,2.0,"98058",290000.0
790,3,1.0,71,1.0,"98178",170000.0
1070,2,1.0,115,1.0,"98122",510000.0
2320,4,2.5,28,2.0,"98003",316000.0
2670,4,2.5,26,2.0,"98029",690000.0
700,2,1.0,63,1.0,"98056",199950.0
860,3,1.0,55,1.0,"98178",207000.0
3490,4,2.25,39,1.5,"98058",449950.0
1160,3,1.75,35,1.0,"98059",361550.0
3650,4,3.5,19,2.0,"98077",824000.0
1550,3,1.75,58,1.0,"98008",537000.0
2620,4,2.5,41,2.5,"98040",838400.0
720,2,1.0,68,1.0,"98126",225000.0
1380,3,2.0,33,1.0,"98106",329900.0
1170,4,1.0,73,1.0,"98065",282500.0
1170,3,1.75,46,1.0,"98042",229950.0
1630,2,1.0,68,1.0,"98125",500000.0
1890,3,1.75,48,1.0,"98125",495000.0
1010,3,1.0,56,1.0,"98198",149500.0
2040,3,2.5,41,1.0,"98005",726000.0
4080,4,2.5,17,2.0,"98075",899000.0
1270,3,1.0,60,1.0,"98056",317000.0
790,1,1.0,62,1.0,"98199",395000.0
2580,4,3.0,16,2.0,"98058",360000.0
2290,4,2.5,19,2.0,"98029",570000.0
3490,4,2.5,12,2.0,"98042",320000.0
1510,3,1.75,39,1.5,"98058",320000.0
2400,5,2.5,11,2.0,"98042",268000.0
900,2,1.0,110,1.0,"98108",191000.0
1270,2,1.0,66,1.0,"98126",400000.0
1050,2,1.0,108,1.0,"98107",515000.0
2950,4,2.5,11,2.0,"98065",610000.0
1850,2,1.75,86,1.0,"98115",538000.0
1970,3,2.5,12,2.0,"98065",432000.0
2400,4,2.25,37,2.0,"98055",335000.0
2360,5,1.75,89,1.5,"98133",302000.0
1580,4,1.75,52,1.0,"98039",787500.0
1790,3,1.0,78,1.0,"98133",420000.0
2840,3,2.5,24,2.0,"98014",560000.0
1970,3,2.5,26,2.0,"98029",535000.0
1780,3,2.5,25,1.0,"98106",310000.0
3920,5,2.0,105,1.5,"98144",760000.0
1550,3,1.75,10,2.0,"98055",242500.0
2980,6,3.0,104,1.5,"98119",1313000.0
1270,3,1.0,66,1.0,"98055",235000.0
3040,4,2.25,52,1.0,"98007",598780.0
2075,3,2.5,13,2.0,"98045",433200.0
1110,2,1.0,73,1.0,"98056",343000.0
800,2,1.0,51,1.0,"98033",145000.0
680,1,1.0,63,1.0,"98058",291970.0
1680,3,1.0,66,1.0,"98146",599950.0
3910,4,2.5,107,1.5,"98004",1749000.0
2780,4,1.75,51,1.0,"98004",870000.0
2000,4,2.75,23,2.0,"98038",323000.0
3150,4,3.0,14,2.0,"98075",727000.0
1120,1,1.0,27,1.0,"98001",166000.0
1740,4,1.75,54,1.0,"98155",450000.0
2970,3,2.5,48,1.0,"98072",400000.0
2970,3,2.5,48,1.0,"98072",599000.0
1150,3,1.0,107,1.0,"98001",165000.0
1190,2,1.0,74,1.0,"98168",229000.0
900,1,1.0,69,1.0,"98155",305000.0
2950,3,3.25,14,2.0,"98116",930000.0
1990,3,2.5,51,1.0,"98007",542000.0
1020,3,1.0,115,1.0,"98010",214000.0
2070,3,2.5,14,2.0,"98033",718000.0
1430,3,2.5,13,3.0,"98103",349000.0
2030,3,2.5,18,2.0,"98031",305000.0
1620,3,2.5,115,2.0,"98122",498000.0
4220,4,3.5,22,2.0,"98092",799950.0
2300,3,2.5,18,2.0,"98052",737000.0
3830,4,3.25,14,2.0,"98075",860000.0
2390,3,2.5,31,1.0,"98042",339950.0
1440,3,2.25,33,1.0,"98031",249000.0
910,2,1.0,105,1.0,"98126",370000.0
1550,3,2.0,51,1.0,"98040",725000.0
2380,5,2.5,39,1.0,"98059",529000.0
2060,4,2.75,27,1.0,"98198",310000.0
1880,4,2.25,34,2.0,"98058",315000.0
3470,4,2.5,88,2.0,"98119",1300000.0
2360,3,2.0,51,2.0,"98059",435000.0
1970,3,1.75,36,1.0,"98056",350000.0
1040,3,1.0,67,1.0,"98055",240000.0
1420,3,2.25,28,2.0,"98116",410000.0
2290,4,2.75,12,2.0,"98059",430000.0
1530,4,2.5,41,1.0,"98034",446000.0
1360,3,1.5,31,1.5,"98045",240000.0
3680,4,3.0,45,1.5,"98027",595000.0
920,3,1.0,46,1.0,"98042",215150.0
1070,2,1.0,66,1.0,"98178",319950.0
1590,3,2.0,15,2.0,"98070",385000.0
1600,3,2.5,24,2.0,"98042",280000.0
1510,3,2.5,41,1.0,"98034",399950.0
1080,3,1.0,48,1.0,"98001",132500.0
1330,2,0.75,99,1.0,"98126",399950.0
850,2,1.0,67,1.0,"98133",290000.0
1960,5,2.25,57,1.0,"98004",860000.0
1530,4,1.0,67,1.5,"98178",245000.0
1320,3,1.5,59,1.0,"98178",255000.0
2320,4,3.0,39,2.0,"98155",310000.0
960,3,1.0,60,1.0,"98155",299000.0
2040,4,2.5,19,2.0,"98029",575000.0
1080,3,1.0,71,1.0,"98133",284000.0
2020,3,1.75,89,1.0,"98115",840000.0
1780,3,1.75,35,1.0,"98034",442573.0
1140,3,1.0,84,1.0,"98115",560000.0
1610,3,2.0,98,1.0,"98136",485000.0
1440,4,1.75,54,1.0,"98033",472500.0
4270,4,2.75,19,2.0,"98004",1610000.0
3460,8,3.75,28,2.0,"98105",808000.0
1890,3,1.75,65,1.5,"98011",398000.0
2240,3,2.5,12,2.0,"98059",340000.0
760,2,1.0,105,1.5,"98108",380000.0
1020,3,1.0,67,1.0,"98168",235000.0
1330,3,1.5,59,1.0,"98034",400000.0
2780,5,2.5,47,1.0,"98006",582000.0
1070,2,1.0,53,1.0,"98168",209000.0
2660,5,3.0,53,1.5,"98058",335000.0
710,2,1.0,73,1.0,"98146",285950.0
3340,5,2.25,40,2.0,"98027",645000.0
1160,2,1.0,99,1.5,"98014",312000.0
2840,3,2.25,48,1.0,"98075",663000.0
2000,3,1.75,69,1.0,"98056",443950.0
1060,3,2.0,34,1.0,"98126",315000.0
1730,4,1.5,51,1.0,"98058",302200.0
2190,3,2.5,36,2.0,"98033",770000.0
1660,4,1.75,41,1.0,"98058",374950.0
2210,3,2.5,26,2.0,"98023",330000.0
870,2,1.0,73,1.0,"98106",230000.0
3100,4,2.5,5,2.0,"98115",967000.0
1720,4,2.5,15,2.0,"98144",536500.0
3120,6,4.0,22,2.0,"98106",315000.0
1040,3,1.0,91,1.0,"98117",626000.0
1650,4,2.0,55,1.0,"98034",334009.0
1010,2,1.0,91,1.0,"98107",429000.0
4020,4,2.5,28,2.0,"98072",818000.0
2166,5,2.75,2,2.0,"98042",326000.0
1880,5,3.0,18,1.0,"98106",310000.0
2260,4,2.0,68,1.0,"98177",525000.0
2010,3,2.25,29,1.5,"98055",350000.0
3330,4,2.5,14,2.0,"98074",936000.0
1520,3,1.0,61,1.0,"98166",226000.0
3510,5,3.5,7,2.0,"98105",1250000.0
1580,3,1.75,30,1.0,"98022",428000.0
1460,3,1.5,44,1.0,"98133",329932.0
1460,3,1.5,44,1.0,"98133",539000.0
1650,3,1.75,38,1.0,"98023",275000.0
2660,4,2.5,22,2.0,"98045",590000.0
3510,4,2.5,18,2.0,"98053",782000.0
2120,4,2.5,30,2.0,"98027",575000.0
1780,3,2.25,19,2.0,"98133",509000.0
2000,4,2.5,47,1.0,"98001",290000.0
1300,3,1.0,59,1.0,"98133",305240.0
2180,3,2.0,85,1.5,"98126",555000.0
1790,3,2.0,35,1.0,"98058",317000.0
1910,3,2.0,44,1.5,"98074",430000.0
1800,2,1.5,53,1.0,"98116",850000.0
2620,3,2.25,39,1.0,"98155",469000.0
1440,2,2.0,73,1.0,"98168",327200.0
2790,3,3.0,38,2.0,"98198",835000.0
2340,4,2.5,25,2.0,"98042",360000.0
2070,4,2.5,16,2.0,"98178",372000.0
2160,3,1.0,47,1.5,"98034",453000.0
2090,2,1.75,84,1.0,"98188",275000.0
2040,4,2.5,52,2.0,"98133",475000.0
1950,4,2.75,29,1.0,"98031",310000.0
1200,4,2.0,58,1.0,"98188",173000.0
2240,5,3.0,30,1.0,"98045",313500.0
1360,3,2.5,8,2.0,"98126",345000.0
1500,3,1.5,60,1.0,"98177",436000.0
1300,2,1.75,76,1.0,"98168",244500.0
1140,3,1.75,47,1.0,"98001",206000.0
2930,4,2.5,10,2.0,"98052",890000.0
2140,4,2.25,29,2.0,"98092",329950.0
1628,3,1.75,19,1.0,"98092",250000.0
1990,3,2.0,66,1.0,"98022",246000.0
1950,3,1.75,36,1.0,"98072",440000.0
1910,4,1.75,40,1.0,"98072",395000.0
820,3,1.0,97,1.0,"98118",305000.0
1470,3,2.25,30,1.0,"98003",160000.0
1470,3,2.25,30,1.0,"98003",269000.0
1060,3,1.0,53,1.0,"98023",169500.0
3130,4,2.75,1,2.0,"98155",690500.0
1260,2,1.5,58,1.0,"98177",245560.0
2200,4,2.75,28,2.0,"98023",345000.0
2580,4,1.75,57,1.0,"98056",383000.0
1350,3,2.25,8,2.0,"98144",388500.0
1350,3,1.75,30,1.0,"98003",250000.0
2290,3,1.75,42,1.0,"98042",455500.0
1220,3,1.0,61,1.0,"98004",672000.0
2750,4,1.5,57,1.0,"98055",550000.0
1430,3,1.75,56,1.0,"98008",487000.0
2220,4,2.5,14,2.0,"98059",291375.0
1490,3,1.0,69,1.0,"98133",225000.0
2440,5,3.5,41,2.0,"98075",519950.0
2070,3,2.5,25,2.0,"98002",250000.0
1500,3,1.0,115,1.5,"98119",614950.0
2020,4,2.25,31,2.0,"98052",599500.0
2190,4,1.5,63,1.0,"98177",625000.0
780,2,1.0,57,1.0,"98168",248500.0
1220,5,2.0,94,1.0,"98105",469950.0
1840,3,1.5,45,1.0,"98033",525000.0
2390,2,2.5,66,2.0,"98146",787500.0
3710,4,2.5,10,1.0,"98001",485000.0
750,2,1.0,96,1.0,"98118",310000.0
2110,5,2.0,49,1.0,"98118",280000.0
1020,4,1.0,93,1.5,"98072",200000.0
3080,3,2.5,9,2.0,"98055",490000.0
900,3,1.0,46,1.0,"98023",146000.0
3720,5,3.0,29,2.0,"98001",500000.0
940,3,1.0,56,1.0,"98058",242500.0
1040,3,1.0,56,1.0,"98125",324950.0
1000,2,1.0,72,1.0,"98056",231500.0
2080,3,2.5,26,2.0,"98023",300000.0
2500,4,2.5,18,2.0,"98045",545000.0
1050,3,1.0,60,1.0,"98133",350000.0
1620,3,1.75,42,1.0,"98052",467100.0
1610,3,1.0,56,1.5,"98032",180000.0
2130,4,1.5,95,2.0,"98144",749000.0
1460,3,2.5,26,2.0,"98023",245000.0
1600,5,1.0,53,1.0,"98031",260000.0
1730,3,3.0,30,3.0,"98117",490000.0
2280,4,2.5,12,2.0,"98075",565000.0
2430,4,2.25,32,2.0,"98058",330000.0
1380,3,1.0,52,1.0,"98056",295000.0
1790,3,1.5,112,1.5,"98115",725000.0
3370,4,2.5,16,2.0,"98007",1135000.0
2920,3,2.25,59,1.0,"98177",680000.0
2180,2,1.0,68,1.0,"98177",490000.0
1480,3,1.75,89,1.5,"98117",635000.0
2350,3,2.5,36,1.5,"98022",750000.0
2440,4,2.25,32,2.0,"98023",330000.0
1350,3,2.5,8,2.0,"98106",270000.0
1970,3,2.25,18,2.0,"98056",340000.0
1110,3,0.75,64,1.0,"98117",413252.0
2950,4,2.75,8,2.0,"98028",600000.0
2970,5,3.0,16,2.0,"98075",726888.0
720,2,1.0,72,1.0,"98126",285000.0
770,2,1.0,86,1.0,"98117",365000.0
1650,4,2.0,51,1.0,"98133",295000.0
1620,3,2.25,46,1.0,"98034",460000.0
1510,3,1.5,68,1.5,"98198",230000.0
1070,3,1.0,64,1.0,"98125",337000.0
1010,3,1.0,58,1.0,"98133",300000.0
3370,4,2.5,53,1.0,"98112",2300000.0
2000,4,2.5,12,2.0,"98038",360000.0
2060,3,2.5,28,2.0,"98029",585000.0
1740,3,2.25,37,1.0,"98023",182700.0
1740,3,2.25,37,1.0,"98023",305000.0
1880,3,2.5,21,2.0,"98055",309950.0
960,3,1.0,43,1.0,"98033",550000.0
3280,3,2.5,30,1.0,"98074",825000.0
1570,2,1.0,101,1.5,"98122",998500.0
2990,4,2.5,11,2.0,"98074",644500.0
1250,3,2.0,47,1.0,"98059",320000.0
1920,3,2.5,10,2.0,"98042",266950.0
2470,4,2.5,22,2.0,"98053",633100.0
960,2,1.0,64,1.0,"98103",395000.0
940,3,1.0,68,1.0,"98103",259250.0
1260,3,1.0,47,1.0,"98014",300000.0
2280,3,1.75,38,1.0,"98092",413000.0
1740,3,2.25,57,1.0,"98177",435000.0
2630,4,2.75,39,1.0,"98072",500000.0
2430,4,1.75,62,1.0,"98108",402000.0
2260,3,2.5,20,1.5,"98070",777700.0
1220,2,1.5,77,1.0,"98103",580000.0
2580,3,1.75,29,1.0,"98072",570000.0
730,2,1.0,65,1.0,"98198",174950.0
760,2,1.0,102,1.0,"98144",300000.0
1740,3,1.5,65,1.0,"98133",435000.0
3420,4,2.5,15,2.0,"98074",840000.0
2240,5,2.5,49,1.0,"98177",469000.0
1920,4,1.75,108,2.0,"98119",870000.0
2020,4,1.75,36,1.0,"98052",532000.0
1880,4,1.5,60,1.0,"98177",455000.0
1010,3,1.0,54,1.0,"98019",201000.0
3990,5,3.25,24,2.0,"98042",649000.0
1390,2,1.75,74,1.0,"98115",445500.0
1230,3,2.0,31,1.0,"98052",475000.0
2940,4,2.5,23,2.0,"98077",590000.0
2190,4,1.5,80,2.0,"98136",565000.0
640,1,1.0,95,1.0,"98126",110000.0
1670,3,2.5,41,1.0,"98126",375000.0
1240,3,1.5,48,1.0,"98058",255000.0
1850,5,1.75,78,1.5,"98168",315000.0
2020,4,2.25,54,1.0,"98006",496600.0
1020,3,1.0,71,1.0,"98118",380000.0
1610,3,1.75,41,1.0,"98042",338950.0
2730,5,3.5,26,1.0,"98027",542500.0
2840,5,2.5,102,1.0,"98144",739000.0
1290,4,1.75,109,2.0,"98103",549000.0
1670,3,2.25,38,1.0,"98031",252000.0
3860,4,4.5,11,2.0,"98006",1698890.0
2460,4,1.75,106,1.5,"98115",735000.0
1660,4,2.5,37,1.0,"98198",270000.0
3420,3,2.5,64,1.0,"98112",2250000.0
1010,2,1.0,25,1.5,"98014",155000.0
2240,4,2.5,54,1.0,"98108",469000.0
2340,4,2.25,50,2.0,"98118",305000.0
1920,3,1.75,91,1.0,"98107",675000.0
2460,3,2.5,86,1.5,"98109",931000.0
1470,3,1.0,65,1.0,"98155",385000.0
3400,3,2.5,14,2.0,"98075",815000.0
1910,3,2.25,36,1.0,"98034",531000.0
1400,4,1.0,114,1.0,"98144",386500.0
1520,3,1.75,32,1.0,"98074",475580.0
930,2,1.0,76,1.0,"98133",358000.0
2340,5,1.0,97,2.0,"98116",677500.0
2920,3,2.5,7,3.0,"98056",868500.0
1270,3,1.75,48,1.0,"98005",599380.0
2450,4,2.25,36,1.0,"98074",712000.0
1380,5,1.75,60,1.0,"98106",350000.0
2520,4,2.0,94,1.0,"98103",875000.0
2290,3,2.25,27,2.0,"98058",365000.0
1660,4,2.0,70,1.0,"98126",452000.0
2800,3,2.75,58,1.0,"98004",915000.0
1690,3,2.5,10,2.0,"98053",482500.0
1180,3,1.0,66,1.5,"98133",425000.0
1390,2,1.75,99,1.0,"98105",460000.0
2320,4,2.0,102,1.5,"98118",666570.0
2270,3,2.25,35,1.0,"98042",390000.0
2640,4,1.75,49,1.0,"98008",650000.0
1680,3,2.0,22,1.0,"98022",305000.0
990,3,1.0,66,1.0,"98146",250000.0
2770,4,2.5,11,2.0,"98058",438800.0
950,2,1.0,72,1.0,"98118",290000.0
2160,4,2.0,86,2.0,"98055",324950.0
1650,3,2.5,24,2.0,"98107",453000.0
1800,3,1.0,86,1.5,"98117",556000.0
1660,3,2.0,44,1.0,"98045",315000.0
1870,3,2.5,12,2.0,"98011",445830.0
3220,3,3.5,24,2.0,"98116",1260000.0
1850,3,3.0,23,1.0,"98038",287200.0
1580,4,1.5,70,1.5,"98115",525000.0
4590,4,4.25,12,2.0,"98033",1135000.0
2700,3,1.75,48,1.0,"98059",381000.0
1020,3,1.75,62,1.5,"98155",360000.0
2950,5,3.5,11,3.0,"98144",619000.0
1780,2,1.75,39,1.0,"98038",535000.0
710,2,1.0,110,1.0,"98117",402000.0
4300,4,3.5,23,2.0,"98058",600000.0
2080,3,2.5,41,1.0,"98166",549950.0
2360,4,2.0,60,1.0,"98178",300000.0
2210,6,2.0,46,2.0,"98059",360000.0
4340,7,3.25,29,2.0,"98106",419000.0
1320,3,3.0,6,3.0,"98117",510000.0
1980,3,2.5,24,2.0,"98022",319950.0
3960,5,5.0,17,2.0,"98038",1180000.0
2130,4,2.5,12,2.0,"98058",381000.0
1720,3,2.5,23,2.0,"98031",256900.0
1790,5,1.0,51,1.0,"98030",346000.0
1390,2,2.25,6,3.0,"98052",465000.0
1900,3,2.0,42,1.0,"98027",545000.0
1640,2,1.75,90,1.0,"98115",516000.0
2700,4,2.5,47,1.0,"98136",550000.0
2200,4,2.25,25,2.0,"98042",339950.0
1310,3,1.0,62,1.0,"98133",417000.0
2480,4,2.5,64,1.0,"98105",906000.0
3010,4,2.25,42,2.0,"98040",980000.0
2450,4,2.5,14,2.0,"98056",555000.0
1250,2,1.75,29,1.0,"98033",468000.0
2610,3,1.75,34,1.0,"98022",378000.0
2010,4,2.5,53,1.5,"98059",430000.0
3120,4,2.5,12,2.0,"98027",730100.0
1370,4,1.5,54,1.5,"98198",219000.0
2420,3,2.5,25,1.0,"98074",570000.0
1500,4,2.75,36,1.0,"98032",262500.0
2630,5,2.5,12,2.0,"98019",525000.0
950,2,1.0,96,1.0,"98117",520000.0
2680,3,3.0,45,1.0,"98055",417400.0
3680,4,3.25,12,2.0,"98027",788000.0
1270,3,1.0,59,1.0,"98056",320000.0
2330,6,1.0,95,1.5,"98117",950000.0
960,3,1.0,60,1.0,"98155",255000.0
1990,4,2.5,26,2.0,"98023",260000.0
1450,3,1.0,92,1.0,"98126",394000.0
2280,4,2.5,19,2.0,"98072",575000.0
1830,4,2.25,92,2.0,"98112",1250000.0
1650,3,2.25,46,1.0,"98011",385000.0
2720,5,2.75,47,1.0,"98092",456000.0
1710,4,2.5,36,1.0,"98115",637000.0
1420,5,1.5,51,1.0,"98008",485000.0
1440,3,1.75,64,1.0,"98125",315275.0
1280,2,1.5,48,1.0,"98058",252500.0
1320,2,1.0,49,1.0,"98027",240000.0
2560,4,2.5,66,1.0,"98115",790000.0
1480,3,1.0,63,1.0,"98133",310000.0
2960,4,2.5,30,2.0,"98146",1250000.0
1160,2,1.0,73,1.0,"98126",425000.0
2110,3,2.5,14,2.0,"98072",548000.0
1650,3,2.5,29,1.0,"98027",379880.0
1950,3,2.5,27,2.0,"98074",530000.0
2600,3,2.25,38,1.5,"98027",695000.0
1270,3,1.0,87,1.5,"98126",435000.0
1300,3,1.75,32,1.0,"98053",540000.0
1790,3,2.25,48,1.0,"98072",425000.0
1930,3,2.5,10,2.0,"98125",490000.0
1200,4,1.0,92,1.5,"98106",220000.0
2050,4,2.5,14,2.0,"98034",540000.0
1710,3,1.0,69,1.0,"98105",670000.0
2130,3,1.75,62,1.0,"98004",667500.0
1700,3,3.5,5,2.0,"98116",585000.0
1390,3,1.5,39,1.0,"98014",225000.0
1230,3,1.0,61,1.0,"98006",375000.0
1490,3,2.0,48,1.0,"98177",335000.0
2440,5,3.25,1,2.0,"98155",680000.0
970,3,1.0,65,1.0,"98112",600000.0
1700,4,2.0,61,1.0,"98168",161000.0
1700,4,2.0,61,1.0,"98168",220000.0
1720,3,1.75,83,1.5,"98019",420000.0
1400,3,1.0,106,1.5,"98119",710000.0
2570,4,2.5,57,1.0,"98117",626000.0
1200,3,1.5,56,1.0,"98146",279500.0
4390,4,3.5,25,2.0,"98040",1610000.0
1080,2,1.0,61,1.0,"98106",325000.0
1860,4,2.25,49,1.0,"98058",380000.0
2150,4,2.75,36,1.0,"98011",470000.0
2250,4,3.0,29,2.0,"98058",363000.0
2050,4,2.25,38,2.0,"98023",245000.0
1010,3,1.0,113,1.0,"98102",525000.0
5850,5,3.5,37,2.0,"98004",1700000.0
1900,4,2.25,52,1.0,"98199",658500.0
1020,2,1.0,74,1.0,"98136",680000.0
3390,4,2.0,28,2.0,"98077",835000.0
1990,4,2.5,10,2.0,"98107",595000.0
3190,4,2.5,10,2.0,"98038",419000.0
1210,2,1.0,75,1.0,"98042",198900.0
3740,4,3.25,27,1.0,"98077",1085000.0
2150,3,3.5,17,2.0,"98074",500000.0
2440,4,1.75,55,1.0,"98177",575000.0
1230,2,1.5,15,3.0,"98125",324950.0
2740,3,2.5,51,2.0,"98168",259000.0
2260,2,2.0,25,1.0,"98011",551000.0
1000,2,1.5,73,1.0,"98103",488000.0
2350,4,2.25,35,2.0,"98053",635000.0
2300,3,2.5,26,2.0,"98031",395000.0
1440,3,1.0,87,1.5,"98155",370000.0
2780,4,3.0,96,1.5,"98116",675000.0
1200,3,1.0,61,1.0,"98133",402000.0
3040,3,2.75,28,2.0,"98034",825000.0
2660,3,2.75,53,1.0,"98038",579000.0
1510,5,2.0,32,2.0,"98122",455000.0
1780,3,2.5,26,2.0,"98092",265000.0
2920,5,2.75,39,1.0,"98006",713500.0
1550,3,1.0,53,1.0,"98056",240000.0
2710,4,3.0,9,2.5,"98022",570000.0
1140,3,1.0,34,1.0,"98027",243800.0
940,2,1.0,97,1.0,"98103",543000.0
2160,3,2.25,33,2.0,"98112",1010000.0
2470,4,2.25,36,2.0,"98075",625000.0
2800,4,2.5,9,2.0,"98038",459950.0
2420,4,2.75,30,1.0,"98038",370000.0
1460,4,2.0,56,1.0,"98178",150000.0
1820,3,1.5,69,1.5,"98119",683500.0
1520,3,2.5,8,2.0,"98119",499950.0
1320,2,1.0,96,1.0,"98108",255000.0
1920,3,2.5,26,2.0,"98031",279000.0
2640,5,3.0,6,2.0,"98115",910000.0
2650,4,2.5,9,2.0,"98125",699000.0
3640,4,3.25,91,1.0,"98039",1651000.0
1420,3,1.0,34,1.0,"98030",248000.0
1540,3,1.0,56,1.0,"98001",429000.0
1550,4,1.0,85,1.5,"98166",685000.0
730,2,1.0,88,1.0,"98126",316000.0
2020,2,1.0,94,1.0,"98118",410000.0
1200,3,1.0,60,1.0,"98045",299000.0
1240,2,1.0,77,1.0,"98126",559000.0
2680,3,2.25,37,2.0,"98027",575000.0
1640,3,2.5,17,2.0,"98122",602000.0
1640,4,2.0,108,2.0,"98107",492000.0
1610,3,2.5,11,2.0,"98038",293500.0
2290,3,2.75,48,1.0,"98056",481000.0
2130,4,2.25,38,1.0,"98055",311100.0
2140,3,1.75,45,1.5,"98014",375000.0
4020,3,3.0,16,1.5,"98045",1075000.0
2030,5,2.5,47,1.0,"98052",500000.0
1380,3,1.0,97,1.0,"98136",553000.0
1780,3,2.0,88,1.0,"98103",760000.0
1440,4,1.5,55,1.0,"98136",589500.0
2790,5,2.75,56,1.0,"98115",840000.0
4190,4,3.0,87,2.5,"98112",2546000.0
3870,3,2.5,18,2.0,"98008",1275000.0
1850,3,2.5,47,1.0,"98058",260000.0
1550,3,2.25,11,3.0,"98103",430000.0
1920,3,2.5,15,3.0,"98103",781000.0
790,2,1.0,68,1.0,"98106",280000.0
3740,5,2.25,57,1.5,"98198",392000.0
1340,3,1.5,56,1.0,"98008",466200.0
1620,3,1.75,89,1.0,"98117",641000.0
1680,3,1.0,64,1.0,"98117",350000.0
1610,3,2.0,19,2.0,"98029",450000.0
4460,4,3.5,53,1.0,"98039",1800000.0
1200,3,1.5,49,2.0,"98055",185000.0
1250,2,1.0,57,1.0,"98056",290000.0
3630,3,2.5,16,2.0,"98074",964000.0
4260,4,3.0,15,2.0,"98040",2000000.0
2180,3,2.5,36,1.0,"98075",545000.0
1760,3,2.25,36,1.0,"98033",609950.0
1820,4,2.0,74,1.0,"98103",605000.0
2120,4,2.5,54,1.0,"98006",550000.0
2730,4,2.75,6,2.0,"98199",905000.0
2430,3,2.5,29,2.0,"98058",384200.0
1170,3,1.0,50,1.0,"98126",370000.0
2090,3,1.0,84,1.5,"98199",717500.0
3910,4,3.25,82,2.0,"98199",1999000.0
1140,2,1.0,106,1.0,"98177",365500.0
1460,2,1.5,103,1.5,"98115",580000.0
2700,4,1.5,75,1.5,"98022",415000.0
670,2,1.0,73,1.0,"98126",272000.0
1880,3,1.75,70,1.0,"98115",600000.0
1980,4,3.0,74,2.5,"98136",744000.0
2080,3,3.0,11,1.5,"98034",830000.0
1380,3,3.25,15,3.0,"98133",322000.0
1808,3,2.5,10,1.0,"98001",270000.0
1350,3,1.0,61,1.5,"98188",272450.0
1760,3,3.0,7,2.0,"98107",605000.0
1950,3,1.75,53,1.0,"98011",510000.0
3170,4,3.5,16,2.0,"98112",1125000.0
3000,4,2.5,78,2.0,"98105",1688000.0
1460,4,1.0,40,1.0,"98010",162000.0
1350,3,1.75,42,1.0,"98198",337500.0
1470,3,2.25,42,1.0,"98055",312000.0
3350,4,3.0,11,2.0,"98010",740000.0
3350,4,3.0,11,2.0,"98010",700000.0
1360,4,1.0,67,1.0,"98133",328000.0
1020,3,1.0,34,1.0,"98032",241000.0
1840,3,2.25,35,1.0,"98031",265000.0
2030,5,1.75,57,1.0,"98002",246000.0
1490,4,1.75,75,1.0,"98146",271000.0
2060,2,1.0,53,1.0,"98168",270000.0
2240,4,2.0,71,1.5,"98125",395000.0
1460,3,2.0,58,1.0,"98118",340000.0
2140,3,1.75,67,1.0,"98146",340000.0
1420,2,2.25,8,2.0,"98106",335000.0
1060,2,1.0,72,1.5,"98105",435000.0
1760,4,1.75,89,1.0,"98103",527950.0
2320,2,2.25,39,2.0,"98070",600000.0
1770,3,1.75,52,1.0,"98117",667000.0
4590,10,5.25,7,1.0,"98004",1148000.0
2040,3,2.5,15,2.0,"98055",417000.0
1260,4,1.75,72,1.0,"98027",451000.0
1650,2,1.0,72,1.0,"98199",580000.0
2380,4,2.25,38,2.0,"98077",570000.0
2750,5,3.25,78,2.0,"98033",750000.0
2810,3,2.5,14,2.0,"98006",685000.0
1340,3,2.0,71,1.0,"98052",275000.0
2420,3,2.5,26,2.0,"98075",739888.0
2160,2,2.5,13,1.0,"98053",715000.0
2450,4,2.0,102,1.0,"98102",800000.0
1870,3,1.5,92,1.0,"98108",350000.0
1000,3,1.0,82,1.0,"98022",220000.0
2240,3,2.5,13,2.0,"98065",452500.0
2200,4,2.5,7,2.0,"98042",280000.0
790,1,1.0,97,1.0,"98118",248000.0
890,2,1.0,66,1.0,"98115",305000.0
1270,3,1.0,61,1.0,"98106",435010.0
1850,3,1.75,84,1.5,"98116",678100.0
1352,3,2.25,8,3.0,"98125",325000.0
1540,3,2.0,47,1.0,"98052",529950.0
1640,3,1.75,64,1.0,"98155",440000.0
1350,3,1.0,87,1.5,"98116",585000.0
2010,3,2.5,1,2.0,"98029",462608.0
2080,3,1.75,41,1.0,"98166",350500.0
1040,3,1.0,59,1.0,"98003",210000.0
1890,3,2.5,22,2.0,"98029",510000.0
1810,3,2.25,56,1.0,"98056",280000.0
1930,3,1.75,52,1.0,"98155",385000.0
1010,3,1.0,68,1.0,"98155",349000.0
1740,3,2.25,34,1.0,"98031",252000.0
2910,4,2.5,83,2.0,"98199",1100000.0
1330,3,2.25,30,2.0,"98034",375000.0
2210,4,2.25,48,2.0,"98032",336000.0
2670,3,3.75,38,2.5,"98126",732000.0
1000,2,1.0,66,1.0,"98168",200000.0
3150,4,2.5,9,2.0,"98056",681716.0
1520,3,1.75,44,1.0,"98010",235000.0
1690,3,1.0,60,1.0,"98148",257500.0
1070,3,1.0,60,1.0,"98028",315000.0
910,3,1.0,65,1.0,"98177",299950.0
2130,4,2.25,46,1.0,"98034",530000.0
2230,2,1.75,68,1.0,"98105",766500.0
3560,4,2.5,29,1.0,"98004",860000.0
2590,3,2.5,71,2.0,"98126",690000.0
2040,4,1.75,53,1.0,"98103",551000.0
2100,3,2.75,60,1.0,"98034",530000.0
1340,3,1.0,62,1.5,"98125",568000.0
2770,3,2.5,23,2.0,"98008",749950.0
2400,3,2.5,32,1.0,"98074",535000.0
1140,3,1.0,52,1.0,"98055",234300.0
930,2,1.0,69,1.0,"98178",190000.0
1820,4,1.75,55,1.0,"98007",525000.0
1390,4,1.0,89,1.5,"98117",610000.0
1480,3,2.5,9,3.0,"98144",520000.0
760,2,1.0,73,1.0,"98199",375000.0
1580,3,1.75,48,1.0,"98005",600000.0
1870,4,2.5,41,1.0,"98033",664000.0
1510,2,1.0,92,1.0,"98103",698000.0
1250,3,2.0,14,3.0,"98107",418000.0
2140,3,1.75,41,1.0,"98092",271675.0
1540,3,1.0,47,1.0,"98033",450000.0
2950,3,2.25,9,1.5,"98075",759000.0
2020,6,3.0,21,1.0,"98105",599950.0
2820,4,2.75,88,1.5,"98199",810000.0
1660,3,1.75,43,1.0,"98019",331292.0
1830,3,1.75,96,1.0,"98144",348000.0
720,2,1.0,95,1.0,"98116",435000.0
2160,3,2.5,23,2.0,"98133",530000.0
1510,3,1.75,26,2.0,"98001",227000.0
1870,3,1.5,62,1.0,"98168",285000.0
2860,4,2.25,38,1.0,"98005",740000.0
990,3,1.0,76,1.5,"98146",246000.0
1910,3,1.0,61,1.0,"98168",260000.0
1350,3,2.0,38,1.0,"98074",366000.0
2557,4,3.25,67,2.0,"98118",594950.0
2610,3,2.75,69,2.0,"98107",608000.0
1720,3,2.0,110,1.0,"98056",313100.0
1170,3,1.75,48,1.0,"98023",185000.0
1140,2,1.0,108,1.0,"98118",455000.0
2350,3,2.5,49,1.0,"98023",235000.0
1020,3,1.0,48,1.0,"98058",230000.0
2730,4,2.25,60,1.0,"98116",770000.0
1830,4,2.25,24,2.0,"98030",240000.0
1690,3,2.5,13,2.0,"98053",461000.0
2900,4,2.5,52,1.0,"98040",1580000.0
6380,4,4.5,9,2.0,"98029",1822500.0
1690,3,2.5,11,2.0,"98053",452000.0
2660,4,2.5,12,2.0,"98029",765000.0
4550,4,4.0,26,1.0,"98075",1050000.0
1530,3,3.0,32,1.0,"98033",546000.0
2070,3,2.5,84,1.5,"98115",781000.0
1880,4,1.75,50,1.0,"98008",538000.0
2240,4,2.5,40,1.0,"98033",790000.0
2540,4,2.75,90,1.5,"98103",696500.0
1370,3,2.0,27,1.0,"98003",276000.0
770,2,1.0,62,1.0,"98155",269000.0
7880,5,4.75,19,2.0,"98177",2415000.0
2970,4,2.75,42,1.0,"98075",829000.0
740,2,1.0,73,1.0,"98126",122000.0
1360,3,1.5,60,1.0,"98133",352500.0
1280,4,2.0,56,1.0,"98058",249000.0
1920,4,2.0,53,1.0,"98155",360000.0
2020,3,2.0,21,1.0,"98075",629500.0
3310,4,2.25,91,2.0,"98072",1140000.0
2950,2,2.25,73,1.0,"98039",1550000.0
1320,3,1.5,56,1.0,"98056",275000.0
3160,4,2.5,10,2.0,"98074",697000.0
1640,2,1.0,37,1.0,"98053",379500.0
2440,3,2.75,35,1.0,"98072",720000.0
3000,4,2.5,9,2.0,"98059",675000.0
2810,5,2.5,108,2.5,"98109",1169000.0
2390,3,2.0,76,2.0,"98115",1100000.0
2080,4,1.0,89,1.5,"98136",520000.0
2650,3,1.75,53,1.5,"98155",415000.0
1060,3,2.5,15,2.0,"98117",415000.0
1940,3,2.25,52,1.0,"98166",450000.0
1080,2,1.0,67,1.0,"98115",485000.0
1700,3,2.25,31,2.0,"98042",294000.0
4440,4,3.5,12,2.0,"98059",1037000.0
1580,3,1.0,110,2.0,"98102",690000.0
3630,5,2.75,15,2.0,"98058",716500.0
1290,2,2.25,8,3.0,"98107",481000.0
1960,4,2.75,47,1.0,"98118",575000.0
2090,3,2.0,95,1.5,"98112",785000.0
1960,3,1.75,45,1.0,"98059",480000.0
2120,3,2.25,34,2.0,"98006",720000.0
2290,3,2.75,31,2.0,"98042",536000.0
1880,4,2.5,15,2.0,"98038",324900.0
770,2,1.0,72,1.0,"98106",265000.0
1530,3,2.5,87,1.5,"98117",545000.0
1450,2,1.5,75,1.0,"98133",465000.0
1690,3,2.25,28,2.0,"98198",292500.0
1880,4,1.75,91,1.5,"98109",860000.0
4160,4,3.25,20,2.0,"98072",1045000.0
2140,4,2.5,12,2.0,"98133",495000.0
1320,2,2.0,18,3.0,"98125",342000.0
2000,4,2.5,18,2.0,"98038",320000.0
1460,3,2.0,28,2.0,"98103",444000.0
3070,4,2.5,10,2.0,"98059",804100.0
1660,3,2.5,45,1.0,"98075",432000.0
1810,6,1.5,110,1.5,"98055",230000.0
3510,4,3.5,14,2.0,"98059",935000.0
2180,3,3.0,85,1.5,"98117",634950.0
3300,6,4.0,52,1.0,"98115",780000.0
2460,4,2.5,17,2.0,"98074",611000.0
1880,4,1.75,71,1.5,"98107",475999.0
2290,3,2.0,36,1.0,"98008",565000.0
2290,4,2.5,38,2.0,"98177",630000.0
3860,4,3.5,19,2.0,"98077",840000.0
2640,3,2.5,19,1.5,"98022",790000.0
2850,5,2.5,90,1.0,"98058",450000.0
3020,4,3.25,88,1.5,"98112",1272000.0
1510,3,2.0,90,1.0,"98136",520000.0
2410,4,2.0,57,1.0,"98144",446800.0
1470,3,1.0,67,1.0,"98199",652000.0
2890,3,2.75,28,2.0,"98033",1170000.0
3490,4,3.25,9,2.0,"98075",745000.0
1270,3,2.25,1,2.0,"98105",594000.0
1000,2,1.0,86,1.0,"98118",257000.0
1430,4,1.75,115,2.0,"98122",485000.0
1060,3,1.0,72,1.0,"98034",330000.0
1680,3,2.0,19,1.0,"98053",381000.0
2280,2,2.0,25,2.0,"98070",849900.0
2450,4,2.5,85,1.5,"98115",793000.0
3650,3,2.25,68,2.0,"98144",920000.0
830,2,1.0,68,1.0,"98117",455000.0
3490,4,2.5,15,2.0,"98006",975000.0
1050,2,1.5,8,2.0,"98122",375000.0
1170,2,2.5,14,2.0,"98122",400000.0
1220,3,1.0,50,1.0,"98008",447000.0
1310,3,1.75,28,1.0,"98033",470000.0
3130,4,2.5,11,2.0,"98075",665000.0
1590,3,1.75,82,1.5,"98168",295500.0
1720,4,2.5,21,2.0,"98003",200000.0
2520,3,2.25,10,2.0,"98019",620000.0
1520,3,2.0,32,1.0,"98074",434900.0
3260,4,2.25,108,2.0,"98112",1328000.0
3910,4,3.25,9,2.0,"98033",1650000.0
3480,4,2.5,15,2.0,"98052",852500.0
3040,3,2.5,32,2.0,"98072",790000.0
2030,4,1.75,49,1.0,"98008",565000.0
3870,6,3.25,26,2.0,"98028",1127500.0
1870,3,2.5,11,2.0,"98059",289950.0
2640,2,2.0,52,1.0,"98006",850000.0
1940,4,1.75,93,1.0,"98122",505000.0
1710,3,2.5,34,2.0,"98034",372000.0
1690,4,2.0,48,1.5,"98198",207000.0
2340,3,1.75,48,1.0,"98040",780000.0
1700,4,1.75,50,1.5,"98019",400000.0
1850,3,1.5,67,1.0,"98177",440250.0
1370,2,2.0,66,1.0,"98199",585000.0
2900,4,2.5,22,2.0,"98006",850000.0
2400,3,3.0,24,2.0,"98103",570000.0
3740,4,3.0,27,2.0,"98072",869000.0
2170,4,2.75,1,2.0,"98155",551000.0
970,3,1.0,53,1.0,"98023",172380.0
2620,3,2.5,51,1.0,"98092",355000.0
2980,4,2.5,22,2.0,"98006",728935.0
2340,3,2.5,34,2.0,"98033",850000.0
1880,5,1.75,93,2.0,"98059",515000.0
1480,2,1.0,90,1.0,"98022",215000.0
2240,4,2.5,27,1.0,"98023",220000.0
2940,4,2.5,11,2.0,"98052",845000.0
710,1,1.0,87,1.0,"98103",390000.0
1460,4,1.0,75,1.5,"98146",135000.0
1530,3,1.0,66,1.0,"98166",439000.0
2630,4,2.5,16,2.0,"98056",585000.0
2230,5,1.0,92,1.5,"98136",620000.0
960,3,1.0,109,1.0,"98117",477000.0
1180,2,1.5,9,2.0,"98116",399500.0
1760,2,1.0,64,1.0,"98198",500000.0
1340,3,2.5,31,2.0,"98125",432500.0
2800,4,2.25,50,1.0,"98005",940000.0
3720,3,2.5,33,2.0,"98074",1080000.0
1670,4,2.0,38,1.0,"98042",229999.0
1100,3,1.0,60,1.0,"98188",233000.0
3240,3,2.5,11,2.0,"98065",600000.0
1680,4,1.5,50,1.0,"98166",334000.0
1030,3,1.0,65,1.0,"98133",332500.0
1630,3,2.5,37,1.0,"98031",249900.0
2610,3,2.0,97,1.0,"98146",310000.0
1250,2,1.0,87,1.0,"98126",200000.0
1480,4,1.75,46,1.0,"98059",310000.0
1390,3,1.0,61,1.0,"98056",230000.0
1940,4,2.5,18,2.0,"98108",420000.0
2960,4,2.5,10,2.0,"98029",785000.0
4320,3,2.25,43,1.0,"98004",1775000.0
1500,5,1.5,95,1.0,"98166",265000.0
840,2,1.0,64,1.0,"98155",295000.0
3560,4,2.5,23,2.0,"98077",896000.0
2390,4,2.75,26,1.0,"98038",415000.0
1200,3,1.75,60,1.0,"98056",250000.0
2570,3,2.5,31,2.0,"98102",1475000.0
2180,5,2.25,49,1.0,"98007",635000.0
3450,3,2.5,28,2.0,"98072",905000.0
2020,3,2.5,12,2.0,"98053",528000.0
2480,3,2.5,23,2.0,"98072",530000.0
1530,3,1.0,55,1.0,"98059",252000.0
1700,3,2.0,54,1.0,"98133",334500.0
2150,3,1.0,64,1.0,"98115",370000.0
1190,3,2.0,97,1.5,"98108",311000.0
1730,3,2.75,40,2.0,"98106",260000.0
1400,3,1.75,31,1.0,"98003",217500.0
2200,3,2.5,12,2.0,"98042",290000.0
960,3,1.5,71,1.0,"98033",500000.0
1770,3,2.0,31,1.0,"98118",423500.0
2970,4,2.5,10,2.0,"98074",715000.0
1590,3,2.5,21,2.0,"98118",299000.0
3350,3,2.5,10,2.0,"98034",635000.0
3370,4,2.5,16,2.0,"98075",806000.0
1960,3,2.5,11,2.0,"98056",289950.0
1360,3,1.75,34,1.0,"98058",280000.0
2780,3,2.5,11,2.0,"98058",479950.0
3000,4,2.5,13,2.0,"98038",394000.0
3600,4,2.5,36,2.0,"98077",682000.0
990,2,1.0,97,1.0,"98103",409950.0
2990,4,3.5,90,2.0,"98144",1000000.0
1200,4,1.0,107,1.5,"98136",436000.0
1530,3,1.0,63,1.0,"98168",279000.0
1440,1,1.75,92,1.0,"98126",390000.0
1940,3,1.75,60,1.0,"98070",635000.0
2140,4,2.75,25,2.0,"98023",304400.0
2330,5,1.75,88,1.5,"98115",780000.0
2734,4,3.5,41,2.0,"98070",520000.0
1950,3,1.75,37,1.0,"98125",580000.0
1440,3,1.75,34,1.0,"98055",274000.0
1530,3,2.25,35,1.0,"98058",315000.0
1910,4,1.75,44,1.0,"98042",390000.0
1750,5,2.0,59,1.0,"98155",340000.0
1600,3,2.25,32,2.0,"98072",502000.0
1750,3,1.75,47,1.0,"98059",260000.0
940,2,1.0,104,1.0,"98116",399000.0
880,2,1.0,96,1.0,"98106",312500.0
1650,3,1.75,64,1.0,"98155",370000.0
3820,4,3.5,25,2.0,"98004",1240000.0
1900,3,1.5,48,1.0,"98023",230000.0
3720,4,1.75,68,1.0,"98199",1275000.0
1410,3,1.0,90,1.5,"98106",294350.0
960,3,1.0,59,1.0,"98056",208950.0
1930,2,1.75,10,1.0,"98053",515000.0
3420,4,2.5,21,2.0,"98027",965000.0
3010,4,2.75,92,2.0,"98122",925000.0
1780,4,1.0,68,1.5,"98115",654500.0
2080,4,2.5,46,1.0,"98059",364000.0
1250,2,1.0,64,1.0,"98002",150000.0
2257,5,3.0,10,1.0,"98188",349950.0
1670,3,1.5,103,1.5,"98117",585000.0
2250,4,2.25,35,2.0,"98007",801501.0
1650,3,1.75,23,1.0,"98024",610000.0
2880,5,2.25,25,2.0,"98042",382000.0
3620,4,3.0,35,2.0,"98022",495000.0
1950,3,1.75,62,1.0,"98115",447500.0
2280,4,2.5,49,1.0,"98008",575000.0
1740,2,1.75,108,1.5,"98144",565000.0
1220,3,1.0,49,1.0,"98034",348580.0
2260,4,1.75,37,1.0,"98052",459000.0
1790,4,2.0,27,2.0,"98019",375000.0
2440,4,2.5,16,2.0,"98030",310000.0
1400,3,1.5,51,1.0,"98003",210000.0
1810,3,2.75,1,2.0,"98065",384205.0
1400,2,1.0,93,1.0,"98055",180000.0
1400,2,1.0,93,1.0,"98055",310000.0
2010,4,2.5,15,2.0,"98028",427500.0
2520,3,3.0,90,1.5,"98119",780000.0
3060,3,2.25,27,2.0,"98039",1762000.0
2150,4,2.5,5,2.0,"98038",339950.0
2880,3,2.25,26,2.0,"98006",820000.0
1300,2,2.0,9,1.0,"98053",398000.0
2770,3,1.75,37,1.0,"98027",492000.0
1780,4,1.5,65,1.0,"98032",240000.0
3730,4,3.5,24,2.0,"98042",599950.0
930,2,1.0,83,1.0,"98148",105500.0
930,2,1.0,83,1.0,"98148",445000.0
1460,2,1.75,49,1.0,"98022",390500.0
1310,3,2.0,21,1.0,"98042",255000.0
2770,4,2.5,26,2.0,"98029",675750.0
3140,3,3.25,102,2.0,"98109",1640000.0
1770,4,2.5,11,2.0,"98038",353500.0
1220,3,1.0,61,1.0,"98004",765000.0
2190,4,2.5,16,2.0,"98065",563500.0
1800,4,2.0,73,1.0,"98118",439000.0
3100,5,2.75,42,1.0,"98040",975000.0
2270,3,2.5,8,2.0,"98065",469900.0
1300,3,1.0,68,2.0,"98155",252000.0
1769,3,2.0,60,1.0,"98166",495000.0
3370,6,2.5,51,1.0,"98166",570000.0
1630,4,2.5,16,2.0,"98144",327000.0
2470,2,2.25,61,1.0,"98199",898000.0
2600,4,2.5,12,2.0,"98001",300000.0
1800,3,2.0,37,1.0,"98074",418500.0
2240,4,2.5,14,2.0,"98056",450000.0
1960,3,2.0,58,1.0,"98166",403000.0
1710,3,1.0,89,1.5,"98133",440000.0
2140,4,1.75,50,1.0,"98118",350000.0
1400,3,2.0,67,1.0,"98133",240000.0
890,2,1.0,96,1.0,"98107",460000.0
1820,4,1.0,92,2.0,"98102",825000.0
1860,3,2.25,39,1.0,"98092",267500.0
1220,3,1.0,43,1.0,"98001",201000.0
2300,3,2.75,7,2.0,"98065",479500.0
1520,2,1.0,37,2.0,"98092",210000.0
1440,2,1.0,100,1.0,"98103",445000.0
1170,3,1.75,63,1.0,"98155",265000.0
1170,3,1.75,63,1.0,"98155",399000.0
3200,4,2.25,43,2.0,"98077",785000.0
4470,5,2.5,31,2.5,"98072",831500.0
2570,4,2.5,6,2.0,"98042",360000.0
2370,3,2.5,25,2.0,"98056",655000.0
1800,4,1.5,57,1.5,"98034",449950.0
2300,5,2.5,40,1.0,"98052",612000.0
3240,3,2.5,14,2.0,"98059",575000.0
2280,3,2.5,20,1.0,"98011",557000.0
1870,4,1.75,72,1.0,"98056",375000.0
1820,3,2.25,46,1.0,"98092",369000.0
2390,5,2.75,49,1.0,"98118",330000.0
2110,4,1.75,74,1.0,"98105",1031000.0
980,2,1.0,105,1.0,"98103",550000.0
1250,3,1.75,68,1.0,"98155",338000.0
3680,4,2.5,69,2.0,"98004",1900000.0
2230,3,1.0,49,1.0,"98118",235000.0
1230,1,1.0,97,1.5,"98133",349950.0
2093,5,2.5,52,1.5,"98058",300000.0
1660,3,1.75,48,1.0,"98056",431000.0
1630,5,2.5,40,1.0,"98042",280000.0
1677,4,2.5,4,2.0,"98023",295000.0
2990,4,2.5,12,2.0,"98038",445000.0
2150,5,1.0,115,1.5,"98065",550000.0
2890,4,2.5,12,2.0,"98024",515000.0
3050,3,2.5,28,1.0,"98055",555000.0
1410,3,2.5,9,2.0,"98146",265000.0
2280,4,2.5,94,2.0,"98103",597000.0
1260,2,1.0,76,1.0,"98199",661000.0
1460,3,2.0,7,2.0,"98053",362764.0
1600,4,2.5,65,1.0,"98125",427000.0
2020,3,1.75,50,1.0,"98011",405000.0
1170,3,1.5,55,1.0,"98198",157000.0
1170,3,1.5,55,1.0,"98198",246500.0
1280,2,1.5,31,1.0,"98074",386500.0
2680,4,2.5,16,2.0,"98023",300000.0
1770,3,1.75,37,1.0,"98023",240000.0
4790,5,3.5,10,2.0,"98006",818500.0
1300,3,1.75,51,1.0,"98022",249000.0
2610,4,2.25,38,1.0,"98027",580000.0
4500,4,2.5,27,1.0,"98006",2340000.0
2100,4,2.5,18,2.0,"98042",333000.0
1340,2,2.0,23,1.0,"98022",230000.0
970,3,1.0,41,1.0,"98118",360500.0
2200,3,1.75,53,1.0,"98032",265000.0
990,2,1.0,74,1.0,"98116",490000.0
1180,2,1.75,90,1.0,"98107",600000.0
980,3,1.0,46,1.0,"98034",307500.0
2370,4,2.25,39,1.0,"98033",670000.0
1910,3,1.5,93,1.5,"98002",247200.0
5270,4,4.5,36,2.0,"98027",2600000.0
1430,3,1.75,54,1.0,"98008",440000.0
2490,4,2.5,28,2.0,"98029",700000.0
2000,4,2.0,98,1.5,"98126",756100.0
2600,4,2.75,37,1.0,"98006",555000.0
2880,5,3.5,14,2.0,"98144",830000.0
1010,3,1.0,25,1.0,"98022",180000.0
3290,5,3.5,11,2.0,"98052",775000.0
1530,4,1.75,77,1.5,"98002",220000.0
2020,4,2.75,48,1.0,"98005",650000.0
1340,3,1.75,54,1.0,"98033",410000.0
2180,4,2.5,15,2.0,"98038",339995.0
2870,5,1.75,49,1.0,"98008",1160000.0
2070,3,2.75,86,2.0,"98188",440000.0
930,2,1.75,92,1.0,"98106",275000.0
2270,3,2.5,27,2.0,"98052",766000.0
1630,3,2.25,42,1.0,"98023",231500.0
2770,3,2.0,11,2.0,"98045",472000.0
4010,4,2.5,25,2.0,"98052",1325000.0
1970,4,1.75,60,1.0,"98178",265000.0
790,2,1.0,67,1.0,"98118",325000.0
1740,3,1.75,61,1.0,"98133",364500.0
1130,2,1.0,68,1.0,"98155",322500.0
1180,3,1.75,86,1.0,"98118",338900.0
2350,5,2.5,22,2.0,"98112",910000.0
2350,5,2.5,22,2.0,"98112",1015000.0
1850,3,1.75,96,1.0,"98166",459950.0
3220,4,3.0,6,1.5,"98059",584950.0
2050,3,1.75,28,1.0,"98023",252000.0
1430,3,2.5,23,1.0,"98022",270000.0
3210,4,2.5,10,2.0,"98075",750000.0
3520,3,1.75,55,1.0,"98116",775000.0
2260,3,2.5,11,2.0,"98023",325000.0
3290,5,3.25,3,2.0,"98074",810000.0
1640,2,2.25,41,2.0,"98028",409000.0
1580,4,1.75,68,1.0,"98144",400000.0
1940,4,2.25,53,2.0,"98133",530000.0
1580,3,2.25,28,2.0,"98033",580000.0
1750,3,1.75,28,1.0,"98074",491300.0
1810,4,2.75,35,1.0,"98030",272000.0
1970,3,2.5,30,1.0,"98022",599950.0
1770,3,2.5,23,2.0,"98029",464000.0
1800,3,1.75,110,1.0,"98103",471001.0
1500,3,1.5,35,1.0,"98031",230000.0
940,3,1.0,56,1.0,"98008",358000.0
2340,3,2.25,86,1.0,"98115",510000.0
840,3,1.0,55,1.0,"98023",86500.0
840,3,1.0,55,1.0,"98023",199950.0
2940,3,3.25,37,3.0,"98109",1712500.0
3180,3,2.75,97,2.0,"98126",850000.0
2020,4,2.5,87,1.5,"98117",542000.0
820,2,1.0,78,1.0,"98106",102500.0
4060,3,1.75,20,1.0,"98045",718000.0
2660,4,2.25,38,1.0,"98008",625000.0
1010,3,1.0,68,1.0,"98155",350000.0
710,2,1.0,97,1.0,"98106",216000.0
980,3,1.0,69,1.5,"98133",340000.0
1100,3,1.0,107,1.5,"98199",505000.0
2840,5,2.5,12,2.0,"98001",372000.0
2300,4,2.25,37,2.0,"98023",263850.0
5370,4,3.25,25,2.0,"98198",1350000.0
2280,4,2.5,28,2.0,"98058",325000.0
1010,2,1.0,91,1.0,"98106",289000.0
1420,3,2.25,28,1.0,"98028",364000.0
2100,4,2.5,35,1.0,"98033",610000.0
3110,4,2.75,57,1.0,"98010",531500.0
2160,3,2.25,36,2.0,"98028",402500.0
820,2,1.0,93,1.0,"98136",375000.0
4340,5,2.5,36,1.0,"98118",537500.0
2100,3,1.75,53,1.0,"98188",375000.0
1250,4,1.75,36,1.0,"98198",293550.0
3870,6,3.0,39,2.0,"98077",585000.0
1360,2,2.5,12,2.0,"98038",225000.0
1400,4,1.0,58,1.5,"98146",185000.0
1450,3,1.5,47,1.0,"98034",402000.0
1880,5,1.75,52,1.0,"98007",585000.0
1380,2,2.5,9,3.0,"98103",549000.0
2910,3,2.25,92,1.5,"98199",1810000.0
1380,3,1.75,48,1.0,"98034",345000.0
3100,3,2.25,52,1.0,"98198",302500.0
1400,4,1.75,51,1.0,"98042",218500.0
1650,2,2.0,99,1.5,"98103",705000.0
840,3,1.0,46,1.0,"98042",191000.0
2550,3,2.5,14,2.0,"98053",695000.0
2820,2,2.75,68,2.0,"98168",350000.0
1710,3,1.75,36,1.0,"98136",480000.0
820,3,1.0,38,1.0,"98042",220000.0
2620,4,2.25,38,2.0,"98075",535000.0
2430,2,1.75,64,1.0,"98177",1000000.0
1560,3,1.75,75,1.0,"98117",592000.0
3060,4,2.5,11,2.0,"98052",775000.0
1680,3,2.5,12,2.0,"98056",320000.0
3320,3,3.25,26,2.0,"98166",760000.0
2390,3,2.5,25,2.0,"98074",640000.0
1360,3,1.0,62,1.0,"98056",253200.0
1800,2,1.0,61,1.0,"98030",228000.0
1160,3,1.0,47,1.0,"98077",325000.0
4160,4,3.25,42,2.0,"98027",530000.0
1660,4,2.25,4,2.0,"98038",300000.0
1410,3,2.0,85,1.5,"98103",418000.0
2230,4,1.75,60,1.0,"98178",415000.0
1700,3,2.5,12,2.0,"98065",384000.0
2070,3,2.5,18,2.0,"98030",325000.0
2300,3,1.75,60,1.0,"98028",600000.0
3040,4,2.25,37,1.0,"98005",760000.0
1220,2,1.5,39,1.5,"98198",168000.0
960,3,1.0,72,1.0,"98199",405000.0
1480,3,1.0,59,1.0,"98007",479000.0
1560,3,2.0,100,1.0,"98103",549000.0
1100,3,1.5,48,1.0,"98001",215000.0
900,2,1.5,75,1.0,"98116",550000.0
2400,4,1.75,88,1.5,"98133",389000.0
2320,3,2.5,25,2.0,"98045",447500.0
2570,5,3.0,6,1.0,"98034",540000.0
1300,4,2.75,32,1.0,"98042",273500.0
2930,5,2.75,13,2.0,"98059",257000.0
720,2,1.0,72,1.0,"98058",199000.0
2350,4,2.5,23,2.0,"98092",339100.0
2940,4,2.5,24,2.0,"98058",435000.0
2020,3,2.5,105,1.0,"98118",400000.0
1430,2,1.0,24,1.0,"98065",356000.0
950,3,1.0,65,1.0,"98125",395000.0
1250,2,1.0,104,1.0,"98103",575000.0
1300,3,1.75,90,1.5,"98116",515000.0
2520,4,3.25,84,1.5,"98115",618250.0
1330,3,1.5,47,2.0,"98034",245000.0
2480,3,2.75,86,1.5,"98112",690000.0
3020,5,2.25,56,1.0,"98027",465000.0
1770,3,1.75,37,1.0,"98023",280000.0
1930,3,1.75,55,1.0,"98055",285000.0
1650,3,2.25,21,2.0,"98038",320000.0
2580,4,3.0,23,2.0,"98070",355000.0
2570,3,2.0,50,1.5,"98008",670000.0
2880,1,1.0,90,1.0,"98126",550000.0
2660,4,2.75,106,1.5,"98103",765000.0
1560,3,1.0,88,1.5,"98118",430000.0
3080,3,2.5,15,2.0,"98199",950000.0
2540,4,1.75,68,1.0,"98118",525000.0
3080,6,2.5,30,1.0,"98030",300000.0
2190,3,2.75,15,2.0,"98003",345000.0
2930,3,3.75,43,2.0,"98058",838000.0
2880,5,2.75,56,1.0,"98004",1795000.0
2160,3,1.75,37,2.0,"98042",390000.0
2110,3,2.0,36,2.0,"98075",1150000.0
1830,4,2.25,12,2.0,"98030",295000.0
3180,4,4.0,95,2.0,"98115",775000.0
1880,3,2.5,22,2.0,"98038",380000.0
1140,3,1.0,56,1.0,"98005",550000.0
1798,5,1.75,48,1.0,"98001",199900.0
1670,3,1.75,107,1.5,"98118",329900.0
2580,3,2.25,51,1.0,"98005",898000.0
3720,4,2.25,45,1.0,"98075",875000.0
2790,4,2.5,10,2.0,"98198",375000.0
2190,3,2.5,11,2.0,"98038",365000.0
2280,4,2.75,85,1.5,"98115",530000.0
1100,3,1.0,46,1.0,"98042",225500.0
2180,4,2.25,46,1.0,"98055",318000.0
2770,4,2.5,29,2.0,"98027",910000.0
1980,3,1.0,72,1.0,"98001",207000.0
4180,5,3.5,11,2.0,"98004",1886700.0
3030,6,3.0,35,1.0,"98075",624500.0
1690,3,2.5,8,2.5,"98199",640000.0
1990,3,2.0,29,2.0,"98027",500000.0
2250,5,1.75,49,1.0,"98034",390000.0
2080,3,2.25,12,1.5,"98042",284000.0
2460,3,2.0,27,1.0,"98027",620000.0
2588,3,2.5,7,2.0,"98042",306000.0
2570,4,1.75,37,1.0,"98074",495000.0
2370,3,2.5,14,2.0,"98019",499950.0
1070,3,1.0,46,1.0,"98072",330000.0
1940,3,2.0,71,1.5,"98107",665000.0
2650,3,2.5,95,2.0,"98119",850000.0
2290,4,2.5,27,2.0,"98029",599950.0
2050,4,2.5,23,2.0,"98166",360000.0
2680,3,2.5,14,2.0,"98052",699000.0
1520,3,1.75,70,1.0,"98117",475000.0
2690,3,2.0,23,2.0,"98070",575000.0
1180,2,1.5,10,2.0,"98144",345000.0
3030,4,2.5,26,2.0,"98001",367950.0
1400,3,2.25,31,2.0,"98028",374500.0
3000,4,2.5,23,2.0,"98125",607500.0
1200,3,1.0,44,1.0,"98072",374000.0
1000,3,1.0,68,1.0,"98125",390000.0
2740,4,3.25,11,2.5,"98103",705000.0
1990,3,2.5,11,2.0,"98065",467000.0
2110,3,3.0,34,1.0,"98198",243500.0
1830,3,2.75,4,2.0,"98027",593000.0
940,3,1.0,54,1.0,"98146",223000.0
2980,4,2.5,12,2.0,"98038",574000.0
2260,3,2.0,29,1.0,"98055",400000.0
3470,4,2.75,53,1.0,"98005",772000.0
1510,3,1.75,51,1.0,"98052",593777.0
2710,4,3.5,18,2.0,"98108",539500.0
2080,3,2.5,9,2.0,"98029",550000.0
1860,2,2.0,63,1.0,"98178",265000.0
2120,3,1.75,36,1.0,"98072",428000.0
1110,3,2.0,64,1.0,"98115",505000.0
5190,5,5.5,14,2.0,"98065",925000.0
1520,3,1.75,47,1.0,"98023",230000.0
2650,4,2.5,25,2.0,"98029",695000.0
3350,4,2.75,11,2.0,"98065",700000.0
1770,3,1.75,101,1.5,"98103",712500.0
2200,3,2.5,10,2.0,"98011",480000.0
2000,3,2.5,47,1.0,"98034",470000.0
1730,3,1.75,35,1.0,"98014",335000.0
1300,3,1.5,45,1.0,"98030",270000.0
2950,5,3.25,34,1.0,"98072",810000.0
1720,3,3.0,9,3.0,"98119",589000.0
880,2,1.0,64,1.0,"98115",415000.0
1790,4,2.25,36,1.0,"98058",197000.0
1380,3,1.5,44,1.0,"98003",235500.0
1530,3,2.25,7,2.0,"98144",460000.0
2330,5,1.75,60,1.0,"98136",572500.0
1540,5,2.0,55,1.0,"98059",302000.0
3210,3,2.5,25,2.0,"98033",870000.0
1130,3,1.0,76,1.0,"98199",485000.0
1460,3,2.0,47,1.0,"98003",240000.0
1410,3,1.75,48,1.0,"98034",383000.0
1750,4,2.75,112,1.5,"98122",750000.0
1370,2,1.75,71,1.0,"98103",409950.0
1780,3,1.5,62,1.0,"98168",246000.0
1890,4,1.75,78,2.0,"98115",860000.0
1630,3,2.25,30,2.0,"98058",339950.0
2320,5,1.75,59,1.0,"98166",315000.0
2580,3,2.5,9,2.0,"98074",698000.0
1470,2,2.5,30,2.0,"98007",419000.0
2298,3,1.0,46,1.0,"98052",372000.0
1960,3,2.5,12,2.0,"98065",425000.0
2950,3,2.25,52,1.5,"98125",386500.0
670,2,1.0,73,1.0,"98125",348000.0
3020,5,3.5,37,2.0,"98040",754000.0
2390,4,3.0,71,2.0,"98002",269950.0
3090,3,2.5,24,2.0,"98075",891500.0
1780,4,1.75,112,1.0,"98108",349950.0
1420,2,1.0,59,1.0,"98055",360000.0
2420,4,2.25,90,2.0,"98004",975000.0
1480,4,2.0,87,1.5,"98133",449250.0
2190,4,2.25,9,2.0,"98059",350000.0
1820,4,1.75,104,1.5,"98107",790000.0
1810,3,1.75,32,1.0,"98040",990000.0
2550,3,2.25,32,2.0,"98112",834000.0
1360,3,1.0,52,1.0,"98117",466950.0
2259,3,1.75,107,1.5,"98001",262500.0
3880,4,2.5,28,2.0,"98074",762300.0
2730,6,2.75,53,1.0,"98107",733000.0
2800,4,2.5,58,1.0,"98028",439000.0
4290,5,3.25,88,2.5,"98112",1160000.0
1770,3,2.5,16,2.0,"98074",420000.0
1920,3,2.25,34,2.0,"98074",549000.0
2320,4,2.5,110,1.5,"98122",518000.0
2961,4,2.5,17,2.0,"98075",695000.0
1680,3,2.5,27,2.0,"98074",485000.0
1590,3,1.75,89,1.5,"98038",280000.0
1420,2,1.0,72,1.5,"98023",306500.0
1370,2,1.0,65,1.0,"98004",720000.0
2620,3,2.5,5,2.0,"98022",277500.0
1810,3,2.0,102,2.0,"98166",649000.0
700,2,1.0,66,1.0,"98155",267800.0
2390,4,2.75,22,2.0,"98029",625000.0
2070,4,2.5,91,1.5,"98125",600000.0
1780,4,2.0,67,1.5,"98155",395000.0
1900,4,2.5,75,1.5,"98198",212000.0
1040,2,1.0,87,1.0,"98117",425000.0
2370,4,1.75,96,1.5,"98103",870000.0
1970,3,2.5,11,2.0,"98065",420000.0
2120,4,2.25,34,2.0,"98027",800000.0
1960,3,2.5,26,2.0,"98011",575000.0
2660,3,3.25,12,2.0,"98122",915000.0
1180,3,2.25,28,2.0,"98034",400000.0
2390,3,2.5,60,1.0,"98116",750000.0
1250,3,1.0,54,1.0,"98042",235000.0
2600,5,3.0,48,1.0,"98125",599950.0
940,2,1.0,86,1.0,"98115",481203.0
3880,5,3.0,43,2.0,"98040",1815000.0
1530,3,2.5,29,2.0,"98033",379000.0
2430,3,1.75,70,2.0,"98117",626000.0
1030,2,1.0,76,1.0,"98103",535000.0
2740,4,2.5,31,2.0,"98039",1225000.0
1180,2,1.5,14,2.0,"98115",410000.0
3090,4,2.5,48,1.0,"98006",940000.0
1060,3,1.0,48,1.0,"98034",326250.0
790,2,1.0,71,1.0,"98178",200000.0
3070,4,2.5,57,1.0,"98005",880000.0
2100,2,2.0,10,2.0,"98014",370000.0
1100,2,2.5,9,2.0,"98055",190000.0
1070,2,1.0,32,1.0,"98002",160000.0
2190,4,3.0,26,1.0,"98034",625000.0
3450,4,3.5,11,2.0,"98058",590000.0
2070,3,2.5,16,2.0,"98033",575000.0
1190,2,1.0,103,1.0,"98103",470000.0
600,2,1.0,115,1.0,"98027",130000.0
940,3,1.0,57,1.0,"98056",229000.0
1280,3,1.0,73,1.5,"98023",279900.0
1370,3,1.0,55,1.0,"98014",307000.0
2450,3,1.75,26,1.0,"98014",399950.0
1970,4,2.25,53,1.0,"98011",405000.0
2910,4,2.75,49,1.0,"98006",539950.0
760,2,1.0,66,1.0,"98032",129000.0
1270,3,1.75,48,1.0,"98011",340000.0
1570,3,1.75,38,1.0,"98042",214950.0
2310,4,2.75,63,1.0,"98118",450000.0
1900,3,1.75,90,1.0,"98106",515000.0
3780,4,2.25,108,2.0,"98112",1400000.0
1060,3,1.0,59,1.0,"98188",230000.0
1880,3,1.75,31,1.0,"98006",681000.0
1160,3,1.0,92,1.0,"98146",255000.0
860,2,1.0,90,1.0,"98103",580000.0
1590,2,2.0,31,1.0,"98055",295000.0
1170,2,1.0,102,1.0,"98136",286000.0
1190,3,1.5,68,1.0,"98125",425000.0
1300,2,1.0,54,1.0,"98003",170000.0
1660,3,2.0,66,1.0,"98136",380000.0
1160,3,2.0,68,1.0,"98115",506000.0
1950,3,2.5,23,2.0,"98031",315000.0
2470,4,2.5,16,2.0,"98065",449950.0
1430,3,1.0,51,1.0,"98056",255000.0
1970,3,2.5,27,2.0,"98001",289000.0
1400,3,1.75,53,1.0,"98027",389000.0
1510,3,1.5,51,1.0,"98022",327000.0
5350,7,3.0,105,2.5,"98112",2885000.0
920,3,1.0,67,1.0,"98118",210000.0
7620,4,3.75,10,2.0,"98006",1680000.0
2490,4,2.5,14,2.0,"98056",360000.0
3030,4,2.5,25,2.0,"98077",875000.0
1650,4,2.25,48,1.0,"98008",550000.0
1210,3,1.5,53,1.0,"98146",257500.0
2990,4,2.75,92,1.5,"98144",1075000.0
1060,2,1.0,46,1.0,"98042",202950.0
2680,4,1.75,56,1.0,"98117",622000.0
1790,4,1.75,39,1.0,"98072",455000.0
2690,3,2.5,18,2.0,"98074",805000.0
770,2,1.0,65,1.0,"98133",257000.0
2700,5,2.5,48,1.0,"98005",744500.0
2620,4,2.5,19,2.0,"98033",885000.0
930,2,2.25,8,2.0,"98144",355000.0
1340,3,1.0,37,1.0,"98042",240000.0
1470,3,1.5,99,2.0,"98023",169000.0
2330,3,2.5,23,2.0,"98052",639900.0
1730,3,1.75,43,1.0,"98031",292000.0
2780,4,2.5,11,2.0,"98065",563500.0
1200,2,2.0,9,1.0,"98053",389000.0
4430,4,3.25,63,2.0,"98039",2750000.0
1820,3,2.0,21,2.0,"98033",661000.0
1300,2,2.0,10,1.0,"98053",344000.0
680,1,1.0,99,1.0,"98199",510000.0
780,2,1.0,73,1.0,"98136",289000.0
2430,3,2.25,36,1.5,"98056",365000.0
1750,3,1.5,49,1.0,"98027",410000.0
1610,3,1.0,114,1.5,"98117",535610.0
2120,4,1.75,44,2.0,"98166",397950.0
1430,3,1.75,37,1.0,"98108",284000.0
1360,4,1.5,53,1.5,"98168",201000.0
2530,4,2.25,90,1.5,"98117",734000.0
3270,5,3.0,13,2.0,"98092",357500.0
2620,5,2.5,40,1.0,"98052",550120.0
1810,3,1.5,27,1.0,"98001",300000.0
2120,3,2.5,23,2.0,"98030",374950.0
2190,4,1.75,35,2.0,"98075",602500.0
980,3,1.0,61,1.0,"98188",221000.0
2230,5,3.0,102,2.0,"98102",920000.0
1540,4,2.0,60,1.0,"98118",235000.0
980,3,1.0,48,1.0,"98034",375000.0
2120,4,2.5,10,2.0,"98029",599000.0
2090,3,2.25,32,2.0,"98052",562100.0
1620,3,2.5,6,2.0,"98112",640000.0
1650,3,2.0,58,1.0,"98168",294000.0
3230,4,2.5,10,2.0,"98052",714000.0
2790,4,3.25,52,1.0,"98177",970000.0
1600,4,2.25,24,2.0,"98022",280000.0
1790,4,2.5,22,2.0,"98031",260000.0
2060,3,1.5,77,1.5,"98023",294000.0
1370,4,1.0,115,1.5,"98092",255500.0
1510,3,2.0,61,1.0,"98077",450000.0
1280,3,1.0,47,1.0,"98072",368000.0
2180,4,2.25,52,1.0,"98004",830000.0
1440,2,1.75,80,1.0,"98146",282500.0
1580,3,2.25,37,1.0,"98024",335000.0
1580,2,2.0,105,1.0,"98116",558000.0
1730,4,1.5,54,1.5,"98146",270000.0
700,2,1.0,95,1.0,"98031",152000.0
2030,4,1.75,40,1.5,"98034",493000.0
2500,4,2.5,23,2.0,"98006",740000.0
2605,3,2.5,36,2.0,"98033",789800.0
910,2,1.0,105,1.0,"98117",275000.0
3560,6,2.5,101,2.5,"98112",1500000.0
1140,3,1.75,90,1.0,"98107",424000.0
1000,2,1.0,101,1.0,"98116",715000.0
3010,4,2.5,15,2.0,"98056",600000.0
2110,2,1.75,55,1.0,"98146",802000.0
910,3,1.0,72,1.0,"98188",165000.0
2050,4,3.25,28,2.0,"98112",750000.0
1090,2,1.0,34,1.0,"98074",405000.0
2100,3,2.5,18,2.0,"98072",521900.0
1000,3,1.0,46,1.0,"98034",275000.0
4410,5,3.25,14,2.0,"98058",600000.0
1800,3,1.75,48,1.0,"98058",442500.0
920,2,1.0,71,1.0,"98178",229950.0
1410,3,2.0,32,1.0,"98042",274950.0
1860,3,1.75,86,1.5,"98070",407185.0
2100,4,2.5,39,1.0,"98072",468000.0
1030,2,1.0,73,1.0,"98117",450000.0
940,2,1.0,60,1.0,"98022",219950.0
1340,2,2.5,26,2.0,"98028",275000.0
850,2,1.0,91,1.0,"98178",229950.0
2130,3,1.75,93,1.0,"98102",675000.0
2430,4,2.5,22,2.0,"98058",412950.0
2290,5,2.25,36,2.0,"98052",670000.0
1230,3,1.75,52,1.0,"98008",420000.0
1150,3,1.5,39,1.0,"98070",358000.0
2120,3,2.5,10,2.0,"98052",680000.0
980,2,1.0,92,1.0,"98105",380000.0
2130,3,2.5,29,2.0,"98077",515000.0
1050,2,1.0,46,1.0,"98146",325000.0
1820,3,2.5,62,1.0,"98004",875000.0
2210,3,2.5,101,2.0,"98106",426000.0
2490,5,2.5,56,1.0,"98040",868500.0
4140,4,2.75,13,2.0,"98092",657500.0
1210,2,1.0,89,1.0,"98118",366000.0
1010,2,1.0,104,1.0,"98118",385000.0
2050,4,2.0,48,1.0,"98058",300000.0
2060,3,1.75,97,2.0,"98102",810000.0
1560,4,1.75,72,1.0,"98115",460000.0
1780,3,2.5,20,2.0,"98029",459000.0
1460,3,1.75,48,1.0,"98092",260000.0
3030,4,2.5,28,2.0,"98074",557865.0
980,4,1.0,101,1.5,"98144",295000.0
1450,4,2.25,65,1.0,"98133",375000.0
3230,3,2.25,42,2.0,"98006",2110000.0
1520,2,2.0,16,3.0,"98133",307300.0
1410,4,1.0,52,1.5,"98032",225000.0
1390,3,1.75,36,2.0,"98045",290000.0
2230,4,2.0,93,1.5,"98144",690000.0
2110,4,2.25,43,2.0,"98040",825000.0
2270,3,1.75,59,1.0,"98177",645000.0
2530,4,2.25,38,1.0,"98006",590000.0
1900,5,2.0,85,1.0,"98105",667000.0
2390,4,2.5,17,2.0,"98074",664000.0
3160,4,2.5,56,1.0,"98178",452100.0
900,2,1.0,17,2.0,"98144",290000.0
3610,3,3.0,61,2.0,"98146",950000.0
2070,3,2.0,109,1.5,"98103",662500.0
1850,4,2.5,34,2.0,"98034",475000.0
1440,3,1.5,59,1.0,"98028",450000.0
2590,3,2.25,31,2.0,"98198",538250.0
1140,2,1.0,66,1.5,"98133",329950.0
2760,4,3.5,60,2.0,"98117",1103990.0
1310,5,1.5,86,1.5,"98106",307000.0
1870,3,1.75,56,1.0,"98118",433000.0
1900,3,2.25,47,1.0,"98023",212000.0
2860,5,2.75,113,2.5,"98144",750000.0
1640,3,2.0,12,1.0,"98042",279000.0
1140,3,1.0,107,1.5,"98199",476000.0
2590,5,1.75,52,1.0,"98198",368000.0
2160,4,3.0,37,1.0,"98042",228950.0
3260,5,3.5,46,2.0,"98042",568450.0
1660,4,1.75,89,1.5,"98115",619000.0
1640,3,2.25,19,2.0,"98002",275000.0
2620,4,2.5,12,2.0,"98001",321500.0
950,3,1.75,76,1.0,"98108",230000.0
900,3,1.0,56,1.0,"98002",179500.0
1650,3,2.25,40,1.0,"98011",460000.0
1800,3,2.5,9,2.0,"98042",286000.0
1480,3,1.0,90,1.5,"98122",427500.0
1040,3,1.0,73,1.0,"98136",400000.0
2300,3,3.5,11,1.0,"98053",675000.0
2480,3,1.0,46,1.0,"98118",350000.0
1970,4,1.75,38,1.0,"98028",385000.0
1530,2,1.75,99,1.0,"98119",525000.0
970,2,1.0,76,1.0,"98146",315000.0
2920,4,2.5,13,2.0,"98027",820000.0
970,3,1.0,56,1.0,"98032",205000.0
680,2,1.0,93,1.0,"98177",500000.0
2640,4,2.5,26,2.0,"98029",599000.0
4200,3,4.0,82,2.0,"98112",2225000.0
1980,1,2.5,36,1.0,"98055",299000.0
2980,3,2.75,98,1.5,"98166",947500.0
1630,3,3.25,8,3.0,"98133",385000.0
1780,2,1.75,90,1.0,"98116",639950.0
1210,2,1.0,15,1.0,"98199",824000.0
1010,3,1.0,46,1.0,"98003",199950.0
2570,3,2.5,75,1.0,"98105",1005000.0
2770,4,2.25,2,2.0,"98136",950000.0
2290,3,2.5,31,2.0,"98006",822000.0
1780,4,1.5,46,1.0,"98136",473600.0
2150,5,2.0,77,1.5,"98116",490000.0
1920,3,1.75,31,1.0,"98001",245000.0
1220,4,1.0,55,1.0,"98001",199000.0
2960,3,3.0,78,2.0,"98199",1340000.0
1500,3,1.75,31,1.0,"98014",418000.0
2830,7,3.5,58,1.0,"98133",450000.0
1580,3,2.5,23,2.0,"98030",280000.0
1230,3,2.25,23,1.0,"98022",273000.0
2910,4,2.5,7,2.0,"98059",549000.0
2370,5,2.25,34,2.0,"98006",913888.0
1930,4,2.25,99,1.5,"98122",689888.0
1780,4,2.0,22,1.0,"98133",305000.0
2760,4,2.5,16,2.0,"98056",602500.0
1620,2,1.75,86,1.0,"98108",355000.0
2160,3,2.5,29,2.0,"98052",756000.0
2190,4,2.25,38,1.0,"98023",289950.0
3240,3,2.5,21,2.0,"98075",800000.0
720,2,1.0,110,1.0,"98103",403000.0
1410,3,2.25,48,2.0,"98008",350000.0
2980,5,3.5,0,2.0,"98115",1285000.0
1950,5,2.25,55,1.0,"98008",525126.0
1100,3,1.0,66,1.0,"98155",241450.0
1400,3,1.5,61,1.0,"98133",320000.0
1710,4,2.0,40,1.0,"98031",234000.0
2000,5,2.5,28,1.0,"98144",441000.0
2000,5,2.5,28,1.0,"98144",474500.0
1440,3,1.0,109,1.5,"98103",705000.0
1520,4,2.5,21,2.0,"98029",517500.0
1440,4,0.75,67,1.0,"98166",142500.0
1010,2,1.5,34,2.0,"98056",310000.0
2440,4,2.5,28,2.0,"98052",749500.0
2480,5,3.0,16,1.0,"98188",360000.0
1090,3,1.0,48,1.0,"98038",267500.0
1480,3,1.0,73,1.0,"98168",290000.0
2800,5,2.5,45,1.0,"98005",850000.0
1820,4,1.75,94,1.5,"98119",815000.0
5840,5,4.0,27,2.0,"98004",2200000.0
2980,4,3.25,16,2.0,"98112",1625000.0
1220,3,1.5,42,1.0,"98001",175000.0
1830,3,1.75,38,1.0,"98034",429950.0
2900,4,2.5,13,2.0,"98074",675000.0
1940,3,2.25,28,1.0,"98027",580000.0
1750,4,2.0,71,1.0,"98166",240000.0
1850,3,2.5,33,1.0,"98032",374000.0
3220,4,2.5,78,2.0,"98199",862500.0
1080,2,1.0,107,1.0,"98030",140000.0
3990,5,3.75,78,2.0,"98125",740000.0
920,3,1.75,111,1.0,"98119",589000.0
1290,3,1.75,36,1.0,"98058",275000.0
2090,4,2.5,9,2.0,"98011",489900.0
1900,3,2.5,19,2.0,"98033",545000.0
1360,4,1.0,74,1.5,"98168",235000.0
1000,3,1.0,100,1.5,"98118",230000.0
2170,4,2.25,35,2.0,"98122",655000.0
820,2,1.0,92,1.0,"98022",185000.0
1090,3,1.0,53,1.0,"98092",196000.0
1830,3,2.25,29,1.0,"98052",572000.0
3010,4,2.5,14,2.0,"98056",615000.0
4150,4,3.75,52,1.0,"98039",1950000.0
2930,6,2.25,102,2.0,"98112",1225000.0
1520,3,2.5,26,2.0,"98034",375000.0
1250,3,1.75,44,1.0,"98070",295000.0
2760,4,2.5,73,2.0,"98115",760000.0
1330,3,1.75,37,1.0,"98058",347000.0
1700,3,2.0,91,1.5,"98117",712000.0
2050,4,2.0,74,1.5,"98144",495000.0
3140,4,2.0,56,1.0,"98040",925000.0
2030,3,1.0,107,1.5,"98115",775000.0
2100,4,2.5,99,1.5,"98126",429000.0
1010,3,1.0,56,1.0,"98003",229000.0
1980,4,1.5,53,1.0,"98024",400000.0
2100,4,2.25,37,2.0,"98006",625000.0
840,2,1.0,64,1.0,"98133",130000.0
1690,3,1.75,39,1.0,"98106",349000.0
2140,3,2.0,32,1.0,"98031",365000.0
1810,3,2.5,18,2.0,"98199",487500.0
2600,3,2.5,26,2.0,"98059",475000.0
1650,3,1.75,56,1.0,"98040",685000.0
2460,3,1.75,77,1.0,"98112",960000.0
4320,5,2.25,42,2.0,"98115",1100000.0
2600,3,2.25,37,2.0,"98038",428000.0
1930,3,2.5,27,2.0,"98011",435000.0
2190,3,2.0,63,1.0,"98107",769950.0
1420,3,1.0,61,1.0,"98006",385000.0
2090,3,2.5,10,2.0,"98019",352000.0
2290,3,2.5,32,2.0,"98075",622500.0
2470,3,3.0,39,2.0,"98074",660000.0
840,3,1.0,56,1.0,"98023",105000.0
2100,2,1.0,107,1.0,"98126",420000.0
1360,3,1.5,60,1.0,"98006",499950.0
3420,6,3.0,67,1.0,"98006",975000.0
1930,3,2.75,86,1.5,"98105",665000.0
2180,4,2.5,47,1.0,"98052",540000.0
1670,4,2.0,60,1.0,"98028",400000.0
2720,4,2.75,7,1.0,"98146",469950.0
3170,4,2.5,36,2.0,"98007",777000.0
1610,2,1.75,74,1.0,"98108",346500.0
2370,3,2.5,12,2.0,"98029",685000.0
2590,3,2.5,39,1.0,"98042",396500.0
2850,3,2.5,35,2.0,"98122",783500.0
1660,4,2.0,93,1.5,"98103",575000.0
5550,4,4.25,10,2.0,"98059",1500000.0
2200,3,1.5,73,1.0,"98177",515000.0
2020,3,2.5,52,1.0,"98168",300000.0
1760,3,1.5,49,1.0,"98031",272000.0
1810,4,2.25,12,2.0,"98059",355000.0
1310,3,2.0,64,1.0,"98178",223000.0
3000,4,2.5,12,2.0,"98038",397000.0
1080,2,2.0,92,1.0,"98117",460000.0
2170,3,2.75,85,1.5,"98109",848000.0
740,2,1.0,91,1.0,"98115",392800.0
5290,3,3.25,27,2.0,"98053",1690000.0
5290,3,3.25,27,2.0,"98053",1800000.0
2370,3,2.25,30,2.0,"98034",577000.0
1890,3,1.0,114,1.5,"98103",570000.0
1160,3,1.75,17,1.0,"98002",250000.0
1550,4,1.75,57,1.5,"98040",645000.0
3090,3,2.5,25,2.0,"98038",567500.0
2610,4,2.5,11,2.0,"98038",337000.0
1230,3,1.75,49,1.0,"98058",280000.0
1280,3,1.5,30,2.0,"98002",167000.0
1880,2,1.0,96,1.0,"98126",280000.0
1220,2,1.5,67,1.0,"98155",317500.0
1350,2,2.75,9,2.0,"98136",405500.0
2370,4,2.5,20,2.0,"98024",495000.0
3040,4,3.0,28,2.0,"98074",691000.0
2080,5,1.75,52,1.0,"98070",480000.0
1560,2,1.75,73,1.0,"98117",549010.0
2980,5,3.5,10,2.0,"98029",750000.0
870,2,1.0,67,1.0,"98103",365000.0
1660,3,1.75,27,1.0,"98034",412500.0
1870,3,2.25,37,1.0,"98011",425000.0
1410,3,1.0,62,1.0,"98004",920000.0
2180,4,2.25,40,1.0,"98023",340000.0
2620,4,2.5,60,1.0,"98133",405000.0
2450,3,2.5,25,1.0,"98056",537100.0
3250,4,2.5,8,2.0,"98031",353500.0
1150,3,1.0,63,1.0,"98125",522000.0
2780,4,2.75,14,2.0,"98053",710000.0
1360,3,1.75,30,1.0,"98059",329950.0
2810,5,2.5,36,1.0,"98008",830000.0
1780,4,2.5,53,1.0,"98005",800500.0
1100,3,1.0,46,1.0,"98042",168500.0
2230,3,2.5,15,2.0,"98065",490000.0
1710,3,2.5,12,2.0,"98116",579000.0
2620,4,2.5,28,2.0,"98075",600000.0
1990,4,1.75,71,1.5,"98126",445000.0
1450,4,1.75,55,1.0,"98027",362500.0
1630,4,2.0,40,1.0,"98092",234000.0
730,1,1.0,7,1.0,"98144",321500.0
1980,3,1.75,89,1.5,"98115",660000.0
1730,4,1.0,61,1.5,"98031",319000.0
1350,3,1.75,62,1.0,"98022",314000.0
1410,3,2.0,107,1.0,"98107",517950.0
2360,5,2.5,54,1.0,"98006",525000.0
1190,3,1.0,54,1.0,"98059",319500.0
3760,4,3.25,65,1.5,"98105",1580000.0
1220,1,1.0,69,1.0,"98198",325000.0
2920,4,2.5,20,2.0,"98077",795000.0
1590,2,1.75,88,1.5,"98199",850000.0
3510,5,3.25,2,2.0,"98033",1010000.0
1320,3,2.5,9,3.0,"98107",475000.0
1610,3,1.0,40,1.0,"98028",375000.0
1410,3,1.0,64,1.0,"98177",405000.0
2170,4,2.5,53,1.0,"98155",420000.0
1890,4,1.75,109,1.5,"98119",775000.0
3260,4,2.75,8,2.0,"98027",800000.0
2080,3,1.75,31,2.0,"98052",436800.0
2040,3,1.75,85,1.5,"98117",620000.0
1250,3,1.0,45,1.0,"98003",230000.0
850,1,1.0,109,1.0,"98118",165000.0
850,1,1.0,109,1.0,"98118",490000.0
1600,3,1.75,52,1.0,"98006",480000.0
2400,3,2.5,22,2.0,"98056",570000.0
1870,3,2.25,23,2.0,"98033",615000.0
1720,3,1.0,46,1.0,"98028",280000.0
1030,3,1.0,46,1.0,"98072",326000.0
1190,2,2.25,11,2.0,"98105",550700.0
910,2,1.0,115,1.5,"98112",600000.0
1290,3,1.0,47,1.0,"98029",450000.0
1530,2,2.25,5,2.0,"98122",546000.0
2330,3,2.5,32,2.0,"98045",585000.0
2090,3,1.75,63,1.0,"98115",489000.0
1570,3,2.0,44,2.0,"98122",765000.0
1560,3,1.75,42,1.0,"98070",519000.0
1500,2,1.0,87,1.5,"98055",262000.0
2160,4,2.75,28,1.0,"98115",550000.0
780,2,1.0,72,1.0,"98146",285000.0
2340,4,1.75,59,1.0,"98028",476000.0
3570,3,2.0,69,1.0,"98039",2200000.0
720,1,1.0,108,1.0,"98117",335000.0
2990,4,2.0,41,1.0,"98092",510000.0
1860,3,2.25,54,1.0,"98030",291000.0
1950,4,1.75,84,1.5,"98065",335000.0
1860,3,1.5,60,1.0,"98028",415000.0
1550,3,2.0,73,1.0,"98126",430000.0
1610,3,1.75,36,1.0,"98023",270000.0
1810,3,2.0,109,1.0,"98117",760000.0
1730,2,2.0,110,2.0,"98144",450000.0
1230,3,2.5,37,1.0,"98059",425000.0
2130,4,2.5,99,1.5,"98103",725000.0
2190,3,2.75,42,1.0,"98033",700000.0
4130,5,4.5,11,2.0,"98029",998000.0
1680,3,2.25,26,2.0,"98019",396000.0
1480,3,2.5,47,1.0,"98125",547000.0
1790,4,1.5,52,1.0,"98030",302000.0
2810,5,3.5,105,2.0,"98117",999000.0
2360,4,2.5,38,1.0,"98126",633000.0
1460,3,1.75,33,1.0,"98019",265800.0
2160,3,2.25,55,1.0,"98133",530000.0
2610,6,2.0,50,1.0,"98007",605000.0
2170,4,2.5,9,2.0,"98065",489000.0
2160,2,1.0,47,1.0,"98168",305000.0
2020,4,2.75,57,1.0,"98126",513000.0
2980,4,2.5,9,2.0,"98027",765000.0
1300,2,1.5,112,1.0,"98102",550000.0
3090,4,2.5,30,2.0,"98006",974350.0
2280,4,2.25,31,2.0,"98027",653675.0
1260,3,1.75,30,1.0,"98038",245000.0
1530,2,1.75,63,1.0,"98115",700180.0
1830,3,2.5,19,1.0,"98028",510000.0
1610,3,2.5,46,1.0,"98056",390000.0
2170,3,2.5,15,2.0,"98075",606500.0
5020,4,4.25,17,2.0,"98074",1500000.0
1620,3,2.25,27,2.0,"98003",290000.0
1080,3,1.75,34,1.0,"98023",115000.0
1940,3,2.5,28,1.0,"98027",500000.0
2360,3,2.5,19,2.0,"98115",580050.0
2010,3,2.5,1,2.0,"98029",550000.0
800,3,1.0,112,1.5,"98117",465000.0
970,3,1.0,66,1.5,"98125",354950.0
3720,4,3.25,8,2.0,"98027",980000.0
2010,3,2.25,30,2.0,"98028",500000.0
1430,4,1.0,91,1.5,"98105",667750.0
2250,3,1.75,59,1.0,"98028",735000.0
2130,3,1.75,60,1.0,"98178",361000.0
1620,3,2.0,26,1.0,"98042",276750.0
3140,4,3.25,6,2.0,"98027",760000.0
870,2,1.0,69,1.0,"98107",475000.0
1820,4,2.5,28,1.0,"98001",234000.0
1510,3,2.0,41,1.0,"98001",234950.0
1320,2,1.75,47,1.0,"98038",269950.0
1800,3,2.5,26,2.0,"98029",495000.0
1120,2,1.0,73,1.0,"98115",438000.0
2160,3,1.75,34,1.0,"98019",260000.0
3220,4,2.5,11,2.0,"98075",697000.0
960,2,1.0,64,1.0,"98126",212625.0
2640,5,2.5,90,1.5,"98122",593000.0
2430,4,3.0,12,2.0,"98038",410000.0
1470,2,1.0,74,1.0,"98103",445434.0
2040,3,2.5,47,1.0,"98003",200126.0
1670,3,2.5,23,2.0,"98038",290700.0
1010,4,1.0,60,1.0,"98198",248000.0
540,1,1.0,54,1.0,"98177",345000.0
1240,3,1.0,64,1.0,"98103",525000.0
1510,3,1.75,47,1.0,"98034",400000.0
1820,3,1.0,97,1.0,"98116",532000.0
1000,2,1.0,100,1.0,"98002",159995.0
2040,5,1.5,52,1.0,"98056",287000.0
3690,4,2.5,64,1.0,"98199",1115000.0
2310,3,2.5,27,2.0,"98006",765000.0
1090,3,1.5,46,1.0,"98038",185000.0
1150,3,1.0,109,1.0,"98103",430000.0
2100,4,2.5,6,2.0,"98058",346000.0
2150,4,2.75,33,1.0,"98033",607000.0
2500,3,1.5,74,1.5,"98106",417000.0
3530,5,2.0,90,1.5,"98144",930000.0
1290,2,1.75,64,1.0,"98136",573300.0
2010,4,1.75,60,1.0,"98178",260000.0
420,1,0.75,93,1.0,"98108",280000.0
2180,4,2.5,95,2.0,"98122",825000.0
1150,4,1.0,68,1.5,"98155",307000.0
2000,4,1.75,66,1.0,"98117",595000.0
2780,5,1.75,49,1.0,"98052",528000.0
1550,2,1.75,50,1.0,"98070",600000.0
2180,2,1.0,56,1.0,"98198",275000.0
1570,2,1.5,109,1.5,"98119",782000.0
2260,3,2.5,29,1.0,"98077",610000.0
1600,3,1.0,106,1.5,"98103",488000.0
1630,3,1.0,61,1.0,"98108",320000.0
890,3,1.0,105,1.0,"98118",153500.0
1350,3,1.0,36,1.0,"98034",414500.0
2850,5,1.75,64,1.0,"98155",750000.0
1350,3,1.0,90,1.0,"98022",349990.0
3280,3,2.25,14,1.0,"98003",645000.0
1090,2,1.0,93,1.0,"98144",425000.0
2990,4,2.5,12,2.0,"98074",785000.0
1340,3,1.75,52,1.0,"98038",290000.0
1340,3,1.75,52,1.0,"98038",415000.0
720,2,1.0,66,1.0,"98106",248500.0
2330,3,2.5,35,1.0,"98055",325000.0
1280,2,1.0,74,1.5,"98028",272925.0
1570,2,2.25,0,2.0,"98199",500000.0
1510,4,1.75,95,1.5,"98106",250000.0
2470,4,2.5,13,2.0,"98155",470000.0
1190,2,1.0,98,1.0,"98118",440000.0
1981,4,2.5,2,2.0,"98092",299999.0
1590,3,1.75,56,1.0,"98002",255000.0
1150,3,1.75,58,1.0,"98008",415950.0
2160,5,2.75,60,1.5,"98118",402000.0
1770,3,1.5,62,1.0,"98177",729000.0
2470,2,2.5,14,2.0,"98108",635000.0
1710,3,2.5,33,2.0,"98052",479000.0
1860,2,2.25,29,2.0,"98006",462370.0
1150,3,1.0,69,1.5,"98001",171500.0
3850,5,3.0,52,2.0,"98177",925000.0
3410,5,3.0,47,1.0,"98052",675000.0
1890,4,1.5,41,1.0,"98092",320000.0
3200,5,3.5,26,2.0,"98059",499950.0
2170,5,1.0,85,1.5,"98011",435000.0
2390,4,2.5,16,2.0,"98092",359800.0
1410,3,2.0,30,1.0,"98030",239900.0
740,2,1.0,100,1.0,"98116",295000.0
2150,3,2.5,35,1.5,"98058",380000.0
2180,4,2.5,70,2.0,"98126",435000.0
820,2,1.0,62,1.0,"98199",508000.0
5480,6,4.5,16,2.0,"98119",2400000.0
1960,4,2.5,37,1.0,"98001",234500.0
1270,2,1.0,95,1.0,"98103",355000.0
1710,3,2.0,38,1.0,"98042",230000.0
1930,3,1.75,64,1.0,"98166",345000.0
1200,3,1.75,109,1.0,"98108",430000.0
1680,3,1.5,53,1.0,"98033",500000.0
1300,4,1.0,61,1.0,"98133",378000.0
1540,3,2.5,16,2.0,"98065",345000.0
870,2,1.75,74,1.0,"98126",410000.0
1890,2,2.25,110,2.0,"98105",750000.0
2050,4,1.75,47,1.0,"98052",485000.0
880,3,1.0,45,1.0,"98042",105000.0
2780,3,2.75,111,2.0,"98103",1025000.0
1160,3,1.0,50,1.0,"98033",360000.0
2300,5,2.75,46,1.0,"98023",294000.0
3140,4,2.5,38,2.0,"98042",400000.0
2300,3,1.75,45,1.0,"98198",325000.0
2900,3,2.5,28,1.0,"98006",770000.0
1920,3,2.25,26,2.0,"98011",443000.0
1150,3,1.0,45,1.0,"98034",325000.0
3120,4,2.5,23,2.0,"98029",760000.0
2560,4,2.0,68,1.0,"98115",640000.0
1410,3,2.0,115,1.5,"98108",415000.0
970,3,1.0,56,1.0,"98003",156000.0
3620,3,3.25,27,2.0,"98040",996000.0
880,2,1.0,74,1.0,"98103",415000.0
1900,3,1.75,88,1.5,"98144",615000.0
2540,4,2.5,6,2.0,"98052",717000.0
1690,4,1.75,47,1.0,"98033",548000.0
1120,3,1.5,78,1.0,"98133",425000.0
2130,4,2.75,24,1.0,"98198",325250.0
3420,3,2.5,25,2.0,"98052",1225000.0
1900,3,1.75,56,1.0,"98008",557500.0
3730,4,2.5,25,2.0,"98040",1260500.0
1790,3,3.0,9,2.0,"98108",249950.0
2250,4,2.75,31,1.0,"98023",260000.0
2880,3,2.5,65,1.0,"98004",1989000.0
1780,4,1.75,72,1.0,"98199",442900.0
1580,3,2.25,34,1.0,"98074",475000.0
3260,5,2.75,11,2.0,"98042",365000.0
3180,4,2.5,13,2.0,"98155",780000.0
2460,3,1.75,90,1.0,"98103",930000.0
8670,5,6.25,50,2.0,"98177",2888000.0
1020,3,1.0,74,1.0,"98133",350000.0
1630,3,1.75,32,1.0,"98155",357500.0
3290,4,2.5,23,2.0,"98028",520000.0
1940,4,2.5,12,2.0,"98058",330000.0
1350,3,2.0,20,1.0,"98045",310000.0
1110,3,1.0,66,1.0,"98166",279000.0
2993,4,1.5,94,2.0,"98166",540000.0
2280,4,2.5,21,2.0,"98030",322000.0
3800,5,3.25,50,1.0,"98032",380000.0
850,2,1.0,74,1.0,"98166",320000.0
1560,3,1.75,45,1.0,"98028",400000.0
1000,3,1.0,87,1.0,"98133",412000.0
1400,3,1.0,115,1.5,"98103",887200.0
1540,4,1.75,72,1.0,"98126",395000.0
3570,4,3.0,80,1.5,"98074",895000.0
800,2,1.0,97,1.0,"98022",195000.0
1160,3,1.0,105,1.5,"98106",390000.0
1010,3,1.0,57,1.0,"98058",165000.0
1010,3,1.0,57,1.0,"98058",255000.0
2390,4,2.25,34,2.0,"98053",589000.0
1610,3,2.5,19,2.0,"98029",505000.0
2400,3,3.0,60,1.0,"98178",335750.0
1800,3,1.75,68,1.0,"98199",719000.0
2110,4,3.25,14,2.0,"98115",796000.0
960,2,1.0,97,1.0,"98198",95000.0
2600,3,3.0,26,1.5,"98198",525000.0
1340,3,1.5,59,1.0,"98006",417000.0
1410,3,1.0,90,1.0,"98116",410000.0
2390,4,2.25,53,1.0,"98040",984000.0
1180,2,1.5,6,3.0,"98133",325000.0
1040,3,1.0,47,1.0,"98059",314950.0
1840,3,2.25,28,1.0,"98028",350000.0
2630,4,2.25,106,2.0,"98102",1045000.0
2640,4,2.5,20,2.0,"98056",657000.0
1720,2,2.5,16,2.0,"98042",234950.0
2320,4,1.75,60,1.0,"98133",410000.0
1840,3,1.75,67,2.0,"98115",625000.0
2890,5,2.5,25,2.0,"98059",706000.0
2200,3,1.75,107,2.0,"98198",485000.0
1660,4,2.75,87,1.5,"98117",685000.0
2170,3,2.5,35,1.0,"98038",242050.0
3310,3,3.25,9,2.0,"98029",770000.0
1450,2,1.5,68,1.0,"98117",557000.0
1440,3,1.75,49,1.0,"98001",246000.0
1760,4,2.0,53,1.0,"98003",194000.0
3170,3,2.5,10,2.0,"98033",720000.0
1250,2,1.0,90,1.0,"98118",449000.0
3280,4,2.5,21,2.0,"98053",925000.0
2460,4,3.0,68,1.0,"98125",570000.0
1470,3,2.0,53,1.0,"98011",395000.0
1780,4,2.0,97,1.5,"98004",1000000.0
1580,4,1.0,87,1.5,"98178",406000.0
1630,3,1.5,83,1.5,"98115",574800.0
2240,4,2.0,47,1.0,"98032",309000.0
2430,3,2.5,28,2.0,"98027",770000.0
1940,3,1.5,74,1.0,"98117",525000.0
1970,3,2.5,11,2.0,"98065",419000.0
2050,4,2.5,42,1.0,"98034",479000.0
1340,3,1.0,80,1.5,"98014",160000.0
1880,4,1.75,48,1.0,"98058",333000.0
860,2,1.0,94,1.0,"98106",310000.0
2140,3,2.5,8,2.0,"98052",666000.0
3620,3,3.0,38,2.0,"98136",2230000.0
2370,4,2.75,26,2.0,"98023",310000.0
1860,3,2.5,23,2.0,"98014",350000.0
2110,4,3.0,85,1.5,"98136",610000.0
1990,3,2.25,24,2.0,"98029",564800.0
1820,3,2.25,54,1.0,"98133",438000.0
3120,3,2.0,37,1.0,"98006",855000.0
1190,3,2.5,13,2.0,"98178",229000.0
1170,3,2.0,113,1.0,"98118",260000.0
2630,3,2.5,26,2.0,"98028",609000.0
1450,4,1.0,51,1.0,"98146",277000.0
2100,4,2.0,56,1.0,"98106",283000.0
1680,2,1.75,101,1.0,"98115",334000.0
2000,4,1.75,52,1.0,"98003",267000.0
1030,3,1.0,91,1.0,"98115",385000.0
2020,5,1.75,59,1.0,"98115",640000.0
2220,4,2.0,52,1.0,"98011",532500.0
1750,4,2.5,32,1.0,"98058",335000.0
1710,3,2.5,25,2.0,"98126",415000.0
3560,6,3.25,52,1.5,"98005",1098000.0
2720,2,2.5,62,1.0,"98118",1442500.0
1010,3,1.0,60,1.0,"98146",180000.0
1830,4,2.5,11,2.0,"98038",335000.0
4480,4,3.0,28,2.0,"98077",835000.0
2080,4,1.5,90,1.5,"98122",592500.0
1470,3,1.5,61,1.0,"98155",418900.0
1600,3,1.0,57,1.0,"98056",340000.0
1340,3,2.0,92,1.5,"98118",545000.0
3680,5,3.5,12,2.0,"98033",1378000.0
1770,3,2.5,11,2.0,"98055",183750.0
980,4,2.0,37,1.0,"98045",295000.0
2530,4,3.0,39,1.0,"98034",625000.0
2390,4,3.0,41,2.0,"98055",290000.0
3600,4,2.5,11,2.0,"98010",760000.0
3270,4,2.5,36,1.0,"98056",560000.0
2300,5,2.5,21,2.0,"98053",475000.0
1710,3,1.0,106,1.5,"98103",620000.0
1170,4,2.0,60,1.0,"98144",330000.0
1990,3,2.25,55,1.0,"98033",620000.0
1710,4,1.75,46,1.5,"98059",320000.0
1740,3,2.5,19,2.0,"98112",525000.0
3320,4,3.75,10,2.0,"98075",802500.0
1960,4,1.0,108,2.0,"98144",569500.0
2820,6,3.5,57,1.0,"98117",850000.0
1590,3,1.0,93,1.5,"98105",630000.0
2490,4,2.25,36,1.0,"98074",454800.0
870,3,1.0,46,1.0,"98042",177000.0
1860,3,1.75,44,1.0,"98023",275000.0
2930,3,2.0,25,2.0,"98010",460000.0
1580,3,1.0,107,2.0,"98102",729000.0
4110,4,3.25,20,2.0,"98006",935000.0
1410,3,2.0,75,1.0,"98117",481450.0
2090,3,2.0,85,1.5,"98122",860000.0
1400,3,1.75,57,1.0,"98056",274000.0
1690,3,3.5,7,2.0,"98199",499000.0
3210,5,2.25,36,1.5,"98077",696500.0
1190,3,1.0,80,1.5,"98070",390000.0
960,3,1.0,93,1.0,"98065",265000.0
2380,4,2.25,36,2.0,"98028",470000.0
1020,2,1.0,80,1.0,"98168",168500.0
1290,3,1.75,32,1.0,"98001",220000.0
1830,3,2.0,67,1.0,"98178",295000.0
4770,5,4.0,25,2.0,"98006",1475000.0
2910,2,2.5,30,2.0,"98177",1295000.0
950,3,1.0,56,1.0,"98059",285000.0
1160,3,1.0,47,1.0,"98133",294950.0
4930,4,4.0,11,2.0,"98075",1465000.0
1780,3,1.75,71,1.0,"98116",565500.0
1410,3,2.0,35,1.0,"98042",230000.0
2700,4,3.5,67,1.5,"98042",569950.0
1790,2,1.5,100,1.0,"98112",721000.0
4040,3,2.5,9,2.0,"98019",565000.0
1990,3,1.75,37,1.0,"98052",438000.0
2150,3,1.75,37,1.0,"98168",369900.0
1850,4,2.5,18,2.0,"98059",405000.0
1680,3,2.5,21,1.0,"98031",282000.0
1430,2,1.0,71,1.0,"98125",380950.0
960,3,1.0,57,1.0,"98155",349810.0
2700,4,2.5,11,2.0,"98052",690000.0
1290,2,1.5,68,1.0,"98115",653000.0
1860,3,2.5,29,2.0,"98072",526500.0
4320,4,3.5,10,2.0,"98029",1040000.0
2130,3,1.0,98,1.5,"98118",335000.0
2870,2,1.75,21,2.0,"98027",570000.0
3740,5,3.5,2,2.0,"98052",1080000.0
2130,3,2.5,30,2.0,"98052",475000.0
1210,4,2.0,74,1.0,"98108",315000.0
2800,6,2.0,61,1.0,"98058",405000.0
3040,5,2.25,31,2.0,"98052",562000.0
1570,3,2.5,22,2.0,"98038",295000.0
2090,3,2.25,54,1.0,"98045",383000.0
1690,3,2.25,30,1.0,"98003",242000.0
1470,3,1.5,48,1.0,"98059",352500.0
1460,4,1.0,74,1.0,"98178",239950.0
3030,4,2.5,68,2.0,"98105",998000.0
1190,3,1.75,93,1.0,"98116",515000.0
1840,5,1.0,95,1.5,"98126",590000.0
3560,4,3.75,43,2.0,"98040",1160000.0
1580,3,1.75,61,1.0,"98148",289000.0
1230,3,1.5,62,1.0,"98125",424000.0
1440,4,2.0,72,1.0,"98056",199000.0
4420,4,3.5,11,2.0,"98065",730000.0
910,3,1.0,44,1.0,"98166",244000.0
670,2,1.0,73,1.0,"98146",240000.0
2650,4,2.75,56,2.0,"98008",797000.0
2220,4,2.25,16,2.0,"98038",350000.0
1640,3,1.75,43,1.0,"98034",415000.0
770,2,1.0,68,1.0,"98126",378510.0
3960,4,3.5,9,2.0,"98199",1195000.0
1140,2,1.5,90,1.0,"98106",379900.0
2480,3,2.5,11,2.0,"98053",620000.0
1580,3,1.5,69,1.0,"98117",524500.0
1990,4,2.75,16,1.0,"98002",270000.0
1830,4,2.25,26,1.0,"98023",236000.0
840,2,2.0,73,1.5,"98106",308500.0
3320,5,2.25,52,1.0,"98040",989900.0
2050,4,2.25,38,2.0,"98042",299000.0
1560,2,1.75,48,2.0,"98065",295000.0
800,2,1.0,88,1.0,"98168",110000.0
1190,2,1.0,67,1.0,"98133",295950.0
1300,3,1.75,97,1.0,"98106",270000.0
3400,4,2.5,14,2.0,"98010",712000.0
1170,2,1.5,15,3.0,"98107",475000.0
2510,4,2.5,14,2.0,"98056",410000.0
2510,4,2.25,38,1.0,"98034",588000.0
2390,3,2.5,9,2.0,"98072",420000.0
2200,4,2.25,10,2.0,"98038",355000.0
2550,2,1.0,57,1.0,"98198",446000.0
2560,4,2.25,39,1.0,"98052",765000.0
3250,3,3.75,64,2.0,"98199",967500.0
1340,2,2.0,11,1.0,"98053",381000.0
2840,3,2.25,32,2.0,"98092",490000.0
2480,4,2.25,40,1.0,"98052",716000.0
3060,5,3.5,26,2.0,"98056",605000.0
2910,4,2.5,11,2.0,"98003",312200.0
1900,4,1.0,67,1.0,"98166",327000.0
1300,4,1.75,46,1.0,"98001",229950.0
1480,3,1.5,35,1.0,"98023",160000.0
1250,3,1.0,43,1.0,"98059",255000.0
2000,4,2.5,71,1.5,"98117",530000.0
1330,3,1.5,44,1.0,"98188",239000.0
1840,3,2.25,32,1.0,"98031",285000.0
1560,4,2.0,70,1.5,"98105",537000.0
3150,3,2.5,9,2.0,"98014",530000.0
1560,3,2.25,25,2.0,"98023",213675.0
2910,5,2.5,51,1.0,"98008",530000.0
2940,3,2.5,21,2.0,"98075",780000.0
950,3,1.0,68,1.0,"98144",390000.0
1200,2,1.0,75,1.0,"98126",450000.0
1000,2,1.0,62,1.0,"98118",420000.0
1490,3,2.0,56,1.0,"98107",550000.0
600,2,1.0,72,1.0,"98168",110000.0
2320,2,1.75,90,1.5,"98144",700000.0
3190,4,2.5,13,2.0,"98074",807500.0
990,2,1.0,38,1.0,"98003",179000.0
5470,4,2.75,23,2.0,"98118",1612500.0
2890,4,2.75,34,2.0,"98077",655000.0
1790,3,2.0,51,1.0,"98133",472500.0
2350,4,2.5,17,2.0,"98092",299000.0
3430,4,2.5,15,2.0,"98034",740000.0
2600,3,1.75,48,1.0,"98004",860000.0
2130,4,3.0,67,1.0,"98116",620000.0
1660,3,1.75,33,1.0,"98146",410000.0
2473,5,3.5,52,2.0,"98198",343000.0
1430,2,2.75,9,2.0,"98112",465000.0
1570,3,2.25,13,2.0,"98092",273950.0
1240,2,1.0,100,1.0,"98056",825000.0
1720,3,2.5,1,2.0,"98022",255000.0
1140,3,2.0,17,1.0,"98022",250000.0
2690,4,3.25,37,2.0,"98155",635000.0
1520,3,1.75,49,1.0,"98023",240000.0
2040,4,2.25,3,2.0,"98033",670000.0
2830,3,2.5,61,1.0,"98126",713414.0
1340,3,1.5,49,1.0,"98198",245000.0
2520,4,2.5,47,1.0,"98155",600000.0
1660,3,2.5,13,2.0,"98198",270000.0
880,2,1.0,72,1.0,"98056",190000.0
980,3,2.0,75,1.0,"98144",435000.0
1360,4,1.0,115,1.5,"98122",560000.0
3710,3,3.75,37,2.0,"98075",998000.0
940,3,1.0,63,1.0,"98004",725000.0
970,2,1.0,47,1.0,"98056",210000.0
1500,3,2.25,8,3.0,"98103",513000.0
2780,5,2.5,48,1.0,"98001",290000.0
3110,3,2.5,61,1.0,"98039",1260000.0
1860,3,2.25,20,2.0,"98038",330000.0
1010,3,1.0,57,1.0,"98058",189000.0
2850,3,2.25,68,2.0,"98115",907500.0
2280,3,2.25,37,1.0,"98014",410000.0
3080,4,3.0,54,2.0,"98006",1050000.0
2280,4,2.5,73,1.5,"98125",622100.0
2030,3,1.5,46,1.0,"98001",250000.0
2570,4,3.0,106,2.0,"98115",1180000.0
3640,3,2.75,36,1.0,"98006",925000.0
1760,3,2.0,84,1.0,"98117",554000.0
2760,3,2.5,13,2.0,"98056",545000.0
2650,3,2.5,10,2.0,"98155",660000.0
5160,5,4.5,19,2.0,"98005",1900000.0
1480,4,2.0,41,1.0,"98055",260000.0
860,3,1.0,71,1.0,"98178",219900.0
2610,4,2.5,11,2.0,"98038",373500.0
1470,2,1.0,66,1.0,"98027",380000.0
4570,4,2.5,25,2.0,"98074",1060000.0
3410,3,3.0,42,2.0,"98040",2600000.0
1760,3,2.25,32,2.0,"98056",450000.0
2040,3,1.75,28,1.0,"98038",379950.0
3470,3,3.5,7,3.0,"98034",834800.0
680,2,1.0,98,1.0,"98122",365000.0
1494,2,2.0,72,2.0,"98070",465000.0
1250,3,1.5,60,1.0,"98117",452000.0
3570,3,3.0,30,2.0,"98116",840000.0
2000,4,2.0,85,1.5,"98136",465000.0
2030,3,2.5,12,2.0,"98042",295000.0
1390,3,1.0,66,1.0,"98133",396000.0
1030,2,1.0,73,1.5,"98115",397000.0
1280,3,1.0,61,1.5,"98146",240000.0
2370,3,2.5,28,2.0,"98119",300523.0
1380,3,2.0,69,2.0,"98001",215500.0
2320,5,3.0,29,1.0,"98052",552500.0
2050,5,1.5,47,1.0,"98055",375000.0
1210,3,1.0,97,1.0,"98070",160000.0
3270,4,2.5,26,2.0,"98006",1070000.0
2450,3,2.5,93,2.0,"98102",952000.0
1890,5,1.75,109,1.5,"98107",523460.0
2007,4,2.5,6,2.0,"98092",305950.0
1430,3,2.5,24,2.0,"98022",220000.0
2056,2,1.75,35,1.0,"98001",289000.0
2210,5,2.5,51,1.0,"98155",648000.0
2330,5,1.75,78,1.5,"98199",825000.0
2070,4,2.0,33,2.0,"98011",400000.0
1480,2,2.5,6,3.0,"98052",420000.0
1160,2,1.75,66,2.0,"98118",389000.0
2520,4,2.5,109,2.0,"98117",865000.0
1770,2,1.0,58,1.0,"98023",345000.0
3110,3,2.5,20,2.0,"98038",700000.0
1680,3,2.5,33,2.0,"98052",550000.0
1320,3,1.0,103,1.5,"98116",201500.0
1320,3,1.0,103,1.5,"98116",459000.0
1810,3,2.5,31,1.0,"98058",327000.0
1140,1,1.0,95,1.5,"98103",540000.0
4600,5,2.5,59,1.0,"98177",805000.0
1840,3,2.0,107,1.0,"98136",521000.0
2000,3,1.5,50,1.0,"98118",375000.0
1480,3,1.75,37,1.0,"98023",235000.0
2040,4,2.5,21,2.0,"98042",240000.0
2060,4,2.25,47,1.0,"98008",575000.0
3720,6,3.5,12,2.0,"98040",1520000.0
3002,4,2.5,11,2.0,"98055",394500.0
1060,3,1.0,45,1.0,"98042",174950.0
1830,4,2.0,49,1.0,"98059",383000.0
1550,3,2.0,57,1.0,"98059",249950.0
1690,3,2.5,36,2.0,"98052",431000.0
2580,3,1.75,64,1.0,"98006",459900.0
2510,5,2.5,38,1.0,"98034",475000.0
1290,3,2.25,28,2.0,"98112",605000.0
1450,4,2.0,48,1.0,"98001",234950.0
2690,4,2.5,22,2.0,"98058",419000.0
3340,4,3.25,52,1.5,"98052",910000.0
2600,4,2.5,24,2.0,"98058",392000.0
3140,3,2.5,14,2.0,"98052",915000.0
3800,3,3.25,32,2.0,"98011",630000.0
2320,4,1.75,59,1.0,"98178",416100.0
2360,4,2.5,50,1.0,"98001",285000.0
1100,4,1.5,55,1.0,"98033",353000.0
1390,3,2.0,25,1.0,"98055",297950.0
2180,2,2.0,81,2.0,"98034",750000.0
1730,3,3.0,9,3.5,"98107",525000.0
2760,5,1.75,47,1.0,"98155",495000.0
2430,3,1.75,66,1.0,"98117",710000.0
2010,3,2.0,62,1.0,"98034",310000.0
1730,5,1.75,37,1.0,"98042",205000.0
2450,3,3.0,11,1.5,"98022",530000.0
3300,4,2.5,17,2.0,"98059",725000.0
720,2,1.0,68,1.0,"98155",195000.0
1240,3,2.0,31,1.0,"98074",401000.0
3050,5,2.5,53,1.0,"98006",1030000.0
1590,3,1.5,44,1.5,"98022",251000.0
2040,3,2.0,66,1.0,"98115",667500.0
1840,4,2.5,11,2.0,"98031",300000.0
1960,4,2.25,42,2.0,"98052",610000.0
4110,4,5.0,37,2.0,"98005",1042030.0
1830,3,2.25,39,1.0,"98072",430000.0
1330,2,1.0,65,1.0,"98014",455000.0
2190,5,2.0,50,1.0,"98052",600000.0
1720,3,3.25,11,2.5,"98122",638000.0
1710,3,1.75,97,1.0,"98136",561000.0
2180,3,2.5,38,1.0,"98116",625000.0
1700,3,1.75,38,1.0,"98092",263950.0
2960,3,2.5,37,2.0,"98008",740000.0
1330,3,1.0,67,1.0,"98188",234999.0
1940,4,2.5,11,2.0,"98058",380000.0
1500,3,2.25,26,1.0,"98019",329500.0
2230,4,2.5,37,1.0,"98027",464950.0
1700,3,2.25,30,1.0,"98125",500000.0
1840,4,1.5,65,1.5,"98177",415000.0
2100,3,2.25,32,2.0,"98070",437500.0
2580,7,2.5,114,1.0,"98122",599000.0
2350,4,2.5,18,2.0,"98042",367000.0
760,2,1.0,93,1.0,"98107",530000.0
3280,5,3.5,12,2.0,"98117",989000.0
1320,3,2.0,75,1.0,"98118",462600.0
1690,3,2.5,42,1.0,"98040",875000.0
2060,3,2.25,39,1.0,"98001",335000.0
1450,4,2.0,64,1.0,"98108",393000.0
2760,4,3.0,77,2.0,"98105",1340000.0
2830,3,2.5,14,2.0,"98028",590000.0
1890,4,2.75,0,2.0,"98199",671000.0
2610,3,3.25,106,1.5,"98103",925000.0
1900,3,2.25,48,1.0,"98146",245000.0
930,3,1.0,63,1.0,"98115",392500.0
2730,4,2.0,17,1.0,"98155",505000.0
2650,4,2.5,2,2.0,"98053",702000.0
1010,2,1.0,68,1.0,"98136",337000.0
3550,4,2.5,19,2.0,"98027",920000.0
2130,3,1.75,56,1.0,"98125",495500.0
1840,2,1.75,77,1.0,"98030",245000.0
1320,2,1.0,106,1.5,"98144",395000.0
990,3,1.0,45,1.0,"98034",335000.0
1020,2,1.75,32,1.0,"98022",187000.0
1570,4,2.0,55,1.0,"98007",450000.0
1930,4,2.25,27,1.0,"98030",280000.0
3760,5,4.0,46,1.0,"98040",1375000.0
1000,2,1.0,55,1.0,"98019",265000.0
1930,3,1.75,57,1.0,"98040",795000.0
2240,3,1.5,86,2.0,"98115",510000.0
2190,4,2.5,43,1.0,"98006",699900.0
2400,4,2.75,57,1.0,"98008",839000.0
1970,4,1.75,47,1.0,"98028",396000.0
2860,3,2.25,32,2.0,"98058",365000.0
1900,3,2.25,45,1.0,"98008",440000.0
2090,4,2.5,18,2.0,"98058",405000.0
850,3,1.5,29,1.0,"98106",295000.0
1840,4,2.5,11,2.0,"98106",275000.0
820,2,1.0,85,1.0,"98042",295000.0
4370,5,3.5,25,2.0,"98004",1500000.0
3190,3,3.5,21,2.0,"98052",795000.0
3480,5,3.5,32,2.0,"98075",650000.0
1690,3,1.0,56,1.0,"98166",260000.0
1650,2,2.5,7,2.0,"98065",382000.0
2590,4,2.5,30,2.0,"98052",790100.0
2160,4,2.5,22,2.0,"98001",220000.0
3500,4,3.5,21,2.0,"98006",799000.0
3920,4,2.25,87,2.0,"98144",1480000.0
2190,4,2.75,22,2.0,"98001",367300.0
1890,4,2.0,108,1.5,"98103",805000.0
1860,2,1.0,95,1.0,"98105",730000.0
1720,3,2.0,46,1.0,"98011",402000.0
2600,4,2.75,39,1.0,"98115",750000.0
1570,3,1.5,43,1.0,"98045",458000.0
3530,3,2.5,18,2.0,"98006",898000.0
1960,4,2.5,17,2.0,"98092",308000.0
2230,3,2.5,11,2.0,"98058",385000.0
2720,4,3.0,87,1.5,"98105",1020000.0
2840,5,3.0,110,2.0,"98112",1425000.0
1260,3,1.75,31,1.0,"98038",240000.0
1860,3,1.5,48,1.0,"98023",217000.0
2010,4,1.75,78,1.0,"98199",972000.0
820,2,1.0,71,1.0,"98126",361280.0
1220,3,1.75,110,1.0,"98119",385000.0
2220,3,2.5,28,2.0,"98027",475000.0
2860,4,2.5,91,1.5,"98107",724950.0
4230,5,4.5,16,2.0,"98006",935000.0
840,3,1.0,54,1.0,"98023",169950.0
2290,3,2.5,14,2.0,"98006",585000.0
3480,5,3.5,11,2.0,"98092",480000.0
4260,4,2.5,80,1.5,"98155",635000.0
2230,3,2.5,11,2.0,"98058",368750.0
3080,6,2.0,115,2.0,"98122",432500.0
2250,3,2.5,11,2.0,"98075",589000.0
3160,4,3.25,11,2.0,"98027",840000.0
1770,3,2.5,10,2.0,"98058",316500.0
2880,4,2.5,9,2.0,"98065",536000.0
2690,4,2.75,37,1.0,"98029",563750.0
1730,4,1.0,45,1.5,"98003",152500.0
1730,4,1.0,45,1.5,"98003",267950.0
4780,5,4.0,21,2.0,"98077",1640000.0
2540,4,2.5,38,2.0,"98032",269950.0
2630,4,3.0,9,2.0,"98052",731688.0
1890,3,1.5,56,1.0,"98188",240000.0
1220,2,1.0,54,1.0,"98117",555950.0
710,2,1.0,73,1.0,"98126",289000.0
2970,3,2.5,20,1.0,"98074",525000.0
2970,3,2.5,20,1.0,"98074",745000.0
1000,2,1.0,76,1.0,"98115",397000.0
1980,3,1.0,50,1.0,"98106",233000.0
1920,4,2.25,36,2.0,"98027",625000.0
2740,3,2.0,27,2.0,"98001",535000.0
1740,3,2.25,42,1.0,"98032",270000.0
1300,3,1.75,48,1.0,"98034",360000.0
2740,4,1.5,110,2.0,"98109",1105000.0
4060,4,1.75,62,2.0,"98199",970000.0
3490,5,2.5,57,1.0,"98005",915000.0
1430,4,1.75,55,1.0,"98007",412000.0
1860,4,1.75,52,1.0,"98032",265000.0
2120,4,2.25,39,1.0,"98034",426000.0
1860,4,2.25,37,1.0,"98023",266000.0
2330,3,2.0,115,1.5,"98118",325000.0
1670,3,1.75,61,1.0,"98144",615000.0
2130,3,1.75,36,1.0,"98023",310000.0
1900,4,1.75,42,1.0,"98034",340000.0
1170,2,1.0,110,1.5,"98103",562500.0
980,2,1.0,5,2.0,"98119",447000.0
4670,7,4.25,23,2.0,"98039",2450000.0
2500,4,1.5,54,1.0,"98032",250000.0
2020,4,2.5,25,2.0,"98074",633000.0
1290,3,2.0,11,3.0,"98125",310000.0
1620,2,1.75,20,1.5,"98045",439000.0
1710,3,3.25,12,2.0,"98029",470000.0
1720,3,2.5,47,1.0,"98002",270000.0
1820,3,1.75,21,2.0,"98003",299500.0
1130,3,1.0,61,1.0,"98032",227000.0
3040,4,2.75,49,2.0,"98118",735000.0
2410,3,3.0,73,2.0,"98155",537000.0
2440,4,2.5,45,1.0,"98005",699000.0
800,2,1.0,86,1.0,"98115",330000.0
1030,3,1.0,61,1.0,"98168",229000.0
1480,3,1.0,68,1.0,"98178",200000.0
1710,3,1.75,49,1.0,"98008",522500.0
3450,3,2.75,90,1.5,"98199",1295000.0
2610,3,3.25,9,2.0,"98125",2000000.0
780,2,0.75,70,1.0,"98058",200000.0
1260,3,1.75,44,1.0,"98034",352000.0
2590,4,3.0,51,2.0,"98115",855000.0
1580,3,2.5,22,2.0,"98198",267000.0
1660,2,1.75,73,1.0,"98105",484000.0
2950,4,2.75,41,1.0,"98042",402000.0
2240,4,2.25,115,2.0,"98122",905000.0
1940,4,1.75,49,1.0,"98030",274000.0
1850,3,1.75,53,1.0,"98010",475000.0
5770,4,4.5,66,1.0,"98115",1535000.0
2280,4,2.0,115,1.0,"98122",628000.0
2740,6,1.75,62,1.0,"98146",675000.0
3760,4,3.25,8,2.0,"98038",429900.0
1580,3,1.5,61,1.0,"98148",260000.0
1600,3,1.75,74,1.0,"98112",690000.0
2100,4,2.25,54,1.0,"98040",1081000.0
2610,4,2.5,27,2.0,"98003",360000.0
1840,3,1.75,105,1.0,"98117",499000.0
1320,3,1.0,63,1.0,"98055",159000.0
1540,3,1.75,68,1.0,"98133",430000.0
2520,5,2.75,56,1.0,"98004",1050000.0
3780,5,2.5,37,1.0,"98155",725000.0
1200,3,1.0,56,1.0,"98168",150000.0
2720,4,2.25,39,2.0,"98006",840000.0
3100,4,2.5,4,2.0,"98038",499000.0
1630,3,1.75,47,1.0,"98106",285000.0
1910,4,2.5,28,1.0,"98198",340000.0
1580,4,2.0,60,1.0,"98155",405100.0
1690,3,2.5,12,2.0,"98053",464000.0
1960,4,2.25,56,1.0,"98004",723000.0
4300,8,3.25,36,2.0,"98059",430000.0
1840,3,1.75,108,1.0,"98116",645000.0
3480,4,2.75,36,2.0,"98004",1580000.0
2710,5,3.0,96,2.0,"98115",925000.0
2100,4,1.75,40,1.0,"98103",759000.0
1760,4,2.0,61,1.0,"98117",690000.0
2155,4,2.5,19,2.0,"98031",358800.0
1720,5,1.5,90,1.5,"98112",683000.0
1430,3,1.0,91,1.5,"98103",650000.0
2790,5,2.75,66,1.5,"98002",288000.0
1180,3,1.5,47,1.0,"98002",209950.0
2450,3,3.5,82,2.0,"98136",939000.0
1330,3,1.0,61,1.0,"98108",320000.0
1940,3,2.25,26,2.0,"98023",283748.0
1600,3,2.25,28,1.0,"98011",370000.0
3210,4,2.75,26,1.0,"98042",399950.0
2880,5,2.5,39,1.0,"98058",360000.0
1160,2,1.5,65,1.0,"98136",365000.0
1360,3,2.0,26,2.0,"98115",396900.0
2014,3,2.5,10,2.0,"98001",321000.0
1440,3,2.0,30,1.0,"98030",245000.0
1570,2,1.0,84,1.5,"98136",502000.0
2330,4,2.75,25,1.0,"98023",257000.0
1880,4,1.75,39,1.0,"98034",423000.0
1850,4,2.25,58,1.0,"98008",485000.0
2230,4,2.5,13,2.0,"98059",500000.0
990,2,1.0,98,1.5,"98126",442000.0
1720,3,1.75,90,1.5,"98105",475000.0
3230,4,2.25,29,2.0,"98028",625000.0
1180,3,1.0,71,1.0,"98178",194000.0
1450,3,2.25,26,2.0,"98074",410000.0
2370,4,2.5,12,2.0,"98004",1034500.0
2570,4,2.5,9,2.0,"98065",490000.0
1870,4,1.75,43,1.0,"98034",348500.0
1220,3,1.0,114,1.5,"98103",380000.0
1770,3,2.0,16,3.0,"98122",660000.0
1500,3,1.0,72,1.0,"98105",525000.0
1110,3,2.0,25,1.0,"98002",235000.0
4980,4,3.75,9,2.0,"98065",1210000.0
2360,4,1.75,99,1.0,"98133",397950.0
1600,3,1.75,16,1.0,"98002",268000.0
1450,3,1.0,67,1.0,"98118",525000.0
2680,3,2.5,14,2.0,"98011",549950.0
1150,3,1.75,45,1.5,"98033",370000.0
1870,4,2.25,19,2.0,"98003",299000.0
3400,6,2.75,38,2.0,"98107",715000.0
1810,4,1.5,49,1.0,"98034",430000.0
1860,3,1.75,40,1.0,"98058",345000.0
3790,3,3.25,30,2.0,"98177",1600000.0
2130,3,2.5,21,1.0,"98072",534640.0
2860,3,2.5,100,2.0,"98119",1225000.0
2370,4,2.5,18,2.0,"98031",351000.0
2290,4,2.25,43,2.0,"98005",745000.0
1120,2,1.0,86,1.0,"98126",320000.0
1810,3,2.0,58,1.0,"98008",555700.0
3220,4,2.5,24,2.0,"98072",690000.0
1660,3,1.75,63,1.0,"98155",449000.0
850,2,1.0,65,1.0,"98155",308500.0
2665,4,2.5,9,2.0,"98030",340000.0
2580,4,2.75,98,1.5,"98115",937750.0
3200,4,2.5,17,2.0,"98059",725126.0
840,3,1.0,72,1.0,"98178",135000.0
2970,4,2.5,46,1.0,"98125",635000.0
790,2,1.0,65,1.0,"98011",245500.0
2140,6,1.5,112,1.5,"98001",230000.0
2580,3,2.5,64,1.0,"98004",1770000.0
2180,5,2.5,60,1.0,"98133",425000.0
1060,2,1.0,50,1.5,"98125",220000.0
1860,3,2.0,76,1.5,"98155",370000.0
1840,3,2.0,43,1.0,"98059",390000.0
1340,3,1.75,47,1.0,"98042",239000.0
2320,4,2.25,42,2.0,"98058",345000.0
2110,3,2.5,30,1.0,"98030",289000.0
1840,5,1.5,53,1.5,"98198",285000.0
1080,3,2.0,60,1.0,"98146",147400.0
1290,2,1.0,91,1.0,"98112",600000.0
2210,3,2.25,48,1.0,"98178",245000.0
2210,3,2.25,48,1.0,"98178",520000.0
1410,3,2.25,28,1.0,"98065",352500.0
3740,5,3.5,17,2.0,"98038",448000.0
2440,4,2.75,52,1.0,"98032",270000.0
2040,3,2.5,64,1.0,"98109",872500.0
3840,4,3.25,76,1.5,"98199",2152500.0
1660,3,1.5,53,1.0,"98168",225000.0
1640,4,2.0,104,1.5,"98119",735000.0
1310,3,1.0,43,1.0,"98034",375000.0
1720,3,1.75,37,1.0,"98032",169000.0
1720,3,1.75,37,1.0,"98032",279950.0
4020,4,2.75,26,2.0,"98004",1950000.0
1960,3,2.25,12,2.0,"98118",310000.0
3240,4,2.5,37,2.0,"98005",975000.0
3610,10,2.0,57,2.0,"98006",650000.0
1800,2,1.5,73,1.0,"98109",930000.0
1960,4,1.5,103,1.0,"98106",412000.0
1250,3,1.0,50,1.0,"98178",225000.0
2120,3,2.5,12,2.0,"98133",507000.0
3860,4,4.0,88,2.0,"98177",1755000.0
1340,3,2.5,20,2.0,"98038",230000.0
1780,1,2.0,14,2.0,"98045",316000.0
3920,5,3.25,1,2.0,"98065",616200.0
1690,3,1.75,31,1.0,"98053",509900.0
2570,4,2.5,28,2.0,"98058",370000.0
1870,3,1.75,38,1.0,"98033",619100.0
2860,3,2.25,59,1.0,"98166",805000.0
1670,2,1.5,65,1.0,"98119",612125.0
1070,2,1.5,12,3.0,"98115",350000.0
940,2,1.0,55,1.0,"98055",225000.0
2588,3,2.5,7,2.0,"98042",335000.0
3500,5,3.25,14,2.0,"98059",972800.0
1690,3,1.75,42,1.0,"98053",500000.0
3790,4,3.75,84,2.0,"98112",2200000.0
1090,3,1.5,49,1.0,"98008",415000.0
2240,3,3.0,65,2.0,"98106",399000.0
1150,2,1.0,68,1.0,"98199",376000.0
1870,3,2.0,102,1.0,"98136",340000.0
2990,5,2.75,18,2.0,"98059",490000.0
2580,4,2.5,11,2.0,"98056",374000.0
2220,4,1.0,88,1.5,"98115",852000.0
1620,3,2.25,28,2.0,"98074",473000.0
2590,3,1.75,47,1.0,"98029",540000.0
1390,2,2.0,56,1.0,"98155",431000.0
2270,4,3.0,36,1.0,"98155",435000.0
2920,4,3.0,51,1.0,"98008",1051000.0
1250,3,2.75,5,2.0,"98116",450000.0
1100,3,1.0,80,1.0,"98178",157500.0
1500,3,1.75,39,1.0,"98023",244000.0
2800,3,2.5,14,2.0,"98011",550000.0
3420,4,2.5,15,2.0,"98053",975000.0
2100,4,2.75,25,1.0,"98038",426500.0
1790,3,1.0,111,1.5,"98144",350000.0
1790,3,1.0,111,1.5,"98144",615000.0
2220,3,2.25,30,2.0,"98052",542000.0
2000,4,1.75,59,1.0,"98109",710000.0
1770,3,2.5,27,1.0,"98001",289950.0
4280,4,2.75,68,2.0,"98004",1900000.0
1260,2,1.0,90,1.5,"98117",528000.0
840,2,1.0,66,1.0,"98117",471000.0
1830,4,2.75,14,2.0,"98001",250000.0
970,3,1.5,49,1.0,"98003",155000.0
1740,4,1.5,69,1.5,"98177",515000.0
1654,3,2.25,20,2.0,"98038",336600.0
2390,3,2.25,90,2.0,"98109",915000.0
1080,2,1.75,31,2.0,"98034",350000.0
2610,4,1.75,49,1.0,"98004",1300000.0
1070,3,1.0,48,1.0,"98001",175000.0
1430,2,2.0,66,1.0,"98117",545000.0
2400,4,3.0,50,2.0,"98178",475000.0
670,2,1.0,12,1.0,"98059",390000.0
2860,4,2.5,20,2.0,"98019",645000.0
2270,3,1.5,61,1.0,"98155",410000.0
2180,4,2.5,18,2.0,"98045",480000.0
1860,3,1.75,56,2.0,"98144",725000.0
6040,6,4.5,19,2.0,"98029",1150000.0
1010,2,1.0,68,1.0,"98155",300000.0
2570,4,2.5,54,1.0,"98118",752000.0
1950,4,2.5,11,2.0,"98029",585000.0
1970,3,1.75,42,1.0,"98033",678700.0
2110,4,2.25,40,2.0,"98074",603000.0
1650,3,1.75,87,1.5,"98117",715000.0
3520,4,3.0,34,2.0,"98072",1395000.0
2840,3,2.5,18,2.0,"98034",1085000.0
1490,2,1.75,97,1.0,"98136",467500.0
1650,3,2.25,30,1.0,"98133",359000.0
1960,4,2.0,93,1.0,"98116",745000.0
2450,3,2.25,37,1.0,"98042",450000.0
1720,3,2.0,105,1.5,"98109",935000.0
1980,3,2.5,6,2.0,"98027",615000.0
4110,3,2.5,39,2.0,"98033",1031000.0
1990,4,2.5,16,2.0,"98092",283500.0
860,2,1.0,68,1.0,"98177",340000.0
2320,4,2.5,21,2.0,"98188",370000.0
4190,3,2.5,16,2.0,"98006",1150000.0
1940,4,1.0,53,1.0,"98031",265000.0
2520,4,2.25,107,2.0,"98122",480000.0
1880,3,2.0,88,1.0,"98115",667500.0
2910,3,2.5,26,2.0,"98004",1398000.0
5310,7,4.75,2,2.0,"98004",2300000.0
2670,3,2.25,49,1.0,"98166",465000.0
470,1,1.0,91,1.0,"98022",192500.0
1060,3,1.0,72,1.0,"98146",345000.0
1120,3,1.5,59,1.0,"98007",439800.0
2250,4,1.75,57,1.0,"98011",468000.0
2070,4,2.5,39,1.0,"98033",775000.0
2370,4,2.25,36,2.0,"98052",684680.0
3570,4,3.5,25,2.0,"98052",910000.0
1160,3,1.75,39,1.0,"98028",375000.0
1610,3,2.5,21,2.0,"98003",250000.0
1840,4,2.25,42,1.0,"98034",442500.0
4080,3,3.5,15,1.5,"98092",900000.0
1820,3,2.0,78,2.0,"98107",699000.0
2680,4,2.0,50,1.0,"98001",360000.0
4790,4,4.75,16,2.0,"98074",1675000.0
2420,5,2.0,49,1.5,"98033",675000.0
1130,2,1.0,94,1.0,"98133",345000.0
1320,4,1.0,87,1.5,"98106",229000.0
1290,3,1.0,107,1.5,"98070",300000.0
1600,3,3.25,17,3.0,"98117",392500.0
1120,3,1.0,103,1.0,"98117",552000.0
2060,2,1.75,75,1.0,"98125",457000.0
2830,4,2.5,22,2.0,"98019",518000.0
1210,3,2.0,30,1.0,"98031",237000.0
1560,3,2.25,27,1.0,"98065",399950.0
2260,3,2.25,25,2.0,"98155",605000.0
1850,4,2.5,22,2.0,"98031",295000.0
1930,4,2.5,37,1.0,"98034",513000.0
3230,4,2.5,11,2.0,"98033",772500.0
3230,4,2.5,11,2.0,"98033",765000.0
2450,4,2.75,95,1.5,"98117",696950.0
1200,3,1.0,87,1.5,"98178",329000.0
2360,3,2.5,20,2.0,"98092",339999.0
1060,3,1.0,56,1.0,"98125",364500.0
2220,5,1.75,92,1.5,"98199",607500.0
880,3,1.0,54,1.0,"98033",550000.0
2510,4,2.0,55,1.0,"98028",479900.0
2530,4,4.0,2,3.0,"98119",1120280.0
700,2,1.0,62,1.0,"98166",192000.0
1500,3,2.0,38,1.0,"98042",250000.0
1130,3,2.0,19,2.0,"98053",340000.0
1420,3,2.0,73,1.0,"98146",340000.0
2210,3,2.25,39,1.0,"98004",635250.0
1170,2,1.0,66,1.0,"98108",324800.0
780,2,1.0,73,1.0,"98168",78000.0
1770,4,1.75,27,1.0,"98028",400000.0
1070,3,1.0,96,1.0,"98136",640500.0
1930,3,2.0,51,1.0,"98155",570000.0
1940,3,1.5,115,1.5,"98119",1330000.0
1440,3,2.75,35,1.0,"98058",330490.0
1740,3,2.5,16,2.0,"98038",325000.0
1740,3,2.5,16,2.0,"98038",335000.0
2210,5,2.75,52,1.0,"98188",314000.0
2190,4,2.0,90,1.5,"98115",625000.0
2590,3,2.5,27,2.0,"98007",809000.0
2790,3,2.5,25,2.0,"98059",535000.0
2180,5,1.75,52,1.0,"98188",275000.0
2580,4,2.75,48,1.0,"98058",358000.0
2820,3,2.25,68,1.0,"98168",297975.0
1300,2,1.75,70,1.0,"98059",492000.0
720,2,1.0,72,1.0,"98166",210000.0
2260,3,2.5,87,1.5,"98126",622500.0
1550,3,2.5,11,3.0,"98102",550000.0
1390,3,1.75,50,1.0,"98058",190000.0
2380,4,2.5,15,2.0,"98023",340000.0
2640,3,2.5,12,2.0,"98052",678000.0
2260,5,2.0,53,1.0,"98031",275000.0
1720,3,2.75,68,1.0,"98122",493000.0
1070,3,1.0,55,1.0,"98178",147000.0
2000,3,2.25,30,2.0,"98030",334000.0
2800,4,2.5,45,1.0,"98008",605000.0
1450,3,1.75,39,1.0,"98092",365000.0
1620,3,1.0,57,1.0,"98059",345000.0
2710,3,2.5,59,1.0,"98177",999000.0
1520,2,1.75,105,1.0,"98117",470000.0
2730,5,2.75,47,1.0,"98075",599000.0
1740,3,2.25,38,1.0,"98042",255000.0
1800,4,1.75,40,1.0,"98031",295000.0
4150,4,3.5,9,2.0,"98003",550000.0
3270,5,3.5,4,2.0,"98115",1305000.0
1070,2,1.0,93,1.0,"98178",225000.0
1960,4,0.75,92,1.0,"98198",520000.0
1600,3,3.25,15,2.0,"98133",345000.0
1650,4,1.75,65,1.0,"98133",475000.0
2170,5,1.5,56,1.0,"98008",497500.0
3730,3,3.0,25,1.5,"98038",649500.0
3280,4,2.75,12,2.0,"98052",734500.0
870,3,1.0,62,1.0,"98177",276000.0
900,2,1.0,87,1.0,"98065",235000.0
1400,2,1.0,41,1.0,"98011",325000.0
1680,4,2.75,36,1.0,"98028",425000.0
2390,4,2.0,66,2.0,"98023",307000.0
2300,3,2.5,94,1.5,"98144",635000.0
1340,3,1.75,42,1.0,"98002",223000.0
2600,3,2.75,21,2.0,"98042",425000.0
1640,3,2.25,26,1.0,"98038",190000.0
1960,4,1.75,48,1.0,"98023",275000.0
1480,3,2.5,10,2.0,"98029",450000.0
5010,4,3.25,27,2.0,"98006",1468000.0
1540,4,2.0,102,1.5,"98105",550000.0
4030,4,2.75,72,2.0,"98177",835000.0
3020,6,3.0,63,2.0,"98040",900000.0
1590,2,2.0,32,1.0,"98055",290000.0
2910,4,2.5,1,2.0,"98033",1035000.0
3020,4,2.5,39,1.0,"98004",780000.0
2290,3,2.0,36,2.0,"98052",572500.0
2180,3,1.75,77,1.0,"98001",389000.0
2740,4,1.75,43,1.0,"98168",350000.0
2740,4,2.5,22,2.0,"98042",476000.0
2330,2,3.0,88,2.0,"98112",1046250.0
2300,3,2.25,37,1.0,"98003",287000.0
1550,4,4.0,108,1.5,"98107",707500.0
1750,4,2.5,68,1.0,"98155",464500.0
2180,3,1.5,74,1.0,"98116",720000.0
1610,3,2.5,21,2.0,"98038",319000.0
1570,3,1.0,62,1.0,"98133",330000.0
1140,3,1.75,46,1.0,"98023",120750.0
1140,3,1.75,46,1.0,"98023",195000.0
2480,4,1.5,69,1.0,"98119",650000.0
1690,3,1.75,57,1.0,"98005",530000.0
2910,4,3.0,45,1.0,"98117",825000.0
1600,4,2.0,43,1.0,"98034",436000.0
1010,2,1.0,89,1.0,"98136",658000.0
1850,3,2.0,75,1.0,"98115",547500.0
2150,3,1.75,109,2.0,"98103",762000.0
2650,3,1.75,63,1.0,"98155",340000.0
2510,4,1.75,62,1.0,"98199",880000.0
3240,4,2.5,7,2.0,"98109",1220000.0
3440,4,2.5,3,2.0,"98155",1950000.0
1150,3,2.0,63,1.0,"98155",382500.0
1890,3,1.75,39,1.0,"98055",344500.0
1430,4,2.75,33,1.0,"98106",375000.0
370,1,0.75,92,1.0,"98117",276000.0
3130,5,3.25,40,2.0,"98027",500000.0
2105,4,2.5,12,2.0,"98042",330000.0
890,3,1.0,65,1.0,"98155",328000.0
1340,3,1.5,43,1.0,"98034",450000.0
2290,4,2.25,67,1.0,"98178",840500.0
2770,3,2.5,58,2.0,"98056",679000.0
1890,3,1.5,58,1.0,"98146",270000.0
3160,5,2.25,38,2.0,"98027",757500.0
1830,2,2.5,10,2.0,"98029",524950.0
2950,4,2.75,55,1.0,"98010",424900.0
1430,3,1.0,61,1.0,"98006",551100.0
1420,3,2.0,47,1.0,"98056",421000.0
2460,4,1.75,63,2.0,"98177",635000.0
1340,3,1.0,95,1.5,"98108",255000.0
1530,4,1.0,60,1.0,"98166",419950.0
2650,6,3.0,38,1.0,"98022",325000.0
1677,4,2.25,3,2.0,"98092",281000.0
2050,3,1.75,53,1.0,"98006",655275.0
2520,3,2.0,84,1.0,"98105",861000.0
2620,3,3.5,38,2.0,"98008",850000.0
1650,3,2.5,25,1.0,"98023",246000.0
700,2,1.0,89,1.0,"98125",380000.0
3430,4,2.5,17,2.0,"98052",813000.0
3140,4,2.5,27,2.0,"98004",990000.0
2350,3,2.5,12,2.0,"98117",650000.0
1990,4,3.0,25,2.0,"98023",273000.0
2050,4,2.5,26,2.0,"98019",398000.0
930,2,1.0,77,1.0,"98168",200000.0
1230,3,1.0,60,1.0,"98004",839000.0
1870,3,2.5,31,1.0,"98074",502000.0
2110,3,2.25,42,1.0,"98023",305000.0
3160,5,3.25,35,2.0,"98027",574950.0
1120,3,1.0,73,1.0,"98125",311000.0
2750,3,2.25,56,1.0,"98074",1650000.0
1230,3,1.0,53,1.0,"98056",387000.0
1190,3,1.5,67,1.5,"98166",375000.0
740,2,1.0,95,1.0,"98022",175000.0
1770,4,2.5,12,2.0,"98038",248000.0
1720,4,2.25,60,1.0,"98146",336750.0
2770,4,2.5,26,2.0,"98077",685000.0
2330,4,2.75,11,2.0,"98029",645000.0
1660,3,2.5,12,2.0,"98038",279000.0
1730,2,2.5,7,3.5,"98118",479000.0
1880,3,2.25,53,1.0,"98155",466000.0
2190,4,2.75,20,2.0,"98038",361500.0
1720,3,1.75,20,1.0,"98056",404000.0
2360,4,3.25,25,2.0,"98058",319000.0
1490,3,1.5,46,1.0,"98059",320000.0
3490,4,3.75,1,2.0,"98103",1311000.0
2370,3,2.75,44,1.0,"98006",1000000.0
2290,4,2.5,38,2.0,"98006",660000.0
1790,4,3.0,114,1.5,"98122",546000.0
1820,4,1.75,89,1.0,"98108",300000.0
1760,2,1.5,51,1.0,"98052",500000.0
2430,4,2.5,12,2.0,"98042",381500.0
2630,3,2.25,49,2.0,"98040",990000.0
2390,4,2.5,9,2.0,"98038",278226.0
1500,2,1.75,68,1.0,"98103",340000.0
2510,4,2.5,38,1.0,"98023",305000.0
2420,4,2.5,57,1.0,"98146",760000.0
2170,4,1.5,63,2.0,"98148",195000.0
1960,4,1.75,55,1.0,"98115",564000.0
2280,4,2.25,38,1.0,"98034",539500.0
1580,4,1.5,70,1.0,"98178",299980.0
1850,4,2.5,22,2.0,"98042",290000.0
770,2,1.0,68,1.0,"98155",257000.0
2120,4,3.0,30,1.5,"98125",518500.0
3060,4,2.75,33,1.0,"98074",657000.0
2680,3,2.25,31,2.0,"98045",590000.0
2220,4,1.75,56,1.0,"98125",526000.0
1150,2,1.0,95,1.0,"98178",254500.0
980,2,1.0,106,1.0,"98105",575000.0
1690,3,1.5,48,1.0,"98033",464550.0
1320,3,1.75,46,1.0,"98052",409950.0
910,2,1.0,59,1.0,"98001",100000.0
820,2,1.5,6,2.0,"98144",365000.0
1300,3,1.0,55,1.0,"98002",208000.0
1950,4,2.5,17,2.0,"98118",497950.0
3672,5,3.5,9,2.0,"98092",405000.0
2740,3,2.5,21,2.0,"98058",568000.0
890,2,1.0,74,1.0,"98118",334000.0
1090,3,2.0,54,1.0,"98168",235000.0
1170,2,1.0,52,1.0,"98045",295000.0
2600,4,3.0,21,1.0,"98028",610000.0
2000,4,1.75,56,1.0,"98146",453500.0
3520,4,3.75,102,1.5,"98109",1220000.0
1410,2,1.0,47,1.0,"98055",175000.0
1410,2,1.0,47,1.0,"98055",335000.0
1950,3,1.5,59,1.0,"98166",275000.0
980,2,1.0,97,1.0,"98117",400000.0
3390,3,2.75,36,1.0,"98116",915000.0
2270,4,2.5,43,1.0,"98006",619850.0
1510,3,1.0,52,1.0,"98003",225900.0
960,2,1.5,105,1.0,"98199",525000.0
1900,4,2.25,48,1.0,"98031",215000.0
2580,3,2.5,29,2.0,"98052",802000.0
2340,4,2.5,18,2.0,"98042",330000.0
1580,3,2.25,57,1.0,"98005",549800.0
1230,4,1.0,61,1.5,"98002",195500.0
1590,3,2.5,23,2.0,"98055",338000.0
1770,4,2.25,43,1.0,"98034",480000.0
1850,4,2.5,53,1.0,"98155",383000.0
1430,3,1.75,40,1.0,"98031",257000.0
2190,4,2.75,19,2.0,"98092",335000.0
2310,4,2.5,3,2.0,"98166",422000.0
2000,3,1.75,52,1.0,"98033",560000.0
3620,4,2.75,9,2.0,"98058",680000.0
1210,2,1.0,63,1.0,"98155",320000.0
2330,3,2.5,19,1.0,"98074",665000.0
2840,3,2.5,13,2.0,"98075",751000.0
2410,6,2.75,58,1.0,"98188",320000.0
1820,4,1.75,97,2.5,"98155",290000.0
1470,4,2.0,48,1.0,"98198",250000.0
1100,3,1.75,51,1.0,"98056",423000.0
2050,4,2.5,39,1.0,"98052",601002.0
1240,2,1.5,13,2.0,"98144",352900.0
2210,3,2.5,20,2.0,"98014",509950.0
1340,2,1.75,6,3.0,"98133",360000.0
2580,4,2.75,51,2.0,"98040",1075000.0
2390,3,2.5,13,2.0,"98038",349950.0
2250,4,2.5,28,2.0,"98058",395000.0
2000,3,1.5,48,1.0,"98032",273500.0
1870,4,1.75,66,1.0,"98199",700000.0
2370,3,2.5,30,2.0,"98033",699000.0
2640,4,2.25,35,1.0,"98072",537000.0
1240,3,1.5,38,1.0,"98024",405000.0
800,2,1.0,16,2.0,"98103",269500.0
2050,4,2.5,50,1.0,"98198",260000.0
1650,3,2.25,27,2.0,"98198",266750.0
4320,5,3.75,77,2.0,"98155",1800000.0
2130,2,2.25,65,1.0,"98115",779000.0
2840,3,2.5,21,1.0,"98014",500000.0
3080,4,1.75,65,1.5,"98168",365000.0
1560,2,1.0,73,1.5,"98117",724000.0
3220,4,2.75,21,2.0,"98077",890000.0
1450,4,2.5,113,1.5,"98144",431000.0
960,2,1.0,68,1.0,"98032",242000.0
2670,4,2.5,16,2.0,"98148",415000.0
2310,7,3.75,31,2.0,"98117",727160.0
3520,4,3.25,37,1.0,"98006",1110000.0
1090,2,1.75,45,1.0,"98198",265000.0
2000,3,1.75,112,1.0,"98117",519000.0
1840,4,1.5,50,2.0,"98198",262000.0
3160,4,2.5,50,2.0,"98040",1190000.0
1520,3,1.75,23,1.0,"98038",295000.0
2110,3,1.75,37,1.0,"98072",615000.0
3410,4,2.75,57,1.0,"98116",1100000.0
2630,4,2.5,23,2.0,"98029",575000.0
1350,3,1.75,16,3.0,"98103",388000.0
2860,4,2.5,26,1.0,"98033",750500.0
2310,3,1.75,38,1.0,"98027",527500.0
2590,3,2.0,27,2.0,"98038",503000.0
3500,4,3.5,15,2.0,"98112",1047000.0
800,2,1.0,62,1.0,"98126",325000.0
1580,3,1.75,68,1.5,"98125",402000.0
1560,3,1.5,88,1.0,"98133",370000.0
1750,3,1.0,59,1.0,"98166",329950.0
600,2,1.0,72,1.0,"98168",135000.0
1630,4,3.0,25,1.0,"98125",482500.0
1260,4,1.5,60,1.5,"98188",259000.0
2140,3,2.25,37,1.0,"98023",210000.0
2790,4,2.75,15,2.0,"98058",459000.0
2530,3,1.75,38,1.0,"98042",375000.0
1330,3,2.25,41,1.0,"98146",295000.0
2700,3,2.0,53,1.0,"98115",910000.0
1740,4,1.0,83,1.5,"98024",470000.0
2070,4,2.0,75,1.5,"98146",565000.0
2670,4,2.25,60,1.0,"98148",339950.0
2200,5,3.0,44,1.0,"98072",547000.0
810,2,1.0,73,1.0,"98146",125000.0
3970,4,4.75,87,2.0,"98119",2300000.0
2370,3,2.5,36,1.0,"98198",348000.0
1460,3,1.0,54,1.0,"98030",175000.0
1770,3,2.5,25,2.0,"98116",439950.0
1120,3,1.0,81,1.0,"98070",230000.0
1520,3,2.5,10,2.0,"98108",207000.0
3020,5,2.5,37,1.0,"98042",320000.0
5600,5,3.25,27,2.0,"98072",1089000.0
1320,4,1.5,61,1.0,"98033",510000.0
1870,4,1.0,75,1.5,"98199",730000.0
2460,3,3.75,39,1.0,"98177",750000.0
960,3,1.5,53,1.0,"98198",237000.0
3440,3,2.5,25,2.0,"98038",560000.0
3010,3,2.75,45,1.0,"98052",745000.0
6030,3,3.75,24,2.0,"98004",1825000.0
1990,3,2.25,48,2.0,"98198",180000.0
1990,3,2.25,48,2.0,"98198",309950.0
1710,4,1.0,102,1.5,"98118",715000.0
1890,4,2.25,97,1.5,"98103",620000.0
1990,3,2.5,19,2.0,"98198",330000.0
1600,4,1.75,42,1.0,"98125",525000.0
3820,6,2.5,41,1.0,"98027",611000.0
2210,4,2.5,25,1.0,"98092",294000.0
2020,3,1.75,40,1.0,"98034",463000.0
1770,3,2.0,25,1.0,"98031",320900.0
2050,4,2.5,10,2.0,"98059",369950.0
3130,4,2.75,34,2.0,"98030",565000.0
3520,4,1.5,86,1.5,"98108",589500.0
1810,4,1.75,38,2.0,"98155",400000.0
2150,3,2.25,38,1.0,"98052",458000.0
2495,4,2.5,13,2.0,"98019",436000.0
1290,3,2.0,65,1.0,"98118",310000.0
3004,5,2.5,9,2.0,"98030",398000.0
2070,4,2.25,38,1.0,"98033",625000.0
4050,5,3.25,25,2.0,"98006",1005000.0
960,2,1.0,75,1.0,"98126",435000.0
1900,3,2.25,54,1.0,"98003",250000.0
1450,3,1.5,54,1.0,"98133",430000.0
2720,4,3.5,1,2.0,"98136",790000.0
4830,5,5.25,63,2.0,"98040",1681000.0
1920,4,2.75,23,1.0,"98106",250000.0
2540,5,1.5,61,2.0,"98136",1120000.0
1600,3,1.5,50,1.0,"98133",383900.0
2210,4,2.5,11,2.0,"98042",330000.0
2510,3,2.5,40,1.0,"98072",624000.0
2280,5,2.0,64,1.0,"98116",383000.0
4400,4,3.25,22,2.0,"98022",687000.0
3160,4,3.25,18,2.0,"98056",558000.0
1380,3,2.0,44,2.0,"98118",275000.0
3320,5,2.75,52,1.0,"98033",687500.0
1870,3,2.5,26,2.0,"98023",275000.0
3030,3,3.5,44,2.0,"98146",700000.0
1210,2,1.75,33,1.0,"98034",342500.0
2740,4,2.5,20,2.0,"98077",483500.0
1350,3,1.75,103,1.0,"98118",190000.0
1350,3,1.75,103,1.0,"98118",300000.0
1470,3,2.0,8,2.0,"98115",540000.0
1270,3,1.75,34,2.0,"98042",140000.0
1680,4,1.75,56,1.0,"98055",275000.0
2120,3,2.75,57,1.0,"98056",370000.0
1040,2,1.0,78,1.0,"98133",227000.0
1730,4,1.0,53,1.0,"98058",312000.0
1410,2,1.0,97,1.5,"98118",260000.0
1370,3,2.5,108,2.0,"98109",797000.0
2840,6,2.0,67,1.5,"98019",640000.0
3280,4,1.75,39,1.0,"98053",605000.0
2070,3,2.25,28,1.0,"98031",329950.0
960,2,1.0,69,1.5,"98014",180000.0
1470,3,2.25,30,1.0,"98003",220000.0
2430,4,2.25,87,1.5,"98116",723000.0
1430,3,1.75,87,1.0,"98125",375000.0
1760,3,1.75,53,1.0,"98146",388000.0
1730,5,2.0,71,1.0,"98178",249950.0
2290,5,1.75,50,1.0,"98133",390000.0
1690,4,1.75,56,1.0,"98040",705000.0
3220,4,2.5,49,1.5,"98008",590000.0
2130,4,1.75,63,1.0,"98166",292000.0
2100,3,2.5,25,1.0,"98092",506000.0
2770,4,2.5,28,2.0,"98007",907500.0
4040,4,3.25,61,1.0,"98039",2271150.0
2500,4,2.75,108,1.5,"98108",319500.0
1580,5,1.75,102,1.0,"98118",265000.0
1130,3,1.0,61,1.0,"98188",237000.0
1500,5,1.0,49,1.5,"98168",235000.0
2230,4,2.25,87,1.5,"98199",740000.0
1550,3,1.5,37,1.0,"98133",359000.0
2230,4,2.5,16,2.0,"98038",334950.0
790,2,1.0,68,1.0,"98125",259950.0
2230,4,2.5,9,2.0,"98042",253000.0
1710,3,2.25,11,2.0,"98029",561000.0
1260,2,1.5,74,1.0,"98115",455000.0
2420,4,2.5,47,1.0,"98005",675000.0
1090,3,1.5,48,1.0,"98058",267000.0
2689,4,2.5,9,2.0,"98030",368000.0
1620,3,1.0,87,1.5,"98103",599995.0
940,3,1.0,49,1.0,"98034",342500.0
1940,4,1.75,41,1.0,"98023",252000.0
1590,3,1.0,54,1.0,"98092",247200.0
3020,3,3.5,61,2.0,"98199",910000.0
1870,4,1.75,46,1.0,"98072",419950.0
880,3,1.0,49,1.0,"98023",160000.0
3030,4,3.5,1,3.0,"98052",799950.0
2140,3,2.25,29,2.0,"98019",400000.0
2050,5,2.0,59,1.0,"98198",210000.0
2050,5,2.0,59,1.0,"98198",475000.0
2090,3,2.5,7,2.0,"98038",355900.0
2520,3,2.25,38,1.0,"98028",420000.0
2630,4,2.5,38,1.0,"98005",710000.0
2560,4,1.75,41,1.0,"98075",518000.0
1200,3,1.0,78,1.0,"98117",375000.0
1010,3,1.5,62,1.0,"98148",185000.0
1520,3,2.5,29,2.0,"98052",402000.0
2170,3,1.75,39,1.0,"98042",585000.0
1980,4,2.0,105,2.0,"98107",500000.0
3070,4,2.5,88,2.0,"98112",1715000.0
5170,5,3.5,17,3.0,"98155",1680000.0
1140,2,2.0,1,2.0,"98112",570000.0
2530,8,2.75,114,2.0,"98112",680000.0
1690,3,2.25,36,2.0,"98045",345000.0
2150,4,2.5,5,2.0,"98038",355000.0
1180,3,1.5,56,1.0,"98007",390000.0
1400,3,1.0,46,1.0,"98023",128000.0
1300,3,1.75,103,2.0,"98136",448500.0
1590,3,1.75,62,1.5,"98155",346000.0
1990,3,1.75,74,1.0,"98199",779000.0
1510,3,1.75,67,1.0,"98028",335000.0
2910,4,3.25,101,2.0,"98122",1850000.0
2850,3,2.5,21,2.0,"98053",799990.0
2830,3,2.5,14,2.0,"98011",1075000.0
1110,2,1.5,15,3.0,"98107",371000.0
1900,4,2.5,48,1.0,"98033",620000.0
2290,4,1.75,55,1.0,"98146",343000.0
1010,3,1.0,46,1.0,"98059",265000.0
4670,5,2.5,17,2.0,"98074",1000000.0
3400,3,2.5,60,1.0,"98177",825000.0
4070,4,3.5,11,2.0,"98075",889000.0
1630,3,2.25,38,1.0,"98030",305000.0
1700,2,2.5,39,2.0,"98052",407000.0
2070,5,2.5,48,1.0,"98008",613000.0
4660,3,3.5,40,2.0,"98166",1637500.0
2050,3,3.75,105,2.0,"98103",645000.0
4680,4,3.5,10,2.0,"98006",1160000.0
2320,3,2.25,35,2.0,"98053",610000.0
3800,3,2.5,21,2.0,"98023",450000.0
720,3,2.0,68,1.0,"98106",300000.0
4400,5,2.75,52,1.0,"98028",1120000.0
2260,3,2.5,23,2.0,"98022",418200.0
1650,3,2.5,11,2.0,"98055",250000.0
2560,3,2.5,13,2.0,"98077",619000.0
3720,4,3.0,36,3.0,"98059",500000.0
2590,4,2.5,29,2.0,"98038",465000.0
1750,4,1.0,73,1.0,"98058",322000.0
1620,3,2.5,26,2.0,"98038",276900.0
1700,3,2.25,25,1.0,"98033",660000.0
2450,3,2.5,25,2.0,"98058",480000.0
1610,3,1.75,64,1.0,"98004",925000.0
3730,3,3.0,36,1.0,"98008",825000.0
1210,2,1.0,75,1.0,"98155",326000.0
1300,3,1.0,56,1.0,"98003",205000.0
850,2,1.0,65,1.5,"98023",150000.0
1770,3,2.5,10,2.0,"98052",593567.0
2060,3,2.5,28,2.0,"98072",440000.0
3090,3,2.5,23,2.0,"98075",751000.0
1050,2,1.75,90,1.5,"98055",295000.0
1300,3,2.0,27,2.0,"98103",422500.0
1160,3,1.0,56,1.0,"98008",480000.0
3420,4,2.5,9,2.0,"98027",890900.0
2620,4,2.75,15,2.0,"98075",672500.0
1880,4,1.5,89,1.0,"98103",605000.0
4560,5,3.25,52,1.0,"98004",1675000.0
2330,4,2.5,28,2.0,"98074",565000.0
2350,4,1.75,36,1.0,"98027",725000.0
1560,3,3.0,9,3.0,"98103",640000.0
1380,4,1.0,76,1.5,"98030",253750.0
3040,6,2.75,57,1.0,"98166",799950.0
1350,4,1.5,56,1.0,"98004",595000.0
3180,4,2.5,38,2.0,"98040",850000.0
1790,3,2.5,6,2.0,"98019",366000.0
1986,4,3.0,93,2.0,"98136",715000.0
2400,4,2.5,23,2.0,"98023",300000.0
4590,4,3.0,34,2.0,"98177",960000.0
1970,3,2.0,102,2.0,"98103",812000.0
1360,3,1.0,38,1.0,"98010",234950.0
2710,4,2.0,96,1.0,"98115",656500.0
920,2,1.5,20,2.0,"98133",255000.0
2000,3,2.75,55,1.0,"98006",538000.0
1920,3,2.25,54,1.0,"98031",260000.0
2678,3,2.5,17,2.0,"98028",546200.0
1220,3,1.0,63,1.0,"98108",280500.0
1440,3,1.75,36,1.0,"98106",295000.0
2420,4,1.75,115,1.5,"98112",700000.0
2090,3,2.0,23,1.0,"98034",560000.0
4030,4,2.75,18,2.0,"98075",912000.0
1310,3,1.75,39,1.0,"98052",437000.0
1800,3,2.5,12,2.0,"98072",447000.0
1160,4,1.0,102,1.0,"98056",500000.0
1160,3,1.0,85,1.0,"98115",508300.0
1870,3,1.5,53,1.0,"98125",485000.0
3700,7,5.75,67,2.0,"98155",540000.0
2280,3,2.25,38,2.0,"98058",356000.0
1720,4,2.0,66,1.0,"98115",525000.0
3630,4,2.75,16,2.0,"98074",962800.0
2040,4,2.5,12,2.0,"98031",315000.0
1750,3,2.25,14,3.0,"98107",525000.0
1550,2,2.25,8,2.0,"98106",325000.0
2500,4,1.75,49,1.0,"98004",965800.0
1440,4,1.0,91,1.5,"98116",550000.0
1130,4,1.0,86,1.5,"98168",182200.0
1210,3,1.0,57,1.5,"98106",315000.0
960,2,1.0,115,1.0,"98107",500000.0
2160,5,2.5,17,2.0,"98065",480000.0
3400,3,1.75,58,1.0,"98105",1690000.0
3960,5,3.25,26,2.0,"98038",525000.0
1900,4,2.5,27,2.0,"98133",407500.0
2620,4,3.0,28,2.0,"98092",443000.0
3150,4,2.5,49,2.0,"98040",1256500.0
1040,3,1.0,91,1.0,"98109",642000.0
1540,3,1.75,51,1.0,"98052",520000.0
1820,3,2.0,74,1.5,"98116",750000.0
1930,5,1.5,86,1.5,"98112",855000.0
1430,4,1.0,81,1.5,"98065",275000.0
2920,5,2.75,104,1.5,"98002",265000.0
3100,3,2.5,24,2.0,"98053",894400.0
1200,2,1.0,67,1.0,"98027",546000.0
2390,2,2.5,8,1.0,"98053",699950.0
1270,3,2.0,46,1.0,"98034",435000.0
1300,4,1.5,45,1.0,"98031",259500.0
2290,4,3.25,8,2.0,"98038",359950.0
1740,3,1.75,39,1.0,"98074",517000.0
1590,3,1.0,67,1.0,"98118",579000.0
2420,4,2.0,48,1.5,"98052",525000.0
2130,4,2.5,37,1.0,"98031",320000.0
1950,4,1.75,46,1.0,"98007",635000.0
2150,4,2.5,17,2.0,"98058",400000.0
1270,3,1.75,47,1.0,"98052",455000.0
1850,3,1.75,107,1.5,"98074",572000.0
1440,2,1.5,59,1.0,"98072",650000.0
1390,3,1.5,48,1.0,"98001",162500.0
1340,2,2.5,7,2.0,"98052",400000.0
1190,3,1.0,47,1.0,"98028",268300.0
3830,6,4.5,96,3.0,"98119",989000.0
1780,3,1.75,34,1.0,"98058",342000.0
3130,4,2.5,9,2.0,"98042",315000.0
1830,4,2.75,36,1.0,"98034",485000.0
2550,4,2.5,39,1.0,"98023",277500.0
3790,4,3.5,17,2.0,"98053",1295000.0
1800,4,1.75,103,1.5,"98027",385000.0
1630,2,1.0,68,1.0,"98125",426000.0
1870,4,2.0,59,1.5,"98125",310000.0
1870,4,2.0,59,1.5,"98125",449000.0
980,2,1.0,96,1.0,"98118",375000.0
2860,3,2.25,39,1.0,"98115",1187500.0
1470,3,2.25,30,2.0,"98029",468000.0
1160,1,1.0,15,2.0,"98144",336000.0
1940,4,2.75,25,2.0,"98038",392000.0
1630,4,2.25,38,1.0,"98034",412500.0
2755,4,2.5,14,2.0,"98019",545000.0
1430,5,2.0,68,1.5,"98118",133000.0
1430,5,2.0,68,1.5,"98118",440000.0
1400,4,2.25,54,1.0,"98155",294450.0
2520,4,2.5,28,2.0,"98003",335000.0
1290,3,1.0,59,1.0,"98028",362000.0
1400,3,1.75,38,1.0,"98019",322000.0
740,2,1.0,72,1.0,"98166",230500.0
1710,4,2.0,65,1.0,"98108",380000.0
2414,4,2.75,9,2.0,"98002",292000.0
1040,3,1.0,61,1.0,"98198",172500.0
3540,4,2.75,68,1.5,"98199",784000.0
2530,4,2.75,73,1.0,"98033",525000.0
2320,3,2.5,12,2.0,"98027",600000.0
2530,3,2.5,26,2.0,"98038",435000.0
2790,5,2.75,50,1.5,"98056",359900.0
1950,4,1.75,58,1.0,"98178",700000.0
1020,3,2.0,6,2.0,"98126",280000.0
3110,4,2.5,18,2.0,"98059",655000.0
5310,4,5.0,23,1.0,"98006",2480000.0
2580,3,2.5,14,2.0,"98023",499950.0
1380,3,2.5,7,2.0,"98122",540000.0
3980,4,2.75,13,2.0,"98074",970000.0
2080,4,2.5,26,1.0,"98058",330000.0
1530,3,1.75,37,2.0,"98052",474000.0
1930,4,1.75,47,1.0,"98008",670000.0
2330,4,3.25,97,2.0,"98112",1300000.0
3860,4,2.5,30,2.0,"98006",1160000.0
2880,4,2.5,27,2.0,"98058",440000.0
1590,2,2.5,18,2.0,"98033",411000.0
2150,3,1.5,87,1.5,"98144",500000.0
2300,4,1.75,81,1.5,"98125",1335000.0
2900,6,3.25,38,2.0,"98199",696000.0
1970,3,2.25,48,1.0,"98155",465000.0
1740,4,2.5,39,1.0,"98052",518000.0
1220,3,1.75,53,1.0,"98045",251000.0
1290,3,2.0,37,1.0,"98030",255000.0
780,2,1.0,91,1.0,"98115",319000.0
2210,4,2.75,89,1.5,"98115",719000.0
5930,5,3.5,19,2.0,"98027",1520000.0
1950,4,2.5,15,2.0,"98056",322000.0
1340,4,1.0,45,1.0,"98001",205000.0
1590,3,1.0,59,1.0,"98146",229000.0
1780,3,2.25,55,1.0,"98133",395000.0
760,2,1.0,35,1.0,"98003",183000.0
1720,3,1.75,37,1.0,"98052",583500.0
2070,3,2.5,98,1.0,"98022",312000.0
1790,3,1.75,37,1.0,"98052",539000.0
3230,4,2.75,13,2.0,"98001",409000.0
1400,3,1.75,64,1.0,"98117",510250.0
1370,2,2.0,63,1.0,"98199",535000.0
1600,3,2.5,19,2.0,"98038",280000.0
950,3,1.0,57,1.0,"98056",286000.0
2210,3,2.75,47,1.0,"98116",710000.0
930,2,1.0,75,1.0,"98115",395000.0
810,2,1.0,66,1.0,"98155",237500.0
1630,3,2.0,103,1.0,"98126",464000.0
1770,3,1.75,47,1.0,"98125",495000.0
710,1,1.0,99,1.0,"98118",257500.0
3990,4,3.5,16,1.0,"98023",570000.0
2310,3,2.5,29,2.0,"98058",362000.0
1140,3,1.0,43,1.0,"98001",172500.0
1040,2,1.0,105,1.0,"98115",596000.0
2170,4,2.5,35,1.0,"98006",840000.0
3370,3,2.25,35,1.0,"98028",1600000.0
901,2,1.5,14,3.0,"98115",435000.0
840,2,1.0,66,1.0,"98155",251000.0
1650,4,1.0,51,1.0,"98059",282500.0
1380,3,2.25,28,1.0,"98042",265000.0
910,3,1.0,46,1.0,"98053",330000.0
1230,2,1.0,87,1.0,"98115",435000.0
1740,3,1.75,67,1.0,"98199",827235.0
1290,4,1.0,58,1.5,"98146",249950.0
1950,3,2.5,27,2.0,"98024",400000.0
2150,4,2.5,25,2.0,"98092",300499.0
1560,4,2.0,56,1.0,"98115",449000.0
1120,2,1.0,92,1.0,"98103",500000.0
1790,3,1.5,62,1.0,"98004",865000.0
3290,4,3.5,9,2.0,"98034",899950.0
1540,4,1.0,54,1.5,"98034",370000.0
4240,5,3.25,35,2.0,"98053",442500.0
1010,3,1.0,42,1.0,"98065",310000.0
2970,4,2.75,97,1.5,"98004",1565000.0
2190,4,2.25,29,2.0,"98001",245000.0
700,2,1.0,66,1.0,"98155",254950.0
1370,3,2.25,25,2.0,"98019",299950.0
2680,4,2.5,4,2.0,"98038",379950.0
1390,3,1.0,89,1.0,"98133",350000.0
1700,3,2.5,15,2.0,"98108",300000.0
2510,3,2.25,83,1.5,"98199",994000.0
1700,3,1.5,59,1.0,"98155",315000.0
2180,4,2.5,47,1.0,"98072",480500.0
1770,3,1.0,89,1.5,"98126",373000.0
3290,4,2.5,12,2.0,"98075",728000.0
3040,4,3.5,13,2.0,"98178",415000.0
2460,4,2.5,12,2.0,"98058",427500.0
970,3,2.0,43,1.0,"98074",339300.0
1320,3,1.75,67,1.0,"98133",313000.0
1900,3,3.5,7,2.0,"98136",431500.0
1220,3,1.5,65,1.5,"98103",415000.0
1470,3,1.75,37,1.0,"98052",490000.0
4630,4,5.0,10,2.0,"98075",1425000.0
1400,3,1.5,51,1.0,"98030",275000.0
1070,2,1.0,73,1.0,"98106",325000.0
3630,5,3.75,11,1.5,"98033",1180000.0
1970,4,1.5,106,2.5,"98103",690000.0
2010,4,2.0,62,2.0,"98166",410000.0
2820,4,2.5,63,1.0,"98116",960000.0
2530,3,2.5,25,2.0,"98023",299250.0
710,2,1.0,62,1.0,"98166",239000.0
1210,2,1.0,66,1.0,"98106",235000.0
2370,3,2.25,36,2.0,"98053",587000.0
2300,4,2.5,14,2.0,"98056",431000.0
3110,3,2.5,69,2.0,"98115",1636000.0
1990,3,1.75,54,1.0,"98055",285000.0
2630,3,3.0,28,1.0,"98006",778000.0
1300,3,1.0,57,1.0,"98008",415000.0
1680,2,1.75,11,1.0,"98053",550285.0
2180,3,2.25,49,1.0,"98040",910000.0
2770,3,2.5,24,2.0,"98006",860000.0
2120,3,1.75,95,2.0,"98103",765000.0
2830,4,2.5,36,2.0,"98004",782000.0
1370,3,3.5,15,2.0,"98119",525000.0
2810,3,2.5,20,2.0,"98045",745000.0
3520,3,3.5,10,2.0,"98022",470000.0
1990,3,1.75,52,1.0,"98178",345000.0
2070,3,2.25,51,1.0,"98003",279000.0
1320,3,1.5,64,1.0,"98177",500000.0
1300,3,1.0,55,1.0,"98056",237000.0
1260,3,1.75,52,1.0,"98030",200500.0
2400,4,1.75,58,1.0,"98166",387500.0
1950,4,2.0,54,1.0,"98125",392500.0
1430,3,2.0,58,1.0,"98056",305000.0
2110,4,2.5,47,1.0,"98006",981000.0
2980,4,2.5,25,2.0,"98075",680000.0
2068,4,2.5,39,2.0,"98001",276000.0
3380,4,3.5,15,2.0,"98177",655500.0
2810,5,2.75,51,1.0,"98007",555000.0
930,2,1.0,85,1.0,"98148",235000.0
1300,3,1.0,65,1.0,"98155",325000.0
1320,3,1.0,72,1.0,"98166",268950.0
1580,3,1.5,35,1.0,"98001",264500.0
1620,3,2.5,28,2.0,"98003",240000.0
2750,3,2.5,15,2.0,"98070",819000.0
2210,2,1.5,64,1.0,"98122",850000.0
1740,4,2.25,58,1.0,"98188",294950.0
2120,3,2.25,42,2.0,"98040",693000.0
2780,4,2.5,26,2.0,"98059",478000.0
830,2,1.0,65,1.0,"98125",222000.0
2070,4,2.5,19,2.0,"98056",635000.0
1390,3,3.25,10,2.0,"98107",469000.0
2610,4,2.5,10,2.0,"98038",350000.0
1460,5,1.0,79,1.5,"98146",180000.0
3390,4,2.25,51,1.0,"98027",490000.0
1360,3,1.5,104,1.0,"98103",360000.0
2807,4,2.5,19,2.0,"98028",630000.0
1340,4,1.0,84,1.5,"98119",615000.0
1340,3,2.25,26,2.0,"98038",279950.0
1160,3,1.0,63,1.0,"98125",317000.0
2470,4,2.25,37,1.0,"98052",618000.0
2000,5,1.75,53,1.0,"98008",620000.0
1110,3,1.0,59,1.0,"98115",345000.0
2240,3,1.5,63,1.0,"98103",608000.0
1920,4,2.25,48,2.0,"98058",325000.0
2270,3,1.75,47,1.0,"98058",475000.0
1530,3,3.0,23,1.0,"98001",154000.0
3330,5,3.0,38,2.0,"98040",1190000.0
2643,4,2.5,3,2.0,"98030",376950.0
1250,2,2.0,58,1.0,"98103",500000.0
3230,3,2.5,51,1.0,"98014",499950.0
880,3,1.0,48,1.0,"98059",230000.0
2220,4,2.5,1,2.0,"98117",652600.0
1130,3,1.75,37,1.0,"98023",185000.0
1450,3,1.0,57,1.0,"98168",274950.0
760,2,1.0,95,1.0,"98136",447000.0
1150,2,1.0,65,1.0,"98055",129000.0
2720,5,3.0,46,2.0,"98059",436000.0
2080,3,1.75,109,2.0,"98103",825000.0
1080,3,1.0,63,1.0,"98001",225000.0
1890,3,2.5,19,2.0,"98002",265000.0
1500,3,1.5,31,2.0,"98122",765000.0
1960,4,2.0,89,1.5,"98103",509000.0
2570,4,1.75,57,1.0,"98005",762450.0
1830,5,1.5,60,1.0,"98155",465000.0
1980,3,1.75,105,1.0,"98136",564000.0
1130,2,1.0,73,1.0,"98146",384500.0
2010,3,2.0,29,1.5,"98022",415000.0
1820,2,1.75,67,1.0,"98155",345000.0
2340,4,2.5,14,2.0,"98059",465950.0
1780,3,1.75,36,1.0,"98074",325000.0
1780,3,1.75,36,1.0,"98074",500000.0
2450,4,2.5,37,1.0,"98075",450000.0
2410,4,3.0,46,1.0,"98034",475000.0
3380,5,1.75,52,1.0,"98004",1346400.0
1710,3,1.5,95,2.0,"98115",747000.0
1740,3,1.75,61,1.0,"98177",395000.0
1995,3,2.5,10,3.0,"98102",505000.0
1760,3,2.0,68,1.0,"98001",215000.0
3970,4,3.5,15,2.0,"98045",775000.0
3000,4,2.5,2,2.0,"98059",540000.0
1540,3,1.75,58,1.0,"98133",392500.0
2160,3,2.0,64,1.0,"98004",987000.0
2160,3,2.0,64,1.0,"98004",1190000.0
1810,3,2.0,28,2.0,"98058",252500.0
2440,3,3.5,15,2.0,"98005",730000.0
3200,6,2.75,62,1.0,"98146",497300.0
2970,4,2.5,17,2.0,"98077",640000.0
2290,5,2.0,51,1.0,"98008",580000.0
1820,3,1.75,48,1.0,"98027",377000.0
3010,4,3.5,16,2.0,"98112",1280000.0
1360,3,1.5,12,2.0,"98199",396500.0
2080,4,2.5,17,2.0,"98059",300000.0
1110,3,1.0,69,1.5,"98117",532000.0
1560,2,1.75,11,1.0,"98053",579000.0
3520,4,2.5,86,2.0,"98199",1400000.0
2280,5,1.75,66,1.0,"98166",571000.0
1370,3,1.75,27,1.0,"98059",301950.0
2340,3,3.0,90,2.0,"98103",660000.0
3170,4,2.5,14,2.0,"98001",455000.0
1380,3,1.75,29,1.0,"98133",375000.0
2700,4,2.5,16,2.0,"98042",470000.0
1300,3,2.5,32,2.0,"98028",374990.0
1900,2,2.5,9,2.0,"98053",541500.0
3750,3,2.5,14,2.0,"98074",782500.0
1552,3,2.25,3,2.0,"98092",264000.0
2500,4,2.5,24,2.0,"98074",640000.0
1770,3,2.0,63,1.0,"98177",660000.0
4210,5,3.5,20,2.0,"98006",1365000.0
2170,3,2.5,21,2.0,"98030",389950.0
1510,2,1.0,64,1.0,"98146",226000.0
1870,3,1.75,56,1.0,"98038",390000.0
1570,3,2.25,31,2.0,"98074",485000.0
2480,4,2.5,15,2.0,"98052",840000.0
3580,5,3.5,78,1.5,"98155",600000.0
1480,2,1.0,65,1.0,"98133",331000.0
2610,3,2.0,74,1.0,"98115",780000.0
1700,3,1.75,22,2.0,"98003",300000.0
1240,3,1.75,47,1.0,"98166",361810.0
1660,3,1.0,69,1.0,"98133",467000.0
1620,3,1.75,97,1.5,"98178",399000.0
1130,3,1.75,107,1.5,"98108",315450.0
1310,3,1.0,109,1.5,"98103",600000.0
1710,4,2.0,38,1.0,"98042",247500.0
2140,3,1.0,58,1.0,"98118",330000.0
2350,4,2.25,43,1.5,"98011",500000.0
1570,3,1.0,52,1.0,"98028",367500.0
2780,3,2.5,22,1.0,"98045",560000.0
2540,4,1.75,67,1.0,"98116",655000.0
2500,5,2.75,47,1.0,"98008",530000.0
2080,3,2.25,22,1.0,"98002",270000.0
1760,3,2.0,27,2.0,"98126",437500.0
1760,3,1.75,58,1.0,"98005",575000.0
1940,4,2.5,25,2.0,"98023",278000.0
3010,4,2.5,15,2.0,"98056",568500.0
2460,4,3.0,3,1.0,"98168",280000.0
750,2,1.0,95,1.0,"98103",250000.0
1300,3,0.75,65,1.0,"98006",247500.0
3710,5,2.75,38,1.5,"98006",1250000.0
2360,4,2.5,29,1.0,"98028",535000.0
3190,3,2.5,1,2.0,"98034",814842.0
2181,4,2.5,9,2.0,"98001",340000.0
1890,3,1.75,63,2.0,"98133",359950.0
2610,3,1.75,81,1.5,"98117",750000.0
3090,4,2.0,97,2.5,"98117",1220000.0
860,2,1.0,59,1.0,"98117",370000.0
1000,3,1.0,35,1.0,"98058",329950.0
2760,3,2.5,25,2.0,"98058",500000.0
3490,4,2.5,25,2.0,"98077",734000.0
2960,4,2.5,9,2.0,"98038",385000.0
1280,2,1.0,98,1.0,"98118",230000.0
3230,4,3.5,15,1.0,"98033",1385000.0
1830,3,2.0,62,1.0,"98118",210000.0
1420,3,1.75,41,1.0,"98059",293000.0
1580,3,1.0,115,1.5,"98117",465000.0
1960,3,2.25,31,1.0,"98028",449000.0
1670,2,1.75,50,1.0,"98178",325000.0
1670,3,2.0,57,1.0,"98002",180000.0
2960,6,3.0,47,1.0,"98103",650000.0
2420,4,2.75,69,1.0,"98177",665000.0
1420,3,2.0,49,1.0,"98166",324450.0
2170,4,1.75,40,1.0,"98116",588000.0
1310,4,1.0,70,1.5,"98126",200000.0
1830,4,1.75,53,1.0,"98028",383000.0
1360,3,2.0,29,1.0,"98107",499950.0
3440,5,2.5,39,1.0,"98003",549000.0
2010,5,3.0,25,1.0,"98103",465000.0
2450,3,2.5,25,2.0,"98038",450000.0
3030,4,2.5,24,2.0,"98033",799900.0
2480,4,2.5,42,1.0,"98027",495000.0
4310,3,3.5,27,2.0,"98177",1200000.0
2120,4,2.5,32,2.0,"98052",637000.0
2210,4,1.0,114,2.0,"98122",589000.0
1400,3,1.75,39,1.0,"98059",305000.0
2760,4,2.25,105,2.0,"98144",600000.0
2550,4,2.5,23,2.0,"98072",587000.0
2220,2,2.5,15,2.0,"98112",1425000.0
1320,4,1.0,101,1.0,"98002",250000.0
2440,3,3.0,33,2.0,"98133",515000.0
3780,4,2.75,16,2.0,"98075",833000.0
4720,3,3.25,17,2.0,"98059",860000.0
2360,4,3.0,66,1.0,"98115",550000.0
890,2,1.0,96,1.0,"98178",180000.0
1770,4,1.75,47,1.0,"98052",507000.0
1720,3,2.0,21,1.0,"98027",427000.0
2490,3,3.5,16,2.0,"98005",616950.0
1890,4,1.75,46,1.0,"98056",372000.0
1020,2,1.0,85,1.0,"98115",290000.0
2420,4,2.75,18,2.0,"98022",329990.0
1600,3,1.75,67,1.0,"98155",393500.0
3370,5,3.25,33,1.0,"98040",1550000.0
1720,4,2.25,42,1.0,"98023",240000.0
1090,3,1.0,42,1.0,"98166",285000.0
1090,3,1.5,28,1.0,"98074",382500.0
3600,4,3.75,64,1.0,"98112",1925000.0
2760,3,2.5,59,1.0,"98115",800000.0
2770,4,3.5,48,2.0,"98033",550000.0
2520,4,1.75,61,1.0,"98028",387846.0
1960,4,2.0,35,1.0,"98002",367500.0
1760,5,1.0,113,2.0,"98112",780500.0
1090,3,1.75,65,1.0,"98115",680000.0
1960,5,1.75,47,1.0,"98034",434400.0
1220,2,1.0,68,1.0,"98033",370000.0
1730,3,1.75,44,1.0,"98177",465000.0
1830,3,2.0,36,1.0,"98058",323000.0
1600,4,2.5,6,2.0,"98042",270000.0
2040,3,1.75,35,1.0,"98052",1320000.0
2710,4,2.5,12,2.0,"98059",560000.0
1140,3,1.0,108,1.0,"98144",450000.0
930,2,1.0,91,1.0,"98125",290000.0
1010,3,2.0,35,1.0,"98074",354000.0
2380,5,3.0,106,2.0,"98107",705000.0
1860,3,2.25,38,1.0,"98034",445000.0
1440,3,1.0,47,1.0,"98003",229900.0
2980,4,2.5,14,2.0,"98053",610000.0
2670,3,3.25,15,2.0,"98065",535000.0
2150,3,1.75,55,1.0,"98008",437400.0
3160,5,2.75,37,2.0,"98011",540000.0
1890,3,2.0,66,1.0,"98006",570000.0
2810,3,2.5,11,2.0,"98011",533000.0
2690,3,2.5,11,2.0,"98065",555000.0
1230,3,1.75,31,1.0,"98042",239950.0
950,3,1.0,38,1.0,"98034",350000.0
1200,2,1.0,72,1.0,"98106",245000.0
1670,4,1.75,68,1.0,"98125",456000.0
2140,4,2.25,38,1.0,"98034",465000.0
1440,2,1.75,7,1.0,"98053",445000.0
3050,5,2.75,49,1.0,"98034",517850.0
2570,5,2.75,19,2.0,"98092",329000.0
1840,3,2.5,18,2.0,"98116",512500.0
1250,2,1.0,68,1.0,"98125",365000.0
1410,3,1.0,67,1.0,"98133",450500.0
1560,3,1.0,63,1.0,"98004",915000.0
960,3,1.0,55,1.0,"98002",205000.0
1870,4,2.5,23,2.0,"98188",314000.0
900,2,1.0,69,1.0,"98107",496000.0
2050,4,1.0,58,1.0,"98178",329950.0
2400,4,2.0,102,2.0,"98011",375000.0
1850,3,2.5,26,2.0,"98033",623000.0
1220,4,1.5,35,1.0,"98014",310000.0
3140,3,3.25,31,1.0,"98065",532500.0
2410,4,2.25,86,2.0,"98117",960000.0
3130,4,2.5,21,2.0,"98045",598000.0
2300,3,2.5,17,2.0,"98027",683000.0
2840,5,2.5,53,1.0,"98155",425000.0
1800,5,2.75,89,1.5,"98103",533000.0
1190,3,1.0,62,1.0,"98166",375000.0
1710,3,2.0,27,2.0,"98023",250500.0
1900,4,1.75,93,1.5,"98010",257000.0
880,3,1.0,70,1.0,"98178",218000.0
2060,3,2.0,86,1.0,"98126",460000.0
1360,3,1.0,74,1.5,"98133",255544.0
1680,2,2.0,7,1.0,"98053",560000.0
2980,4,2.5,4,2.0,"98019",480000.0
2130,5,1.75,47,1.0,"98004",1300000.0
2650,3,2.75,26,1.0,"98028",580000.0
1700,3,2.5,17,1.0,"98126",475000.0
2680,4,2.5,59,1.0,"98166",1309500.0
2530,3,2.5,35,1.0,"98038",700000.0
2520,3,2.5,27,2.0,"98074",590000.0
1630,3,2.5,25,1.0,"98092",264500.0
730,2,1.0,97,1.0,"98107",465000.0
910,3,1.0,44,1.0,"98106",290000.0
4510,4,4.5,17,2.0,"98033",1815000.0
1110,3,1.0,58,1.0,"98008",416000.0
1450,4,2.0,53,1.0,"98034",360000.0
2910,5,2.75,38,1.0,"98075",585083.0
2600,4,2.75,79,1.5,"98119",840000.0
730,2,1.0,72,1.0,"98168",81000.0
2440,3,2.25,65,1.0,"98105",1285000.0
2290,4,1.75,52,1.0,"98178",326000.0
720,2,1.0,90,1.0,"98136",447000.0
940,3,1.0,57,1.5,"98032",185000.0
1540,3,2.5,33,2.0,"98034",439950.0
1140,3,1.5,48,1.5,"98045",234000.0
2100,4,2.5,51,2.0,"98007",485000.0
2670,4,1.75,74,2.0,"98199",750000.0
2750,4,2.0,114,2.0,"98119",865000.0
2570,4,2.5,36,1.0,"98023",287500.0
1660,3,1.75,39,1.0,"98072",375000.0
1700,3,2.25,46,1.0,"98033",565000.0
1530,4,3.0,5,2.0,"98042",260000.0
1260,3,1.0,72,1.0,"98056",190000.0
2760,5,2.0,51,1.0,"98118",399950.0
1830,3,2.5,25,2.0,"98023",275000.0
2160,3,2.75,28,1.0,"98126",528000.0
1770,3,2.0,67,1.0,"98166",315000.0
2210,2,2.25,47,1.0,"98117",614306.0
4560,3,3.5,25,2.0,"98034",1490000.0
2110,3,2.5,11,2.0,"98029",590000.0
1130,3,1.0,107,1.0,"98144",261500.0
1960,4,2.5,14,2.0,"98030",300000.0
2230,3,2.25,87,1.5,"98178",439000.0
2350,5,2.25,54,1.0,"98178",277554.0
1340,3,2.0,84,1.0,"98168",215000.0
2160,2,2.25,59,2.0,"98146",1200000.0
1700,4,2.0,65,1.0,"98115",420000.0
1650,3,2.5,12,2.0,"98053",485000.0
1540,3,2.0,61,1.0,"98002",202500.0
3920,5,3.25,8,2.0,"98065",710000.0
3250,4,2.5,6,2.0,"98059",535000.0
1360,4,1.75,49,1.0,"98058",260000.0
1480,3,2.0,23,1.0,"98038",254000.0
2360,4,2.5,14,2.0,"98034",600000.0
1800,3,2.5,14,2.0,"98108",285000.0
2540,4,3.75,17,2.0,"98075",800000.0
1200,3,1.0,72,1.0,"98168",165000.0
710,2,1.0,72,1.0,"98178",216500.0
2640,4,2.5,4,2.0,"98038",387990.0
3010,4,2.5,9,2.0,"98133",500000.0
2770,4,2.5,14,2.0,"98053",650000.0
2310,4,2.5,7,2.0,"98117",646000.0
2060,4,3.0,23,1.0,"98092",323400.0
1880,3,2.5,8,2.0,"98038",300000.0
2280,5,2.0,68,1.5,"98105",712500.0
1380,3,1.75,115,1.5,"98122",550000.0
1180,3,1.0,46,1.0,"98034",400000.0
1650,4,1.75,38,1.0,"98031",255000.0
2030,3,1.75,52,2.0,"98008",660000.0
2110,4,2.25,74,1.0,"98115",925000.0
2130,4,2.25,50,1.0,"98008",534000.0
1690,3,1.0,46,1.0,"98003",215000.0
2510,3,2.5,47,1.5,"98034",1950000.0
3530,5,4.25,14,2.0,"98040",1400000.0
1470,3,1.75,25,1.0,"98001",212000.0
1840,3,1.75,49,1.0,"98023",265000.0
1860,3,1.75,97,1.5,"98116",400000.0
1940,4,2.5,23,2.0,"98031",311500.0
4420,4,3.5,12,2.0,"98004",2328000.0
800,2,1.0,71,1.0,"98178",225000.0
3700,4,2.5,27,1.0,"98006",1250000.0
1400,3,1.0,67,1.0,"98146",380000.0
2250,4,2.5,24,2.0,"98034",600000.0
2230,3,2.25,28,2.0,"98007",600000.0
1950,3,2.5,14,2.0,"98146",315000.0
2550,5,1.0,110,2.5,"98122",847000.0
2750,4,2.5,17,2.0,"98075",730000.0
2290,4,2.0,60,1.0,"98004",1058000.0
2350,4,2.25,38,2.0,"98039",1620000.0
1720,2,1.75,67,1.0,"98118",664000.0
2810,4,3.0,8,2.0,"98038",454450.0
940,3,1.0,60,1.0,"98103",341000.0
1190,4,1.0,69,1.5,"98155",276693.0
1390,2,1.0,46,1.0,"98168",185000.0
1660,2,2.5,34,2.0,"98042",160000.0
1920,4,2.5,17,2.0,"98092",270000.0
1460,4,1.5,57,1.0,"98166",300000.0
1370,3,1.5,58,1.0,"98022",264950.0
1050,2,1.0,72,1.0,"98168",209950.0
3360,3,2.5,9,2.0,"98053",850000.0
3160,4,2.5,32,2.0,"98074",645000.0
2480,4,2.25,42,2.0,"98005",855000.0
2720,4,1.5,21,2.0,"98077",632500.0
2070,3,2.5,28,2.0,"98023",289950.0
2170,2,1.75,63,1.0,"98177",850000.0
3260,4,2.75,2,2.0,"98059",565000.0
2250,3,2.5,16,2.0,"98074",792000.0
1950,3,2.25,28,1.0,"98092",260000.0
2220,3,2.0,24,1.0,"98019",585000.0
1330,3,1.75,34,1.0,"98055",295500.0
1190,4,2.0,69,1.5,"98155",329000.0
2770,3,1.75,39,1.0,"98006",750000.0
2310,4,2.5,18,2.0,"98155",495000.0
1580,3,1.75,68,1.0,"98199",672500.0
2800,5,3.25,83,1.5,"98109",1307000.0
1500,3,2.5,21,2.0,"98011",405000.0
2140,3,1.75,68,1.0,"98119",620000.0
2330,4,2.25,42,1.0,"98006",615000.0
3830,6,2.25,53,1.0,"98008",887000.0
4510,4,2.75,74,2.5,"98117",1057000.0
2160,4,1.75,41,1.0,"98005",753000.0
3170,3,2.25,40,2.0,"98102",1600000.0
1520,3,1.5,61,1.0,"98133",365000.0
3410,4,2.75,33,2.0,"98006",870000.0
1830,4,2.5,12,2.0,"98038",321000.0
1550,3,2.5,15,2.0,"98001",280000.0
1520,3,2.5,11,2.0,"98038",288000.0
1240,3,2.0,76,1.0,"98023",248500.0
2380,4,2.5,16,2.0,"98188",330000.0
2720,5,3.5,27,2.0,"98052",740000.0
2210,3,2.5,17,2.0,"98045",445000.0
1050,2,1.0,56,1.0,"98023",198500.0
1940,7,2.5,21,2.0,"98092",280000.0
1420,3,2.25,34,2.0,"98034",336500.0
1690,3,2.5,26,2.0,"98010",267000.0
1160,3,1.0,47,1.0,"98077",315000.0
2040,4,2.5,27,2.0,"98074",545000.0
1840,3,1.75,26,1.0,"98001",274950.0
1440,2,1.0,67,1.0,"98115",500000.0
1390,3,1.0,61,1.5,"98155",299000.0
1470,3,2.5,10,2.0,"98029",420000.0
1776,3,2.5,9,3.0,"98103",620000.0
1640,3,2.25,48,1.0,"98008",575950.0
2860,4,2.5,15,2.0,"98074",666500.0
1740,4,1.5,53,1.0,"98168",180000.0
1390,3,1.75,53,1.0,"98023",261350.0
2730,4,3.5,67,1.0,"98199",1030000.0
1435,3,1.75,46,1.0,"98058",390000.0
1640,3,1.0,61,1.0,"98003",253500.0
2630,4,2.5,29,2.0,"98072",625000.0
1580,4,2.5,56,1.0,"98059",255000.0
1740,3,2.5,6,2.0,"98002",257000.0
1900,2,1.75,61,1.0,"98178",869000.0
3130,4,2.5,25,2.0,"98075",745000.0
3500,4,3.5,16,2.0,"98040",1350000.0
2130,3,1.75,59,1.0,"98166",350000.0
950,3,2.5,12,2.0,"98102",475000.0
1720,3,2.5,28,2.0,"98052",540000.0
830,2,1.0,19,1.0,"98038",175000.0
660,2,0.75,103,1.0,"98032",100000.0
2590,5,1.0,108,2.0,"98122",890000.0
1600,3,2.5,15,2.0,"98001",280000.0
4390,4,4.25,12,2.0,"98029",1050000.0
3560,4,2.5,27,2.0,"98023",486000.0
2860,5,2.5,57,2.0,"98065",670000.0
1640,3,2.5,28,2.0,"98029",480000.0
1500,3,1.75,68,1.0,"98118",440000.0
3990,3,3.25,93,2.0,"98144",1500000.0
2610,4,2.5,27,2.0,"98053",743700.0
1470,3,1.75,27,1.0,"98117",449950.0
700,2,1.0,70,1.0,"98117",367000.0
3960,4,3.25,14,2.0,"98059",1185000.0
900,3,1.0,56,1.0,"98002",201000.0
2010,3,1.75,93,2.0,"98112",575000.0
1940,3,2.5,36,1.0,"98001",295000.0
1510,3,1.0,69,1.0,"98002",190000.0
2020,2,3.0,63,1.0,"98117",742500.0
4430,6,3.5,14,2.0,"98056",875000.0
4010,4,3.5,25,2.0,"98040",1387000.0
3070,4,2.25,45,2.0,"98034",600000.0
1460,3,1.5,59,1.0,"98003",207000.0
3260,4,2.75,12,2.0,"98065",650000.0
830,2,1.0,93,1.0,"98126",275000.0
2390,4,2.5,91,2.0,"98102",1200000.0
1130,3,2.0,71,1.0,"98166",262500.0
1120,2,1.0,69,1.0,"98125",399000.0
1410,4,1.5,49,1.0,"98030",139000.0
1750,3,2.5,24,2.0,"98033",575000.0
1040,2,1.0,89,1.0,"98103",580000.0
1630,3,2.25,11,2.0,"98053",468000.0
1380,3,1.0,52,1.0,"98023",230000.0
3680,4,4.0,25,2.0,"98074",675000.0
1250,3,1.0,45,1.0,"98072",318000.0
2660,5,3.5,19,2.0,"98092",332100.0
620,2,1.0,52,1.0,"98168",175000.0
2600,4,2.25,36,2.0,"98006",817000.0
2150,4,3.0,62,2.0,"98039",1200000.0
1470,3,1.75,99,1.0,"98126",525000.0
1380,3,1.0,100,1.5,"98002",189000.0
1000,1,1.0,65,1.0,"98146",641500.0
1630,3,2.25,32,1.0,"98034",490000.0
1790,3,1.75,39,1.0,"98072",415000.0
890,2,1.0,64,1.0,"98115",250000.0
1290,3,1.5,63,1.0,"98004",781000.0
2420,4,2.25,42,1.0,"98133",400000.0
3680,4,3.0,7,2.0,"98115",935000.0
3020,4,2.5,36,1.0,"98155",575000.0
4240,4,3.25,9,2.0,"98033",1660000.0
3130,5,2.75,42,1.0,"98023",302300.0
900,2,1.0,75,1.0,"98126",355000.0
2880,3,2.25,57,1.0,"98033",1538000.0
2390,4,1.75,51,1.0,"98040",926250.0
1450,3,1.75,60,1.0,"98166",300000.0
1070,3,1.75,37,1.0,"98052",361500.0
1740,3,1.5,52,1.0,"98040",616000.0
1210,2,1.75,1,2.0,"98029",395000.0
2100,3,1.5,61,1.0,"98198",245000.0
1060,3,1.0,53,1.0,"98023",206000.0
3280,4,2.5,43,1.0,"98188",706000.0
1660,3,1.5,78,1.5,"98199",578000.0
3070,5,3.0,10,2.0,"98042",341950.0
1150,3,1.0,93,1.0,"98033",305000.0
1710,3,2.75,106,1.0,"98119",575000.0
1180,3,1.0,56,1.0,"98027",330000.0
2130,4,2.25,43,2.0,"98034",445000.0
1050,3,1.0,64,1.0,"98126",333000.0
2520,4,2.5,10,2.0,"98027",598500.0
700,2,1.0,72,1.0,"98055",225000.0
2640,4,2.5,17,2.0,"98074",570000.0
2330,5,2.0,59,1.0,"98115",630000.0
2830,5,2.25,38,2.0,"98006",779000.0
3720,4,3.5,11,2.0,"98065",760000.0
1890,5,1.75,55,1.0,"98028",322968.0
2910,4,2.5,17,2.0,"98065",595000.0
1300,4,1.0,74,1.0,"98056",321000.0
2770,3,2.25,30,2.0,"98072",653000.0
2520,4,1.75,55,1.0,"98146",750000.0
1340,3,1.0,105,1.0,"98105",530000.0
1060,2,1.75,7,2.0,"98144",352750.0
2480,4,2.5,23,2.0,"98038",424950.0
2220,5,2.75,42,1.0,"98144",427000.0
3220,4,2.5,15,2.0,"98118",558000.0
1600,2,2.0,61,1.0,"98115",438200.0
640,1,1.0,97,1.0,"98136",340000.0
3610,4,3.75,21,3.0,"98117",830005.0
3420,4,3.25,7,2.0,"98019",548000.0
1840,3,1.75,63,1.0,"98108",411715.0
2790,4,4.0,16,2.0,"98005",865000.0
5860,6,4.25,2,2.0,"98006",1750000.0
3450,3,3.0,32,2.0,"98074",688000.0
2350,4,2.5,12,2.0,"98038",399950.0
1250,3,1.0,112,1.5,"98115",555000.0
2000,3,2.0,99,1.0,"98103",677000.0
2260,3,2.0,30,1.0,"98074",539000.0
1510,3,1.75,76,1.0,"98144",410000.0
1800,2,2.25,36,2.0,"98008",472000.0
2420,3,2.5,58,1.0,"98118",755000.0
1750,5,1.75,49,1.0,"98031",269900.0
2660,4,2.5,38,2.0,"98072",667400.0
2640,3,2.25,20,1.0,"98004",1220000.0
1460,3,2.5,8,2.0,"98117",544000.0
1570,2,1.0,91,1.5,"98144",800000.0
1010,3,1.0,40,1.0,"98074",315000.0
1200,4,1.0,71,1.5,"98178",227000.0
4040,4,2.5,15,2.0,"98038",765000.0
1820,3,3.0,9,3.0,"98119",625000.0
5810,4,5.0,11,2.0,"98033",1875000.0
3010,4,2.5,36,1.0,"98006",822600.0
1910,4,2.5,45,1.0,"98011",515000.0
1640,4,2.0,33,1.0,"98106",377000.0
1480,3,1.0,61,1.0,"98136",600000.0
2520,4,1.75,50,1.0,"98177",525300.0
2840,4,3.0,41,1.0,"98034",760000.0
840,2,1.0,108,1.0,"98032",202000.0
1730,3,2.0,18,1.0,"98038",470000.0
3140,3,2.5,24,2.0,"98075",810000.0
1480,3,1.0,48,1.0,"98188",175000.0
1920,4,1.75,63,1.0,"98125",440000.0
770,2,1.0,64,1.0,"98146",197000.0
1010,3,1.0,72,1.0,"98056",254000.0
1460,3,1.0,13,1.5,"98074",405000.0
940,2,1.0,66,1.0,"98126",416000.0
2840,4,2.75,1,3.0,"98052",779950.0
1910,4,2.75,35,1.0,"98030",200000.0
2430,4,2.5,23,2.0,"98029",658100.0
1610,2,1.75,19,1.0,"98118",397000.0
2780,3,3.75,16,2.0,"98007",815000.0
1160,2,1.0,66,1.0,"98155",345000.0
1850,4,2.5,26,2.0,"98031",305500.0
2120,3,2.25,18,1.0,"98002",340000.0
2620,5,2.5,36,1.0,"98034",330000.0
2060,4,2.5,11,2.0,"98198",269000.0
1060,3,1.0,49,1.0,"98052",349950.0
1500,3,1.0,62,1.0,"98125",431000.0
2380,4,1.75,69,2.0,"98105",735000.0
3045,5,3.0,16,2.0,"98058",414000.0
1700,3,2.5,23,2.0,"98122",619500.0
1240,3,1.75,58,1.0,"98033",675000.0
1410,3,1.0,44,1.0,"98034",380500.0
880,3,1.5,70,1.0,"98178",253000.0
740,2,1.0,66,1.0,"98031",157500.0
2030,4,2.0,39,1.0,"98052",627000.0
2090,4,2.5,14,1.0,"98034",469500.0
920,2,1.0,76,1.0,"98146",319950.0
1180,3,1.0,47,1.0,"98058",249500.0
1260,3,1.0,108,1.5,"98119",485000.0
3690,5,3.0,48,1.0,"98005",1125000.0
1700,3,1.75,37,1.0,"98038",314500.0
770,2,1.0,67,1.0,"98155",220000.0
2020,3,2.5,57,1.0,"98133",444950.0
2030,4,2.5,30,1.0,"98115",598000.0
2690,4,3.5,13,2.0,"98075",699850.0
1750,3,2.5,24,2.0,"98033",595000.0
3270,4,2.5,22,2.0,"98053",735000.0
2330,4,2.5,37,2.0,"98007",542500.0
1720,3,1.75,37,1.0,"98052",450000.0
2420,3,2.0,56,1.0,"98188",298500.0
710,2,1.0,72,2.0,"98102",403950.0
710,2,1.0,73,1.0,"98106",271000.0
1510,2,1.0,92,1.0,"98133",335000.0
1610,2,2.25,36,2.0,"98056",305000.0
1880,3,3.0,8,2.0,"98107",630000.0
1220,2,1.75,94,1.0,"98055",253000.0
2060,4,1.75,58,1.0,"98008",395000.0
1340,3,2.5,34,1.0,"98042",265000.0
1030,2,1.0,56,1.0,"98058",225000.0
2717,4,2.5,10,2.0,"98001",338500.0
1360,2,1.75,40,1.0,"98177",300000.0
1260,2,1.0,70,2.0,"98178",255000.0
2240,4,3.0,23,2.0,"98155",337000.0
2080,3,2.25,27,2.0,"98092",324900.0
2760,3,2.75,48,1.0,"98040",821000.0
3000,4,2.75,40,1.0,"98038",500000.0
3310,4,3.5,5,2.0,"98136",885000.0
1630,4,2.0,47,1.0,"98077",360000.0
900,3,1.0,43,1.0,"98034",304000.0
880,2,1.0,97,1.0,"98118",376000.0
1620,4,1.5,59,1.0,"98008",425000.0
1610,3,1.75,42,1.0,"98112",1180500.0
1730,3,2.5,10,2.0,"98166",187000.0
1640,2,1.5,99,1.5,"98105",710000.0
1840,3,1.75,41,1.0,"98033",585000.0
4700,5,4.0,13,2.0,"98006",1400000.0
4500,4,3.5,25,1.0,"98004",1980000.0
1780,3,1.75,36,1.0,"98001",250000.0
3800,4,2.75,29,2.0,"98006",950000.0
2980,3,2.5,23,2.0,"98075",725000.0
2780,4,2.5,37,1.0,"98034",505000.0
560,1,1.0,68,1.0,"98106",90000.0
2060,4,2.0,47,2.0,"98118",400000.0
1140,3,1.0,61,1.0,"98177",407000.0
1890,3,1.5,96,1.5,"98105",651000.0
2090,3,2.25,37,1.0,"98155",485000.0
3460,4,2.75,83,2.0,"98022",460000.0
1320,2,1.0,73,1.0,"98126",369000.0
1240,2,1.0,72,1.0,"98070",355000.0
810,2,1.0,35,1.0,"98118",155000.0
1880,3,1.0,91,1.5,"98112",1000000.0
2680,4,2.5,27,2.0,"98058",419625.0
2040,3,2.0,61,2.0,"98133",435000.0
2180,4,1.75,38,1.0,"98056",379000.0
1870,4,2.25,6,2.0,"98038",293000.0
2310,4,2.75,26,1.0,"98006",592100.0
1120,3,1.75,71,1.0,"98011",362000.0
1340,3,1.0,56,1.0,"98178",227000.0
1260,3,1.75,45,1.0,"98011",335500.0
1200,3,1.75,38,1.5,"98010",213000.0
2400,5,2.5,11,2.0,"98042",338000.0
940,3,1.0,61,1.0,"98002",163500.0
860,2,1.0,66,1.0,"98178",199988.0
2390,3,2.25,67,1.0,"98105",1185000.0
3130,4,2.5,10,2.0,"98042",320000.0
3550,6,2.25,67,1.0,"98125",450000.0
1470,2,2.0,10,2.0,"98038",249900.0
910,2,1.0,58,1.0,"98058",223000.0
2630,4,4.0,52,1.0,"98055",631000.0
1780,4,2.25,52,1.0,"98055",350000.0
1430,3,1.75,90,1.0,"98065",279000.0
2730,5,2.0,53,1.0,"98058",310000.0
900,2,1.0,61,1.0,"98198",185000.0
1740,3,2.5,38,1.0,"98070",445000.0
2905,4,2.5,12,2.0,"98031",365000.0
2230,3,1.5,56,1.0,"98146",333500.0
1680,3,2.25,55,1.0,"98177",385000.0
1240,3,1.5,61,1.0,"98006",345000.0
3230,3,3.0,17,2.0,"98116",1260000.0
2560,4,2.5,50,1.0,"98027",440000.0
2600,3,2.5,13,2.0,"98065",444500.0
1200,4,1.0,43,1.0,"98070",340000.0
1660,4,1.0,100,1.5,"98117",680000.0
1140,3,1.75,33,1.0,"98033",420000.0
3050,3,2.25,27,2.0,"98092",438500.0
800,2,1.0,73,1.0,"98168",109500.0
1700,4,2.75,51,1.0,"98133",461000.0
2630,4,1.75,52,1.0,"98040",968000.0
1960,3,1.75,65,1.0,"98106",355000.0
1180,3,1.5,53,1.0,"98058",249000.0
1960,5,2.5,46,1.0,"98058",256500.0
4250,5,2.5,31,1.0,"98004",1810000.0
1950,3,2.25,49,1.0,"98023",269000.0
3600,4,3.5,68,2.0,"98112",1350000.0
2060,3,2.25,40,1.0,"98040",885000.0
1640,3,2.0,44,1.0,"98034",455000.0
2730,4,2.5,106,1.5,"98119",980000.0
1530,3,1.75,73,1.0,"98126",412500.0
3060,4,3.5,8,2.0,"98029",740000.0
2860,4,2.25,82,2.0,"98199",1298000.0
1030,2,1.5,7,3.0,"98103",326000.0
2460,4,2.5,17,2.0,"98074",568500.0
2500,4,2.5,2,2.0,"98056",620000.0
1830,3,1.75,68,2.0,"98106",283000.0
2820,6,3.25,98,2.0,"98105",875000.0
3750,4,2.25,91,2.0,"98115",1310000.0
2070,3,2.5,12,2.0,"98092",289950.0
1780,3,2.5,41,1.0,"98031",252500.0
2200,4,2.25,56,1.0,"98056",376000.0
3240,4,2.5,38,1.0,"98074",635700.0
2880,4,2.5,19,2.0,"98075",710000.0
1570,3,1.75,68,1.0,"98177",440000.0
3180,3,2.5,9,1.0,"98056",439000.0
1310,2,1.5,45,1.5,"98052",455000.0
910,2,1.0,34,1.0,"98058",225000.0
1460,3,1.0,56,1.0,"98058",250000.0
3410,4,3.25,23,2.0,"98027",585000.0
2720,3,1.75,90,1.5,"98105",685000.0
2280,5,2.75,56,1.0,"98177",420000.0
1480,4,2.0,58,1.0,"98055",275000.0
2330,3,2.0,29,1.0,"98023",270000.0
2170,4,3.0,18,2.0,"98115",767250.0
1760,3,2.0,72,1.0,"98166",229000.0
1240,3,1.0,87,1.5,"98106",400000.0
5210,5,3.25,104,2.5,"98136",2195000.0
2800,5,2.0,52,1.0,"98033",665000.0
2060,4,2.25,27,2.0,"98077",500000.0
2360,5,2.0,47,1.0,"98010",355500.0
2370,4,2.5,17,2.0,"98042",369000.0
720,2,1.0,64,1.0,"98125",338500.0
950,3,1.0,66,1.0,"98118",256000.0
1980,3,2.5,21,2.0,"98045",470000.0
2540,3,2.5,75,2.0,"98177",675000.0
2760,4,2.75,18,1.0,"98042",369950.0
2950,5,3.5,10,2.0,"98065",615000.0
3640,5,3.0,19,2.0,"98006",1200690.0
2150,3,1.75,94,2.0,"98112",950000.0
2760,4,2.5,22,2.0,"98112",799500.0
840,2,1.0,63,1.0,"98168",187000.0
2890,5,2.25,38,2.0,"98074",598000.0
2060,3,2.25,48,1.0,"98155",429950.0
1700,5,2.25,53,1.5,"98059",347950.0
3560,3,2.5,28,2.0,"98053",851000.0
1210,3,1.0,58,1.0,"98146",205000.0
1590,3,2.25,36,1.0,"98092",225000.0
2620,4,2.25,36,1.0,"98075",705000.0
3190,5,2.5,12,2.0,"98059",535000.0
1450,3,2.0,25,2.0,"98022",222500.0
1270,2,1.5,9,2.0,"98106",313500.0
2730,3,2.25,23,2.0,"98011",632000.0
1840,3,2.0,3,2.0,"98155",467000.0
1970,3,2.25,37,1.0,"98030",339000.0
3200,3,2.75,11,2.0,"98075",712000.0
1060,3,1.0,48,1.0,"98028",335000.0
1740,3,3.25,8,2.0,"98116",470000.0
810,3,1.0,47,1.0,"98052",367000.0
2460,3,2.5,8,2.0,"98065",440500.0
2100,4,1.0,47,1.0,"98058",305000.0
1530,3,1.75,67,1.0,"98117",635000.0
1670,3,2.25,112,1.5,"98119",1020000.0
1175,2,2.5,10,2.0,"98103",342000.0
2130,3,2.25,37,1.0,"98030",283000.0
2470,4,2.75,37,1.0,"98022",430000.0
1700,4,2.5,15,2.0,"98001",245000.0
2600,3,2.5,11,2.0,"98038",355500.0
1460,3,1.0,81,1.0,"98115",395000.0
2010,4,2.25,27,2.0,"98032",324900.0
1320,3,1.75,97,1.5,"98116",660000.0
3150,3,2.5,25,2.0,"98058",570000.0
1960,3,2.5,31,2.0,"98052",552321.0
2050,2,1.75,65,1.0,"98004",1100000.0
1800,3,1.5,65,1.0,"98001",237000.0
1210,2,1.0,93,1.5,"98136",402000.0
1830,3,2.25,52,1.0,"98027",470000.0
1880,3,1.75,88,1.0,"98155",395900.0
860,2,1.75,67,1.0,"98103",442000.0
2890,4,2.75,18,2.0,"98077",795000.0
1390,3,2.0,35,1.0,"98003",190500.0
3340,4,2.75,19,2.0,"98027",808000.0
2040,4,2.5,17,2.0,"98133",500000.0
3010,4,2.75,19,2.0,"98075",775000.0
2110,5,1.75,53,1.0,"98133",300000.0
2110,5,1.75,53,1.0,"98133",496000.0
2510,4,2.5,9,2.0,"98038",448000.0
2770,2,2.25,46,1.0,"98070",645000.0
1120,3,1.75,90,1.5,"98136",464600.0
1530,3,1.0,114,2.0,"98122",590000.0
1800,3,2.5,11,2.0,"98118",399000.0
1030,2,1.0,90,1.0,"98118",305000.0
1210,3,1.75,39,1.0,"98034",478000.0
1090,1,1.0,57,1.0,"98014",598800.0
1790,4,2.25,42,1.0,"98155",430000.0
1550,4,1.5,52,1.0,"98118",433000.0
2400,4,2.75,54,1.0,"98058",420000.0
2470,4,1.75,78,2.0,"98070",585000.0
1170,3,1.0,46,1.0,"98055",255000.0
1120,3,1.0,54,1.0,"98059",305000.0
1040,4,1.0,71,1.5,"98117",396000.0
2460,4,2.5,26,2.0,"98023",347500.0
3690,4,2.5,28,2.0,"98027",900000.0
1960,3,1.75,33,1.0,"98077",425000.0
1920,3,2.5,20,2.0,"98045",429000.0
1670,3,2.25,13,2.0,"98199",540000.0
1340,3,2.0,41,1.0,"98024",324950.0
2610,3,2.25,89,2.0,"98112",1049000.0
1540,4,1.75,49,1.0,"98003",221000.0
1640,3,2.0,67,1.0,"98125",405000.0
2100,3,2.5,62,1.0,"98004",1150000.0
1930,4,1.75,43,1.0,"98008",588000.0
1430,3,2.0,21,1.0,"98001",234950.0
2430,4,1.5,87,1.5,"98144",580000.0
2460,5,3.0,24,1.0,"98006",637000.0
2490,4,2.25,62,1.0,"98199",704000.0
880,2,1.0,77,1.0,"98168",210000.0
2110,4,2.5,15,2.0,"98117",772000.0
1850,4,1.75,74,2.0,"98117",763000.0
2060,2,1.5,85,1.5,"98030",213500.0
1360,2,1.0,91,1.0,"98155",255000.0
2000,3,2.0,37,1.0,"98033",423500.0
1810,3,1.5,61,1.0,"98177",520000.0
2230,3,2.75,38,1.0,"98075",550000.0
1820,3,2.75,18,1.0,"98116",795000.0
2740,4,3.0,12,2.0,"98072",495000.0
2710,4,2.5,18,2.0,"98058",455000.0
910,2,1.0,68,1.0,"98032",85000.0
1980,4,2.0,91,1.5,"98055",239000.0
1040,3,1.0,56,1.0,"98023",184900.0
2810,4,2.25,36,1.0,"98058",386000.0
2000,4,2.5,16,2.0,"98133",415000.0
1530,3,1.0,53,1.0,"98118",387000.0
5110,6,4.0,109,2.5,"98112",2140000.0
3133,4,2.25,50,2.0,"98166",685000.0
2020,4,2.5,74,1.0,"98168",340000.0
750,2,1.0,89,1.0,"98118",422000.0
1980,3,2.5,21,2.0,"98011",442000.0
1200,3,1.0,72,1.0,"98168",280000.0
3580,5,2.5,15,2.0,"98033",1150000.0
2010,3,2.5,25,2.0,"98022",279000.0
1730,4,2.0,91,1.0,"98103",569000.0
5960,5,3.5,31,2.0,"98008",1355000.0
860,2,1.0,55,1.0,"98032",209950.0
1370,3,1.5,76,1.0,"98177",468000.0
1360,3,1.75,52,1.0,"98198",237100.0
2530,4,2.5,22,2.0,"98003",336000.0
1680,4,2.0,115,2.0,"98144",500000.0
1580,3,2.5,20,2.0,"98055",290000.0
3890,7,3.5,47,2.0,"98117",1185000.0
1600,5,2.0,88,1.5,"98126",365000.0
1200,3,1.0,40,1.0,"98092",146300.0
1760,3,1.75,38,1.0,"98005",554000.0
1670,3,2.0,43,1.0,"98034",424000.0
4640,4,3.5,8,2.0,"98027",1348000.0
1800,4,1.5,65,1.5,"98115",508500.0
1210,3,1.75,30,1.0,"98042",244500.0
1280,2,2.5,10,2.0,"98055",206000.0
1650,3,2.0,70,2.0,"98177",643500.0
1590,4,1.75,93,2.0,"98133",372500.0
1900,5,2.0,58,1.0,"98107",630000.0
1500,2,2.5,10,2.0,"98029",418000.0
2689,4,2.5,9,2.0,"98030",425000.0
3250,4,2.75,8,2.0,"98027",800000.0
960,2,1.0,64,1.0,"98168",208000.0
1650,3,1.75,38,1.0,"98075",476000.0
1690,3,2.5,12,2.0,"98023",277500.0
2790,3,1.75,45,1.0,"98027",478000.0
2310,4,2.75,36,3.0,"98122",890000.0
1790,3,3.5,15,3.0,"98199",450000.0
1230,3,1.0,50,1.0,"98003",205000.0
1620,3,2.0,86,1.5,"98115",665000.0
2440,4,2.75,49,1.0,"98133",518000.0
2100,4,2.25,36,2.0,"98033",465000.0
3040,3,2.5,12,2.0,"98092",330000.0
2490,4,3.0,8,2.0,"98056",449400.0
2690,3,2.75,8,1.0,"98053",829000.0
2190,4,1.75,51,1.0,"98034",450000.0
1490,3,1.75,56,1.0,"98059",310000.0
2530,3,2.25,30,2.0,"98072",615000.0
2060,3,2.0,68,1.0,"98103",605000.0
1970,3,2.25,38,2.0,"98027",437500.0
1400,3,1.75,90,1.5,"98117",545000.0
3680,3,2.5,30,1.0,"98052",770000.0
3000,5,2.25,40,2.0,"98052",600000.0
1440,3,1.0,105,2.0,"98103",560000.0
7730,5,5.75,11,2.0,"98077",1920000.0
1170,3,1.0,91,1.5,"98117",457000.0
1770,2,1.0,66,1.5,"98117",585000.0
1860,3,2.0,30,1.0,"98027",560000.0
770,2,1.0,98,1.0,"98116",345000.0
3820,4,3.5,60,2.0,"98108",550000.0
3190,4,2.5,9,2.0,"98038",589950.0
1320,3,1.5,45,1.0,"98059",327000.0
1730,2,2.25,68,2.0,"98070",800000.0
1010,3,1.0,49,1.0,"98014",150000.0
1140,2,2.5,8,3.0,"98107",425000.0
860,3,1.0,42,1.0,"98034",350000.0
1540,3,1.75,37,2.0,"98045",273000.0
2160,4,2.25,54,1.0,"98040",750000.0
1450,3,1.5,52,1.0,"98031",240000.0
1830,3,1.75,37,1.0,"98023",400000.0
1630,3,1.5,35,1.0,"98023",230000.0
2500,4,2.5,25,2.0,"98031",372000.0
1470,3,1.75,31,1.0,"98133",459500.0
2380,3,2.5,20,2.0,"98056",582000.0
2170,4,2.5,46,1.0,"98034",465000.0
2120,3,2.0,24,1.0,"98058",386000.0
1530,3,2.5,17,2.0,"98007",546000.0
2710,3,1.75,50,1.0,"98001",278000.0
2860,3,2.5,11,2.0,"98065",540000.0
2800,4,1.75,81,2.0,"98065",529000.0
1120,4,1.0,69,1.5,"98177",554000.0
1730,3,1.0,52,1.0,"98001",210000.0
1010,2,1.0,89,1.0,"98032",225000.0
2350,4,2.5,25,2.0,"98074",561600.0
2860,6,5.25,37,2.0,"98002",300000.0
4285,4,3.5,69,2.0,"98199",1650000.0
4060,4,3.75,13,2.0,"98074",1017100.0
1310,3,1.0,53,1.0,"98001",150000.0
2320,2,1.75,67,1.0,"98136",400950.0
2210,4,2.25,30,2.0,"98074",620000.0
2090,4,2.75,74,1.5,"98166",449000.0
2240,4,2.5,89,1.0,"98115",630000.0
1180,2,1.0,66,1.0,"98133",336000.0
1560,4,1.75,50,1.0,"98092",299950.0
1970,4,2.0,53,1.0,"98133",352500.0
840,2,1.0,90,1.0,"98055",150000.0
840,2,1.0,90,1.0,"98055",175000.0
1830,3,2.0,26,1.0,"98023",305000.0
4475,4,3.75,16,2.0,"98033",2574000.0
1800,3,1.5,74,1.0,"98117",607500.0
1250,2,1.0,95,1.0,"98117",505000.0
2440,3,1.75,53,1.0,"98198",280500.0
2910,3,2.5,22,2.0,"98058",610000.0
3060,5,2.75,12,2.0,"98042",381000.0
2230,5,2.25,37,1.0,"98077",482000.0
1270,3,1.0,38,1.0,"98034",379950.0
4300,4,4.5,30,2.0,"98039",2500000.0
1580,3,2.25,23,1.0,"98053",425000.0
2570,4,2.25,35,2.0,"98053",580000.0
860,2,1.0,63,1.0,"98004",605000.0
820,1,1.0,8,1.0,"98126",194000.0
2090,4,2.25,28,2.0,"98074",546200.0
3560,4,3.5,1,2.0,"98040",1395000.0
1860,3,1.75,54,1.0,"98059",315000.0
900,3,1.5,74,1.5,"98116",465000.0
1160,2,1.0,52,1.0,"98010",330000.0
3100,4,2.75,17,2.0,"98052",795000.0
2300,4,2.25,38,1.0,"98058",265000.0
3110,4,2.5,25,2.0,"98117",1300000.0
1130,3,1.0,73,1.0,"98146",126500.0
2920,4,2.5,11,2.0,"98052",760000.0
1230,2,1.25,6,2.0,"98112",540000.0
2190,5,2.75,37,1.0,"98028",446000.0
850,1,0.75,112,1.0,"98019",170000.0
1500,3,2.5,43,1.0,"98034",379000.0
4620,9,4.0,100,2.5,"98105",1400000.0
3150,4,2.75,11,2.0,"98075",800000.0
1300,3,1.0,53,1.0,"98042",260000.0
3160,5,2.5,55,1.0,"98040",820000.0
2070,3,1.75,16,1.0,"98092",449950.0
1790,3,2.25,41,1.0,"98034",392000.0
1650,3,2.5,16,2.0,"98075",465000.0
2070,4,2.5,38,1.0,"98052",449950.0
1580,3,1.5,92,1.5,"98103",520000.0
2170,4,2.25,40,1.0,"98008",546800.0
2220,4,2.75,62,1.0,"98004",825000.0
1440,3,1.75,30,1.0,"98155",337000.0
720,2,1.0,73,1.0,"98117",333000.0
1120,2,2.0,11,2.0,"98116",380000.0
1970,3,2.5,23,2.0,"98003",280000.0
1420,3,1.5,25,1.0,"98022",202000.0
2250,4,2.5,14,2.0,"98075",585000.0
2630,4,2.0,59,1.0,"98056",435000.0
4740,4,3.5,12,2.0,"98053",1200000.0
1280,2,2.25,23,2.0,"98144",364000.0
1260,3,1.0,69,1.0,"98115",300000.0
1930,2,1.75,9,1.0,"98053",558000.0
1048,1,1.5,73,1.0,"98055",199950.0
1640,3,2.25,53,1.0,"98006",515000.0
2380,4,2.5,11,2.0,"98136",590000.0
2530,4,2.0,51,1.0,"98005",813500.0
2700,4,2.5,23,2.0,"98033",725000.0
2330,3,2.25,44,1.5,"98074",490000.0
2160,3,2.25,21,2.0,"98022",277000.0
1470,4,1.5,39,1.0,"98010",325000.0
2280,4,2.5,20,2.0,"98033",649800.0
1280,3,1.0,112,1.5,"98122",425000.0
850,2,1.0,40,1.0,"98117",460000.0
4610,3,3.25,31,2.0,"98074",750000.0
2690,5,2.5,55,1.0,"98177",469000.0
2440,4,1.75,61,1.0,"98117",566000.0
1930,3,2.5,19,2.0,"98059",407500.0
800,2,1.0,73,1.0,"98125",353500.0
2430,3,2.25,41,1.0,"98059",524000.0
1990,4,2.5,21,2.0,"98010",264950.0
2550,3,2.5,25,2.0,"98011",547500.0
1370,3,2.25,22,2.0,"98038",264500.0
2020,3,2.0,52,1.0,"98008",507500.0
1560,3,3.5,9,2.0,"98116",560000.0
5610,5,4.0,19,2.0,"98072",995000.0
3560,6,2.0,115,2.5,"98122",835000.0
2120,3,1.5,66,1.0,"98108",440000.0
2920,3,2.5,60,1.0,"98199",1015000.0
1340,2,1.0,68,1.0,"98178",300000.0
1230,3,1.0,99,1.5,"98117",125000.0
2840,4,3.5,105,2.0,"98118",986000.0
2080,4,2.5,65,1.0,"98178",315000.0
2070,4,2.5,19,2.0,"98031",320000.0
4010,4,3.25,12,2.0,"98059",972000.0
2190,3,2.5,58,1.0,"98040",760000.0
1730,4,3.0,95,2.0,"98168",265000.0
1250,2,1.0,67,1.0,"98126",355000.0
1300,3,1.0,88,1.0,"98106",300000.0
2080,5,2.5,40,1.0,"98034",474950.0
2180,4,2.0,38,2.0,"98014",470000.0
1630,3,1.0,46,1.0,"98033",437500.0
1840,2,1.5,87,1.0,"98117",520000.0
1370,2,1.0,65,1.0,"98198",237600.0
950,2,1.0,43,1.0,"98198",162950.0
1690,3,1.75,112,1.0,"98024",457000.0
1780,3,2.5,35,1.0,"98006",635000.0
2840,4,3.0,84,1.5,"98118",735000.0
2000,2,2.5,23,2.0,"98034",910000.0
1570,3,3.25,9,2.0,"98126",346500.0
2370,4,2.5,31,1.0,"98074",655000.0
1610,3,1.75,38,1.0,"98024",425000.0
1300,3,1.0,56,1.0,"98002",137000.0
2620,3,2.5,27,2.0,"98011",557500.0
3060,4,2.25,23,2.0,"98010",415000.0
2780,5,2.25,37,2.0,"98007",830000.0
4270,4,3.0,24,2.0,"98077",949000.0
1310,3,1.0,29,1.0,"98052",420000.0
1100,2,1.0,64,1.0,"98125",353000.0
1480,3,1.75,35,1.5,"98019",560000.0
1270,3,2.5,14,3.0,"98107",445700.0
1270,4,1.0,97,1.5,"98118",226000.0
890,3,1.0,55,1.0,"98056",358000.0
1480,3,1.75,61,1.0,"98006",501000.0
3240,4,2.5,43,1.0,"98155",609000.0
4280,4,3.25,13,2.0,"98092",734950.0
3210,5,2.5,47,1.0,"98007",725000.0
1870,3,2.25,40,1.0,"98072",350500.0
3990,5,2.5,53,1.0,"98112",610000.0
1160,2,1.0,75,1.0,"98115",605125.0
2940,4,2.25,45,2.0,"98004",1388000.0
1850,3,2.25,34,2.0,"98053",550000.0
1060,2,1.75,12,2.0,"98136",335000.0
1100,3,2.0,46,1.0,"98034",397000.0
1190,3,2.0,21,1.0,"98010",240000.0
1030,3,2.0,45,1.0,"98003",240000.0
1140,2,1.5,66,1.0,"98011",262500.0
2260,3,1.5,75,1.0,"98103",440000.0
1140,3,1.0,105,1.5,"98014",160000.0
1860,4,1.0,114,1.5,"98112",427000.0
4080,4,3.5,10,2.0,"98053",920000.0
3280,4,2.5,104,2.0,"98119",2300000.0
2870,4,2.5,38,2.0,"98077",480000.0
2300,4,1.75,38,1.0,"98052",615000.0
2230,3,2.0,100,1.5,"98199",736500.0
1920,3,2.5,11,2.5,"98116",542500.0
700,2,1.0,63,1.0,"98056",191000.0
2740,4,2.5,24,2.0,"98074",730000.0
3440,5,2.25,114,2.0,"98122",1225000.0
650,1,1.0,48,1.0,"98042",129000.0
1500,3,1.5,58,1.0,"98058",284000.0
2490,3,2.5,12,2.0,"98074",645000.0
1330,3,1.5,47,1.0,"98023",218000.0
3190,4,3.5,16,2.0,"98034",675000.0
1590,3,2.5,31,2.0,"98115",575000.0
830,2,1.0,65,1.0,"98133",225000.0
1810,3,2.25,26,2.0,"98033",626000.0
2910,4,2.5,14,2.0,"98168",499950.0
2180,4,1.75,59,1.0,"98155",405000.0
1090,3,1.0,46,1.0,"98092",152500.0
2160,4,2.5,21,2.0,"98031",325000.0
2110,3,1.0,91,1.0,"98033",475300.0
2180,3,1.75,48,1.0,"98126",485000.0
2100,3,2.5,96,2.0,"98122",720000.0
1410,3,1.75,91,1.0,"98133",465000.0
1020,3,1.5,85,1.0,"98115",489000.0
2090,3,2.25,38,1.0,"98031",288000.0
1350,3,1.75,47,1.0,"98022",225000.0
2650,3,1.75,63,1.0,"98146",499000.0
3520,5,3.0,30,2.0,"98027",632000.0
2040,3,2.5,23,2.0,"98052",580000.0
2340,4,1.5,103,2.0,"98122",730000.0
1770,4,2.25,17,2.0,"98031",325000.0
1100,3,1.75,51,1.0,"98056",421000.0
1490,3,2.5,17,2.0,"98059",316000.0
1460,2,1.0,101,1.0,"98117",415000.0
1350,3,2.25,12,2.0,"98053",401000.0
1030,3,0.75,71,1.0,"98032",229950.0
1820,3,1.75,49,1.0,"98008",539950.0
1170,3,2.0,96,1.0,"98106",335000.0
1450,3,2.5,11,2.0,"98065",339000.0
2200,4,1.75,97,1.0,"98133",414950.0
1610,4,2.0,49,1.0,"98004",650000.0
2690,3,2.5,21,2.0,"98014",445000.0
1850,3,2.25,41,2.0,"98023",295000.0
2250,4,2.25,103,2.0,"98119",975000.0
1580,3,1.5,54,1.0,"98055",296500.0
2030,4,2.75,36,1.0,"98077",440000.0
1890,5,1.5,53,1.0,"98034",420000.0
2140,3,2.5,21,2.0,"98092",302000.0
1770,4,1.75,29,1.0,"98058",350000.0
3320,3,1.75,82,1.5,"98022",667000.0
1640,3,2.0,74,1.0,"98103",645000.0
1820,4,2.75,27,1.0,"98056",430000.0
1410,4,1.0,90,1.0,"98126",413000.0
1240,3,1.0,47,1.0,"98033",420000.0
1780,3,2.25,36,1.0,"98052",495000.0
4240,4,4.5,11,2.0,"98039",2187730.0
3570,4,2.5,25,2.0,"98075",965000.0
1900,4,2.5,7,1.0,"98133",500000.0
1010,3,1.0,96,1.5,"98119",636100.0
2870,4,2.5,29,2.0,"98029",720000.0
1620,3,1.75,53,1.0,"98003",298000.0
1480,2,1.75,90,1.0,"98117",409000.0
2650,4,2.5,10,2.0,"98042",370000.0
1410,5,1.0,48,1.0,"98023",230000.0
1360,3,2.0,63,1.0,"98155",290000.0
2930,4,2.25,38,1.0,"98023",420000.0
3500,4,2.5,20,2.0,"98027",917000.0
3160,5,3.25,10,2.0,"98199",957000.0
1710,3,2.25,26,2.0,"98074",482000.0
2180,3,1.75,25,2.0,"98045",488000.0
2870,5,2.5,1,2.0,"98006",760369.0
1500,2,1.0,65,1.0,"98168",170000.0
2120,3,2.5,39,1.0,"98006",625000.0
1590,3,1.5,39,1.0,"98034",357000.0
1830,3,2.25,26,1.0,"98074",583000.0
1210,3,2.0,61,1.0,"98168",173250.0
1590,4,2.0,59,1.5,"98133",414050.0
1050,3,1.75,87,1.5,"98116",400000.0
1550,3,2.0,33,1.5,"98074",537000.0
2070,4,2.25,38,2.0,"98034",465000.0
1740,3,2.25,46,1.0,"98056",425000.0
1700,4,2.0,75,1.0,"98052",445000.0
1200,2,1.0,57,1.0,"98023",179950.0
1710,3,2.5,19,2.0,"98003",275000.0
1840,4,2.5,21,2.0,"98001",190000.0
1900,3,1.75,33,1.0,"98118",385000.0
2300,4,1.0,87,1.0,"98024",303000.0
970,3,1.0,48,1.0,"98058",165000.0
1270,2,2.0,71,1.0,"98107",600000.0
3130,3,2.25,37,2.0,"98027",710000.0
4230,5,3.25,25,2.0,"98074",875000.0
1480,3,2.5,19,2.0,"98010",269950.0
3310,4,2.5,14,2.0,"98052",838000.0
1590,4,2.0,64,1.0,"98102",670500.0
1690,4,1.5,55,1.0,"98155",420000.0
1690,3,1.5,63,1.0,"98030",370000.0
1500,3,1.75,58,1.0,"98133",360000.0
2320,4,2.5,24,2.0,"98034",562500.0
3300,3,2.5,54,1.0,"98198",360500.0
1445,3,2.25,12,2.0,"98027",389999.0
1890,4,3.0,48,1.0,"98027",450000.0
1760,4,2.0,53,1.0,"98003",247500.0
1050,3,1.0,67,1.0,"98146",208000.0
1980,3,2.5,22,2.0,"98034",455000.0
2120,4,1.75,65,1.0,"98177",379400.0
760,3,1.5,109,1.0,"98065",190000.0
1300,3,1.0,38,1.0,"98053",326188.0
1160,2,2.5,17,2.0,"98106",168000.0
2340,4,2.5,12,2.0,"98038",314000.0
2710,4,2.75,15,2.0,"98027",630000.0
1440,3,1.75,58,1.0,"98008",550000.0
1980,4,2.25,34,2.0,"98074",530000.0
1680,3,1.75,49,1.0,"98033",637500.0
1390,3,2.5,16,2.0,"98126",400000.0
3100,5,2.75,65,2.0,"98125",700000.0
1680,3,2.5,24,2.0,"98022",272000.0
2710,4,2.5,11,2.0,"98065",600000.0
840,2,1.0,72,1.5,"98136",450600.0
2090,3,2.25,27,2.0,"98136",550000.0
1120,3,1.0,28,1.0,"98022",225000.0
1210,3,1.5,46,1.0,"98042",132825.0
1210,3,1.5,46,1.0,"98042",219950.0
1940,5,2.0,70,1.0,"98115",580000.0
1930,3,1.75,35,1.0,"98053",568000.0
1270,3,1.75,25,1.0,"98028",406000.0
1680,3,1.75,86,1.5,"98117",469000.0
2090,3,2.5,15,2.0,"98056",415000.0
1000,3,1.5,59,1.0,"98006",390000.0
1350,3,1.75,48,1.0,"98003",251000.0
3280,3,2.5,14,2.0,"98126",750000.0
2390,4,2.5,27,2.0,"98122",845000.0
1860,3,1.5,49,1.0,"98059",350000.0
1380,3,1.0,71,1.0,"98133",322000.0
3070,4,2.25,5,2.0,"98011",664500.0
2190,3,1.75,92,1.5,"98109",988000.0
1990,2,1.75,63,1.0,"98103",625000.0
930,2,1.0,64,1.0,"98006",675000.0
2070,3,1.75,48,1.0,"98027",503000.0
2170,4,2.25,55,1.0,"98166",431000.0
1910,3,1.75,51,1.0,"98031",250000.0
2100,4,2.5,9,2.0,"98031",268500.0
3560,6,3.25,63,2.0,"98177",1070000.0
2290,4,2.5,14,2.0,"98058",295000.0
2130,3,2.25,38,1.0,"98040",780000.0
2160,3,2.5,16,2.0,"98031",354000.0
860,2,1.0,66,1.0,"98133",305000.0
2880,5,2.75,10,2.0,"98052",733000.0
2100,4,2.75,47,1.0,"98004",640000.0
2360,4,2.5,42,1.0,"98040",840000.0
3680,5,3.25,88,1.5,"98105",1475000.0
1560,3,1.0,63,1.0,"98177",525000.0
1680,4,2.75,49,1.0,"98052",625000.0
1380,3,2.0,0,3.0,"98122",350000.0
2610,4,2.75,105,3.0,"98103",650000.0
870,2,1.0,65,1.0,"98126",435000.0
1210,3,1.0,60,1.0,"98006",660000.0
1150,3,1.0,45,1.0,"98053",350000.0
3110,3,2.5,48,1.0,"98106",435000.0
2550,6,1.5,57,1.0,"98023",375900.0
2430,3,3.0,32,1.0,"98003",272000.0
1460,3,1.75,36,1.0,"98023",233000.0
1330,4,1.5,100,1.5,"98116",500000.0
2040,4,1.75,38,1.0,"98155",540000.0
2375,3,2.5,13,2.0,"98052",712000.0
2480,4,2.5,10,2.0,"98059",425000.0
1580,3,1.75,71,1.0,"98168",242000.0
2740,5,3.25,38,1.0,"98011",515000.0
1920,4,1.75,45,2.0,"98056",415000.0
2200,3,2.75,38,1.0,"98003",375000.0
910,3,1.0,44,1.0,"98001",182500.0
1860,3,1.5,52,1.0,"98198",310000.0
1510,3,1.75,68,1.0,"98136",360000.0
3920,4,3.5,11,2.0,"98053",889000.0
1330,2,1.0,63,1.0,"98117",450500.0
1964,4,2.25,2,2.0,"98030",342000.0
1520,3,2.0,19,1.0,"98177",413000.0
3720,5,4.0,10,2.0,"98075",960000.0
770,2,1.0,68,1.0,"98155",180000.0
3210,4,2.5,20,2.0,"98074",770000.0
1070,3,1.75,21,1.0,"98010",224400.0
1430,3,1.5,59,1.0,"98188",280000.0
1670,3,2.5,15,2.0,"98027",500000.0
710,2,1.0,72,1.0,"98166",153000.0
1920,3,2.25,94,1.0,"98133",385000.0
750,2,1.0,68,1.0,"98177",325000.0
2210,4,3.0,11,2.0,"98002",315000.0
1660,4,2.5,21,2.0,"98030",294999.0
1910,3,1.75,52,1.5,"98001",175000.0
1910,3,1.75,52,1.5,"98001",299000.0
780,2,1.0,78,1.0,"98168",146000.0
1650,3,2.25,53,1.0,"98133",290000.0
3230,3,3.25,10,2.0,"98199",1776000.0
810,2,1.0,96,1.0,"98118",367500.0
2750,4,2.5,21,2.0,"98019",535000.0
1650,3,2.5,17,2.0,"98014",334999.0
1960,3,1.75,63,1.0,"98199",655000.0
2790,4,3.5,30,1.5,"98040",1298000.0
2230,4,2.25,38,1.0,"98011",480000.0
1280,3,1.5,74,1.0,"98126",465000.0
1240,3,2.0,48,1.0,"98058",297950.0
1860,3,2.0,100,1.5,"98122",590000.0
2410,4,2.75,65,1.0,"98107",805000.0
1960,3,2.25,31,1.0,"98023",204250.0
1710,3,2.25,21,2.0,"98029",500000.0
3480,4,2.5,38,1.0,"98042",490000.0
3480,4,3.75,64,1.0,"98004",2500000.0
2960,3,2.5,25,2.0,"98070",750000.0
2670,4,2.5,13,2.0,"98155",405000.0
700,2,1.0,62,1.0,"98056",209995.0
2830,4,2.5,17,2.0,"98075",680000.0
1120,3,1.75,67,1.0,"98125",355000.0
1310,2,1.0,73,1.0,"98168",280000.0
1710,3,2.25,37,1.0,"98028",385000.0
2200,4,2.75,53,1.0,"98006",505000.0
3310,4,3.25,24,2.0,"98003",429900.0
2280,4,2.5,26,2.0,"98034",560000.0
1640,3,2.0,38,1.0,"98042",231000.0
750,2,1.0,72,1.0,"98106",135000.0
3520,4,3.0,61,1.0,"98107",800000.0
2720,3,2.5,13,2.0,"98059",420000.0
1660,3,1.0,52,1.0,"98034",360000.0
2560,4,2.5,23,2.0,"98029",642000.0
1080,3,2.0,30,1.0,"98052",379950.0
2050,3,1.75,56,1.5,"98005",745000.0
2670,4,2.0,85,1.5,"98144",630000.0
1730,3,2.5,30,2.0,"98031",250000.0
990,3,1.0,47,1.0,"98072",275000.0
3560,6,3.0,58,1.0,"98118",435000.0
700,2,1.0,74,1.0,"98146",175000.0
1880,4,1.75,71,1.5,"98107",560000.0
1870,4,2.25,56,1.0,"98034",325000.0
2500,3,2.75,110,2.0,"98112",1185000.0
2570,3,2.5,26,2.0,"98031",399950.0
2940,4,2.5,24,2.0,"98059",752000.0
3930,4,3.5,12,2.0,"98072",1200000.0
2150,4,1.5,63,1.0,"98028",400000.0
1330,3,2.0,115,1.0,"98108",240000.0
3220,5,2.5,12,2.0,"98075",640000.0
2710,3,2.5,17,2.0,"98056",564450.0
1630,3,1.5,67,1.0,"98027",300000.0
1680,3,2.5,12,2.0,"98042",286000.0
1930,3,2.5,11,2.0,"98053",531800.0
2140,4,2.25,38,1.0,"98034",502000.0
4070,4,2.25,47,2.0,"98040",993500.0
1350,3,1.0,61,1.0,"98006",450000.0
4270,4,3.5,7,2.0,"98024",997950.0
1320,3,1.0,102,1.5,"98126",526000.0
2100,3,1.75,63,1.0,"98166",335000.0
710,2,1.0,89,1.0,"98168",187250.0
2350,3,2.25,67,1.0,"98115",735000.0
1180,3,1.0,64,1.0,"98125",425000.0
1250,3,1.0,70,1.0,"98038",110000.0
1490,3,2.0,21,1.0,"98059",305000.0
1000,3,1.0,53,1.0,"98055",212000.0
4050,5,4.25,36,1.0,"98040",1380000.0
2300,5,2.25,52,1.0,"98030",298950.0
1330,3,1.75,38,1.0,"98033",525000.0
3200,4,3.25,11,2.0,"98075",707000.0
2590,3,2.75,22,2.0,"98006",695000.0
2590,3,2.75,22,2.0,"98006",796500.0
2030,4,2.5,42,1.0,"98034",420000.0
2700,5,2.5,60,1.0,"98005",625000.0
1670,3,1.75,58,1.0,"98005",620000.0
3090,5,2.75,62,1.0,"98039",1450000.0
2650,5,2.5,31,2.0,"98077",549950.0
1440,4,2.0,72,1.0,"98056",275000.0
2820,3,2.5,36,1.0,"98177",705000.0
1690,3,1.75,39,1.0,"98001",197000.0
1420,3,1.75,24,1.0,"98031",265000.0
1790,4,1.75,64,1.0,"98166",297000.0
1320,3,1.75,45,1.0,"98042",207500.0
1509,3,2.5,1,3.0,"98133",410000.0
1610,3,2.0,21,1.0,"98031",268000.0
1550,4,1.75,48,1.0,"98022",330000.0
1160,3,1.0,98,1.0,"98177",417500.0
2500,4,2.25,36,2.0,"98006",760000.0
1540,3,2.5,20,3.0,"98119",499000.0
1910,4,2.5,28,2.0,"98027",620000.0
2340,3,2.5,23,2.0,"98030",315000.0
2060,3,2.5,21,2.0,"98033",624950.0
1960,3,2.25,54,1.0,"98027",525000.0
1150,2,1.5,33,2.0,"98034",300000.0
2330,4,2.75,38,1.0,"98023",299900.0
2210,3,2.5,49,1.0,"98030",299000.0
3260,4,2.75,47,1.0,"98039",1880000.0
1900,4,1.75,57,1.0,"98002",265000.0
1610,2,1.75,67,1.5,"98065",280000.0
1340,3,1.0,37,1.0,"98042",124740.0
3170,3,2.75,58,1.0,"98033",1085000.0
4440,8,3.5,56,2.0,"98112",1970000.0
1370,4,1.0,67,1.5,"98168",219000.0
1420,5,1.0,89,1.5,"98116",569950.0
1030,2,2.0,77,1.0,"98168",212500.0
1820,3,2.25,55,1.0,"98005",680000.0
2650,4,1.5,106,2.0,"98112",1457000.0
910,3,1.0,44,1.0,"98034",300000.0
1550,2,1.75,46,1.0,"98045",349900.0
2780,4,2.5,14,2.0,"98075",690000.0
4070,5,4.0,1,2.0,"98033",1454000.0
3240,3,2.5,28,2.0,"98040",1288000.0
3650,4,3.5,19,2.0,"98045",696000.0
2180,3,2.25,39,2.0,"98053",650000.0
2480,3,3.5,17,2.0,"98074",640000.0
3180,5,2.5,37,1.0,"98038",499950.0
3630,4,2.5,18,2.0,"98042",490000.0
3160,5,2.5,12,2.0,"98027",685000.0
1370,4,1.0,73,2.0,"98146",387500.0
1070,2,1.5,10,2.0,"98116",401750.0
2180,4,2.0,38,1.0,"98038",254950.0
2420,4,2.25,38,2.0,"98027",500000.0
3290,4,2.5,12,2.0,"98052",856500.0
1430,3,1.0,96,1.0,"98115",552000.0
1890,4,2.5,37,1.0,"98034",506500.0
1760,3,2.25,27,2.0,"98029",500000.0
2230,4,2.75,47,1.0,"98168",280000.0
1630,3,1.75,36,1.0,"98045",308000.0
2350,3,2.5,26,2.0,"98029",613500.0
1550,3,1.75,39,1.0,"98010",255000.0
3550,3,2.5,38,2.0,"98014",545000.0
2720,4,2.5,49,1.0,"98075",620000.0
1740,3,1.75,66,1.5,"98126",450000.0
1840,4,1.75,39,1.0,"98031",279000.0
2010,3,2.5,6,2.0,"98027",625000.0
1670,3,1.75,28,1.0,"98042",274950.0
1820,3,1.75,63,1.0,"98126",423000.0
720,2,1.0,65,1.0,"98028",350000.0
2370,4,1.75,47,1.0,"98001",305000.0
2120,3,1.75,49,1.0,"98198",368000.0
1290,3,1.75,31,1.0,"98023",232000.0
1800,4,3.0,15,2.0,"98108",250000.0
1230,3,1.75,49,1.0,"98058",220000.0
1380,3,2.0,29,1.0,"98107",435000.0
740,2,1.0,93,1.0,"98126",350000.0
1720,5,2.5,45,1.5,"98058",206325.0
1720,5,2.5,45,1.5,"98058",339000.0
2100,4,2.5,46,1.0,"98059",399000.0
1210,2,1.0,65,1.0,"98199",529000.0
2210,4,2.5,16,2.0,"98075",640000.0
2470,4,2.5,11,3.0,"98117",735000.0
2760,5,2.5,55,1.0,"98125",378000.0
2540,3,2.0,110,1.5,"98144",775000.0
5150,3,4.25,61,2.5,"98112",2250000.0
3420,4,4.5,1,3.0,"98103",1350000.0
2270,4,2.5,48,1.0,"98034",380000.0
2270,4,2.5,48,1.0,"98034",624900.0
1470,3,2.5,10,2.0,"98029",379770.0
1280,3,1.75,39,1.0,"98077",340000.0
2830,4,2.75,10,2.0,"98059",515500.0
1970,4,2.25,107,1.5,"98115",600000.0
1390,1,1.0,55,1.0,"98019",400000.0
1020,4,1.0,68,1.5,"98155",364000.0
2250,4,2.5,26,2.0,"98059",440000.0
800,2,1.0,61,1.0,"98125",285000.0
1560,3,1.0,100,1.5,"98112",669000.0
2100,4,2.0,53,1.0,"98125",475000.0
990,2,1.0,104,1.0,"98103",747000.0
1060,3,1.5,34,1.0,"98126",317000.0
1270,2,1.0,74,1.0,"98125",390000.0
2740,4,2.5,3,2.0,"98107",1070000.0
2470,4,2.75,55,1.0,"98107",1205000.0
1970,3,1.75,107,1.0,"98117",580000.0
2070,4,2.5,46,1.0,"98006",518000.0
1010,3,1.75,46,1.0,"98042",147500.0
2220,4,2.25,50,1.0,"98006",555000.0
1090,2,2.0,7,3.0,"98109",427500.0
4310,3,2.5,33,1.5,"98177",1735000.0
1490,3,2.5,13,2.0,"98042",265950.0
700,2,1.0,65,1.0,"98133",247500.0
1450,4,1.0,72,1.0,"98146",244000.0
2120,3,2.5,26,2.0,"98029",578550.0
1670,4,2.5,10,2.0,"98029",451000.0
1810,2,1.75,11,2.0,"98053",489000.0
710,2,1.0,100,1.0,"98014",190000.0
2540,3,3.0,37,1.0,"98072",475000.0
1420,3,2.0,110,1.5,"98103",485000.0
2440,3,2.75,28,2.0,"98027",530000.0
2570,4,2.5,21,2.0,"98030",379000.0
3090,5,2.5,51,2.0,"98004",1629000.0
2050,3,1.75,89,1.5,"98112",739000.0
920,3,1.0,46,1.0,"98042",189950.0
2320,4,3.0,16,2.0,"98029",637500.0
3450,3,3.0,66,1.0,"98177",2225000.0
1660,3,1.0,52,1.0,"98023",209950.0
1130,3,1.0,71,1.0,"98125",460000.0
2550,4,2.5,17,2.0,"98065",543500.0
2420,4,2.75,10,2.0,"98038",376000.0
1470,3,2.25,10,2.0,"98029",430000.0
2030,4,2.5,62,1.0,"98166",515000.0
2310,7,2.75,100,1.5,"98117",580000.0
3370,5,3.5,17,2.0,"98027",600000.0
1900,3,1.75,96,1.5,"98052",476800.0
1940,3,1.5,99,2.0,"98105",815000.0
2420,3,2.5,17,2.0,"98065",455600.0
1010,3,1.0,46,1.0,"98059",270000.0
2710,5,4.0,41,3.0,"98119",1200000.0
1340,2,1.5,112,1.5,"98119",525000.0
1310,3,1.75,36,1.0,"98198",242000.0
2650,4,2.5,55,1.0,"98029",715000.0
1890,3,2.75,16,2.0,"98065",475000.0
2580,4,3.0,16,2.0,"98058",370000.0
3500,4,2.75,10,2.0,"98053",788600.0
1040,2,1.0,103,1.0,"98032",160000.0
1930,5,1.75,85,2.0,"98014",800000.0
2190,4,3.0,23,2.0,"98029",520000.0
1530,3,1.75,30,2.0,"98136",725000.0
1480,4,1.0,101,1.5,"98118",335000.0
3620,4,2.5,22,1.0,"98075",919000.0
3370,3,2.75,29,2.0,"98092",425000.0
2100,5,2.5,32,1.0,"98155",420000.0
3370,4,3.0,34,2.0,"98072",905000.0
2240,2,1.0,75,1.0,"98118",435000.0
1650,3,2.5,12,2.0,"98053",438000.0
2630,4,2.75,21,2.0,"98052",725000.0
2330,4,1.75,91,2.0,"98105",840000.0
1970,3,2.5,37,2.0,"98052",425500.0
2820,3,2.5,30,1.0,"98034",853505.0
590,2,1.0,32,1.5,"98010",398000.0
2060,3,2.5,8,2.0,"98065",418500.0
1890,3,1.5,86,1.5,"98109",826000.0
2810,4,2.5,18,2.0,"98075",742000.0
1470,4,1.0,91,1.5,"98055",180000.0
2190,4,1.75,37,2.0,"98023",286000.0
1440,3,2.5,12,2.0,"98053",421200.0
2480,3,3.0,21,1.0,"98038",390000.0
2780,4,2.5,13,2.0,"98006",739000.0
2180,4,3.0,47,2.0,"98027",499900.0
3340,3,2.25,65,1.0,"98155",670000.0
2560,3,2.25,105,1.5,"98112",842500.0
1600,2,2.25,37,2.0,"98070",492500.0
2230,3,2.5,19,3.0,"98118",836500.0
900,2,1.0,70,2.0,"98199",334000.0
1010,3,1.0,38,1.0,"98042",179900.0
1580,3,2.0,75,1.0,"98103",563000.0
1890,3,2.5,12,2.0,"98038",310000.0
2160,4,2.25,50,1.0,"98133",335000.0
2160,4,2.25,50,1.0,"98133",499950.0
1410,2,1.0,88,1.5,"98103",658500.0
1430,2,1.5,16,3.0,"98125",297000.0
2380,6,1.75,98,2.0,"98105",725000.0
2206,3,2.25,32,1.0,"98074",780000.0
1030,3,1.0,68,1.0,"98125",252500.0
1070,3,2.5,10,2.0,"98102",330000.0
2320,3,2.5,25,1.0,"98011",525000.0
1270,2,1.75,33,1.0,"98074",365000.0
2570,4,3.0,85,2.0,"98116",500000.0
920,3,1.0,46,1.0,"98042",179950.0
1790,3,2.0,8,1.0,"98045",440000.0
480,1,0.75,67,1.0,"98146",145000.0
2483,4,3.0,10,2.0,"98030",331000.0
2140,3,2.25,110,2.0,"98103",780000.0
1900,3,1.75,50,1.0,"98103",855000.0
1650,3,2.25,29,1.0,"98003",225000.0
1510,3,1.0,49,1.0,"98003",199000.0
2910,3,1.75,36,1.5,"98075",550000.0
4960,4,4.25,106,2.5,"98109",1425000.0
2710,3,2.0,86,1.5,"98115",805000.0
1810,3,1.5,32,1.0,"98042",261000.0
940,3,1.0,47,1.0,"98052",347000.0
1600,3,2.25,36,1.0,"98034",390000.0
2640,4,2.5,15,2.0,"98011",436000.0
3890,5,3.25,38,1.0,"98004",1802750.0
1630,3,2.5,11,3.0,"98107",557000.0
830,3,1.0,56,1.0,"98032",135000.0
1800,3,2.5,22,2.0,"98019",425000.0
2060,3,2.25,51,1.0,"98040",648752.0
4040,4,3.0,43,1.0,"98004",1388000.0
1910,4,2.75,38,1.0,"98033",630100.0
2800,4,2.5,16,2.0,"98014",739000.0
1320,3,1.5,29,2.0,"98133",269000.0
1220,3,1.0,73,1.0,"98056",250000.0
3100,5,2.75,8,2.0,"98065",475000.0
550,1,1.0,99,1.0,"98117",290000.0
1080,3,1.0,62,1.5,"98002",219000.0
880,2,1.0,97,1.0,"98117",416000.0
720,2,1.0,66,1.0,"98188",179000.0
2030,4,2.75,27,1.0,"98003",302000.0
2040,4,2.0,54,2.0,"98033",565000.0
1570,3,1.0,53,1.0,"98031",281700.0
1500,2,1.0,113,1.0,"98103",480000.0
3180,4,2.5,27,2.0,"98027",775000.0
1260,3,1.75,68,1.0,"98155",375000.0
1390,3,1.5,36,2.0,"98045",345000.0
2850,3,3.0,38,1.0,"98055",300000.0
2070,4,2.5,13,2.0,"98058",364950.0
2650,3,3.25,59,1.0,"98056",410000.0
1220,3,1.75,37,1.0,"98023",231000.0
1630,3,2.0,28,1.0,"98056",445000.0
1785,2,2.5,40,2.0,"98004",530000.0
1260,3,2.5,7,2.0,"98144",353500.0
1380,3,1.5,55,1.0,"98003",209950.0
2330,3,1.75,65,1.0,"98118",650000.0
840,2,1.0,67,1.0,"98126",325000.0
1730,3,2.25,37,1.0,"98030",257000.0
2230,4,2.5,13,2.0,"98042",337000.0
1790,3,2.5,10,2.0,"98029",541000.0
2280,3,2.5,31,2.0,"98074",577500.0
2430,3,2.5,37,1.0,"98136",560000.0
3730,5,3.0,88,1.5,"98102",979700.0
2230,5,3.0,55,1.0,"98008",750000.0
770,2,1.0,92,1.0,"98102",407500.0
1814,4,1.75,64,1.0,"98115",530000.0
1920,4,1.75,38,1.0,"98002",235000.0
1860,4,2.5,87,1.5,"98117",715000.0
2750,5,3.0,58,1.0,"98008",795000.0
1930,4,2.5,47,1.0,"98023",465000.0
1950,3,2.5,25,2.0,"98001",287600.0
2470,6,3.0,33,2.0,"98007",630000.0
1630,3,2.25,29,1.0,"98011",445000.0
2110,4,2.25,37,1.0,"98072",490000.0
1490,3,1.75,61,1.0,"98136",565000.0
1740,3,2.5,7,2.0,"98106",330000.0
1900,4,2.75,54,1.0,"98178",463000.0
4510,5,4.0,46,2.0,"98040",1870000.0
1090,3,1.0,103,1.5,"98002",219500.0
1720,3,1.75,56,1.0,"98125",622200.0
1400,2,3.25,15,3.0,"98103",474800.0
2090,4,2.5,50,1.0,"98133",465000.0
1580,3,1.75,49,1.0,"98177",389950.0
2620,4,2.5,31,2.0,"98052",650000.0
1500,3,2.0,12,1.0,"98144",395000.0
2030,4,2.5,14,2.0,"98031",304500.0
1020,3,1.0,66,1.0,"98155",307000.0
1540,3,2.5,77,1.0,"98038",485000.0
3910,5,3.0,55,1.0,"98004",1562000.0
3920,5,4.25,60,2.0,"98006",650500.0
3180,4,2.5,29,2.0,"98040",960000.0
2330,3,2.5,18,2.0,"98006",710000.0
2600,3,2.5,103,1.5,"98146",540000.0
1950,4,1.75,64,1.0,"98115",601000.0
3250,5,1.75,50,1.0,"98055",463828.0
1130,4,1.0,71,1.5,"98166",293000.0
2620,3,2.5,13,2.0,"98053",597500.0
1120,2,1.0,83,1.0,"98045",240000.0
1800,3,1.75,47,1.0,"98014",284000.0
2180,4,1.75,49,1.0,"98028",440000.0
1960,3,1.75,67,1.0,"98106",340000.0
1960,3,1.75,67,1.0,"98106",363000.0
1150,2,1.0,105,1.0,"98144",270000.0
2800,4,2.5,18,2.0,"98042",365000.0
1310,3,2.0,29,1.0,"98103",428000.0
2340,3,1.75,27,1.0,"98053",600000.0
1430,3,2.5,55,1.0,"98033",405000.0
2340,4,2.5,34,1.0,"98003",339900.0
1290,3,1.0,59,1.0,"98166",275000.0
760,2,1.0,74,1.0,"98115",361600.0
2780,6,2.0,60,2.5,"98030",325000.0
2090,3,2.0,84,1.5,"98112",1050000.0
3060,4,3.0,58,1.0,"98008",959750.0
1110,3,1.0,53,1.0,"98146",210000.0
1790,3,2.0,17,1.5,"98001",258000.0
1830,3,1.5,53,1.0,"98056",468000.0
2850,4,3.5,110,2.0,"98115",710000.0
1420,3,1.0,74,1.0,"98146",268000.0
790,2,1.0,85,1.0,"98146",115000.0
2300,3,2.5,17,2.0,"98034",500000.0
2440,3,2.5,19,1.0,"98022",431000.0
1310,3,2.0,20,1.0,"98030",241500.0
1380,3,1.0,52,1.0,"98031",300000.0
2790,4,2.5,28,2.0,"98006",982000.0
1360,3,2.5,27,2.0,"98003",248500.0
2510,4,2.5,17,2.0,"98075",665000.0
4560,3,3.0,14,2.0,"98034",1215000.0
780,2,1.0,97,1.0,"98126",380000.0
1410,3,2.0,75,1.0,"98178",220000.0
2530,4,2.0,105,1.5,"98116",631500.0
1270,3,2.0,43,1.0,"98034",386100.0
3180,4,4.5,86,2.0,"98199",1050000.0
1450,2,1.75,112,1.5,"98105",650000.0
2040,4,1.75,56,1.0,"98038",545000.0
2650,4,2.5,31,2.0,"98006",870000.0
1240,3,1.75,42,1.0,"98133",380000.0
820,2,1.0,58,1.0,"98055",265000.0
1890,2,1.0,106,1.5,"98117",645500.0
1270,3,2.0,104,2.0,"98117",570000.0
3350,4,2.5,20,1.0,"98006",1200000.0
1550,2,1.0,88,1.5,"98112",605000.0
920,3,1.0,53,1.0,"98001",199500.0
950,2,1.0,74,1.0,"98144",445000.0
2040,4,1.75,98,1.0,"98144",495000.0
1870,4,1.75,78,2.0,"98115",594000.0
1720,3,1.75,72,1.0,"98199",465000.0
1020,2,1.0,100,1.0,"98022",160000.0
2690,4,2.5,17,2.0,"98092",340000.0
3090,4,2.0,25,1.0,"98052",870000.0
1070,3,1.5,75,1.0,"98106",249000.0
2050,4,2.25,21,2.0,"98033",500000.0
1660,3,1.5,34,2.0,"98001",220000.0
2810,5,1.75,50,1.0,"98055",368500.0
2460,4,2.25,38,1.0,"98042",439950.0
1230,3,1.75,45,1.0,"98001",179900.0
2360,4,2.5,12,2.0,"98011",490000.0
1730,4,1.75,60,1.0,"98004",425000.0
2770,4,2.5,24,2.0,"98045",533300.0
1770,4,2.0,91,2.0,"98118",447500.0
3030,5,2.75,35,2.0,"98007",768000.0
2380,3,1.75,80,1.5,"98178",285000.0
1780,3,1.75,36,1.0,"98019",336900.0
1540,4,1.5,48,2.0,"98034",415000.0
1580,3,2.25,21,2.0,"98029",500000.0
3200,4,2.5,12,2.0,"98042",337000.0
2220,4,2.5,13,2.0,"98059",419950.0
2240,4,2.75,69,2.0,"98133",290000.0
1640,2,1.75,67,1.0,"98118",349950.0
1170,3,1.5,55,1.0,"98007",330000.0
3160,4,2.25,34,1.0,"98072",965000.0
2100,3,2.5,29,2.0,"98052",515000.0
2600,4,2.5,19,2.0,"98059",665000.0
1630,3,1.75,30,1.5,"98198",265000.0
2850,3,2.0,11,1.0,"98023",545400.0
2560,4,3.0,11,2.0,"98092",350000.0
980,2,1.5,14,2.0,"98133",260000.0
5480,3,3.25,24,2.0,"98166",2510000.0
2160,3,2.0,15,1.5,"98003",355000.0
3030,3,3.0,86,1.5,"98119",879000.0
3560,4,3.5,9,2.0,"98052",833000.0
760,2,1.0,72,1.0,"98178",261590.0
2260,3,3.0,106,2.0,"98122",512500.0
1560,2,1.75,69,1.0,"98199",600000.0
2270,5,3.0,20,1.0,"98125",417500.0
3480,5,3.0,51,2.0,"98040",970000.0
1900,3,2.25,23,2.0,"98038",316000.0
2350,4,3.0,26,1.0,"98031",397500.0
2390,3,2.5,63,1.0,"98199",1350000.0
3730,4,2.5,18,2.0,"98075",840000.0
1780,2,1.0,61,1.0,"98001",270000.0
1630,4,2.5,12,2.0,"98038",312900.0
1130,2,1.0,70,1.5,"98155",325000.0
2140,3,1.75,63,1.0,"98199",680000.0
3220,4,2.5,21,2.0,"98075",763000.0
800,1,1.0,65,1.5,"98038",375000.0
1800,3,2.5,11,2.0,"98118",475000.0
809,2,2.5,12,2.0,"98136",219000.0
1820,3,2.25,38,1.0,"98074",415000.0
580,2,1.0,72,1.0,"98178",90000.0
580,2,1.0,72,1.0,"98178",220000.0
2900,3,2.0,56,1.0,"98116",616000.0
1140,2,1.0,47,1.0,"98022",269500.0
1060,2,1.0,98,1.0,"98117",395350.0
2320,4,3.0,72,1.0,"98040",770000.0
3450,4,2.5,15,2.0,"98072",840000.0
1760,2,1.0,65,1.0,"98126",428950.0
3370,4,3.75,10,2.0,"98052",800000.0
1940,4,1.0,68,1.5,"98177",401000.0
2520,4,2.0,60,1.0,"98125",303697.0
1360,3,1.0,59,1.0,"98125",355000.0
800,2,1.0,55,1.0,"98117",350000.0
3010,4,2.5,23,2.0,"98075",754999.0
2340,3,1.75,27,2.0,"98102",982218.0
1780,3,2.0,23,1.0,"98059",406500.0
4200,4,3.25,22,2.0,"98024",1650000.0
1720,2,1.75,90,1.0,"98103",565000.0
830,2,1.0,95,1.0,"98118",160000.0
1090,3,1.0,61,1.0,"98146",220000.0
5040,5,4.25,11,2.0,"98059",1284000.0
3500,5,2.75,88,2.0,"98126",970000.0
1080,3,1.0,65,1.0,"98168",115000.0
1080,3,1.0,65,1.0,"98168",124000.0
1080,3,1.0,65,1.0,"98168",157000.0
870,3,1.0,46,1.0,"98042",183000.0
2830,4,2.5,15,2.0,"98056",527000.0
1880,4,2.0,37,2.0,"98014",407193.0
3600,4,2.75,11,2.0,"98199",970000.0
2340,4,2.5,94,2.0,"98146",535000.0
2040,3,2.0,105,1.0,"98168",245000.0
1310,3,1.75,22,1.0,"98059",337000.0
1470,3,2.0,65,1.0,"98033",630000.0
1370,3,1.75,32,1.0,"98003",320000.0
1080,3,1.0,73,1.5,"98146",228500.0
1990,3,2.5,25,2.0,"98023",293000.0
1310,3,1.0,57,1.0,"98008",447000.0
1640,3,1.75,27,1.0,"98042",226500.0
1770,3,2.25,39,1.0,"98072",436000.0
2050,3,2.5,10,2.0,"98072",451000.0
1170,3,1.0,29,2.0,"98045",315000.0
1340,2,1.0,64,1.0,"98125",450000.0
2240,3,1.5,60,1.0,"98117",635000.0
880,2,1.0,64,1.0,"98031",292500.0
2170,3,2.5,11,2.0,"98038",329900.0
1260,2,1.5,89,1.5,"98115",531000.0
1880,3,1.75,48,1.0,"98004",725000.0
1620,3,2.5,60,1.0,"98133",355300.0
1610,3,2.5,19,2.0,"98003",280000.0
3330,4,2.75,20,2.0,"98033",1095000.0
1370,4,2.0,64,2.0,"98199",605004.0
690,2,1.0,66,1.0,"98118",260000.0
3170,4,2.5,90,2.0,"98103",748000.0
1990,2,2.0,74,1.0,"98115",776000.0
1080,4,1.0,91,1.5,"98103",425000.0
1870,4,1.0,87,1.5,"98118",230000.0
1670,3,1.75,57,1.0,"98155",418000.0
2800,4,2.5,14,2.0,"98038",440000.0
3460,5,2.75,4,2.0,"98074",858450.0
1930,3,2.0,46,1.0,"98045",390000.0
2370,4,3.0,46,2.0,"98107",957000.0
1180,3,1.0,65,1.0,"98115",507000.0
1320,2,1.0,87,1.5,"98107",575000.0
1350,3,1.75,90,1.5,"98103",700000.0
1068,2,1.5,25,2.0,"98028",239950.0
1580,3,1.0,37,1.0,"98030",253000.0
1690,4,1.0,108,1.5,"98199",540000.0
5120,3,4.0,7,3.0,"98034",1550000.0
3960,4,2.5,15,2.0,"98077",805000.0
2420,4,3.25,104,1.5,"98105",920000.0
1910,3,2.5,27,2.0,"98029",496600.0
1440,3,2.25,32,1.0,"98023",246000.0
2320,5,3.0,52,1.0,"98106",350000.0
1670,3,2.0,84,1.5,"98117",585000.0
1390,3,1.75,49,1.0,"98033",450000.0
2620,3,2.5,23,2.0,"98006",746000.0
3040,3,2.5,11,2.0,"98056",598555.0
2990,3,2.5,39,1.0,"98198",820000.0
1740,3,2.25,17,1.0,"98038",266500.0
2360,2,1.0,68,1.0,"98022",370000.0
2240,3,2.75,114,2.5,"98102",625000.0
1610,4,2.0,36,1.0,"98198",243500.0
700,2,1.0,70,1.0,"98103",340000.0
2730,5,3.0,1,1.0,"98155",559950.0
1780,3,2.75,35,1.0,"98003",315000.0
3070,3,2.5,12,2.0,"98053",753000.0
2060,3,3.0,108,2.0,"98102",800000.0
1360,3,2.25,81,1.5,"98115",550000.0
1430,3,2.0,62,1.0,"98033",465000.0
1840,3,2.25,12,2.0,"98034",465000.0
2000,4,2.25,39,2.0,"98006",710000.0
1820,3,2.5,27,2.0,"98074",505000.0
2330,3,1.75,51,2.0,"98034",690000.0
1070,2,2.0,35,1.0,"98031",217500.0
930,2,1.0,106,1.0,"98115",500000.0
1040,2,2.0,94,1.0,"98155",325000.0
1960,4,2.25,31,2.0,"98074",500000.0
2970,3,3.25,24,2.0,"98024",721500.0
2200,3,1.5,83,1.5,"98199",924000.0
3810,6,4.5,46,1.0,"98177",2005000.0
830,2,1.5,6,2.0,"98144",345000.0
3920,4,3.5,16,2.0,"98065",825000.0
2870,3,2.0,35,1.0,"98027",560000.0
2560,3,2.0,28,1.0,"98052",599000.0
1350,3,1.5,74,1.0,"98166",211000.0
1240,4,2.25,41,1.0,"98056",425000.0
3210,4,2.75,39,1.0,"98177",750000.0
1690,3,2.5,12,2.0,"98053",479000.0
2550,4,2.5,23,2.0,"98029",612500.0
3240,5,1.75,52,2.0,"98029",605000.0
3560,4,2.5,14,2.0,"98033",1364000.0
2160,3,2.5,8,1.0,"98042",389900.0
3060,4,2.5,9,2.0,"98059",710000.0
1690,3,2.5,23,2.0,"98038",295000.0
1520,3,2.25,23,2.0,"98038",275250.0
2040,4,2.5,21,2.0,"98038",250000.0
2360,3,2.0,64,1.0,"98177",709000.0
1360,4,1.75,87,1.5,"98126",399500.0
2000,3,2.5,23,2.0,"98038",225000.0
1650,3,2.5,14,2.0,"98075",500000.0
2500,3,3.0,18,2.0,"98031",364900.0
1140,3,1.5,39,1.0,"98074",356000.0
2140,3,1.5,37,1.5,"98106",616750.0
2870,3,2.75,31,2.0,"98008",755000.0
830,2,1.0,65,1.0,"98155",327500.0
1960,3,2.25,31,2.0,"98074",605000.0
1130,4,1.5,47,1.0,"98042",179950.0
3630,5,2.75,15,2.0,"98058",633000.0
1764,4,2.0,73,1.0,"98058",349950.0
2770,3,2.75,56,1.0,"98199",1080000.0
2650,3,2.5,13,2.0,"98001",425000.0
2500,3,2.75,36,2.0,"98122",990000.0
2710,3,1.0,65,2.0,"98166",410000.0
2490,3,2.25,40,2.0,"98006",590000.0
1500,3,1.75,36,1.0,"98003",242000.0
1160,3,2.0,84,1.0,"98075",775000.0
1880,4,1.5,61,1.0,"98146",680000.0
1340,3,2.5,13,2.0,"98002",217000.0
1960,3,2.5,16,2.0,"98059",395000.0
2030,3,2.25,31,1.0,"98059",572500.0
2200,5,3.0,28,1.0,"98125",559900.0
2540,3,2.0,85,1.5,"98117",845000.0
1520,3,2.0,22,1.0,"98023",241000.0
2360,3,2.25,102,2.0,"98122",1325000.0
1340,3,1.75,96,1.5,"98144",475000.0
1400,2,1.5,75,2.0,"98103",575000.0
3030,4,2.75,56,1.0,"98042",455000.0
3200,3,2.5,15,1.0,"98077",839000.0
1580,4,1.5,60,1.0,"98007",475000.0
2120,2,1.0,92,1.0,"98118",600000.0
1640,2,1.0,78,1.0,"98199",515000.0
1890,3,2.25,38,1.0,"98034",425000.0
1710,4,2.0,108,1.5,"98122",565000.0
1140,2,2.0,91,1.0,"98033",498000.0
2720,4,3.0,96,2.0,"98115",739000.0
1650,2,1.75,68,1.0,"98108",355000.0
1790,3,1.75,36,1.0,"98023",263000.0
1680,4,1.75,67,1.5,"98125",375000.0
2200,3,1.75,51,1.0,"98056",322000.0
830,2,1.0,74,1.0,"98103",325000.0
770,2,1.0,72,1.0,"98136",290000.0
3280,4,2.5,14,2.0,"98074",809950.0
2080,3,3.25,31,2.0,"98122",969500.0
2790,4,2.5,26,2.0,"98077",665000.0
4150,5,3.5,9,2.0,"98003",635000.0
1780,3,2.25,28,2.0,"98038",272450.0
1460,4,1.75,48,1.0,"98008",427000.0
1410,3,1.0,57,1.0,"98056",261500.0
2170,4,2.25,39,1.0,"98006",488800.0
690,2,1.0,97,1.0,"98136",340000.0
3000,4,3.0,12,2.0,"98042",398950.0
870,3,1.0,46,1.0,"98042",217000.0
3170,4,2.5,37,1.0,"98072",799000.0
1540,4,1.0,46,1.0,"98023",160000.0
1270,3,1.0,47,1.0,"98052",447000.0
2190,3,1.75,58,1.0,"98136",765000.0
4410,4,3.5,26,2.0,"98006",1320000.0
2790,4,2.5,11,2.0,"98058",445000.0
1510,3,1.0,62,1.0,"98118",310000.0
1800,2,1.75,63,1.0,"98056",380000.0
2410,4,1.0,58,1.0,"98108",325000.0
2250,4,2.75,40,1.0,"98058",345000.0
950,3,1.0,86,1.5,"98106",300000.0
2860,4,1.75,37,1.0,"98077",530000.0
2860,4,1.75,37,1.0,"98077",583500.0
1560,2,1.0,61,1.0,"98155",410000.0
1940,2,1.5,78,1.0,"98117",535000.0
3580,4,3.25,100,1.5,"98125",2050000.0
2040,4,2.5,16,2.0,"98148",345000.0
1700,5,1.0,61,1.5,"98033",539000.0
3700,4,2.5,42,1.0,"98006",590000.0
1050,2,1.75,41,1.0,"98198",187000.0
1690,3,2.0,46,1.0,"98059",270000.0
1120,2,1.0,76,1.0,"98115",546000.0
1490,3,1.75,7,2.0,"98199",520000.0
2220,5,2.0,90,1.5,"98144",515000.0
2160,3,2.5,76,1.5,"98105",990000.0
870,2,1.0,78,1.0,"98106",382000.0
1900,3,1.75,59,1.0,"98004",1210000.0
3370,4,3.5,7,2.0,"98126",900000.0
3370,3,2.75,105,1.5,"98136",675000.0
880,2,1.0,106,1.0,"98107",460000.0
940,2,1.0,63,1.0,"98198",234000.0
1340,3,1.0,41,1.0,"98034",399000.0
1440,3,1.5,56,1.0,"98042",253500.0
1750,3,1.5,63,1.0,"98033",475000.0
3990,5,3.5,11,2.0,"98118",740000.0
2860,3,2.5,15,2.0,"98199",799000.0
1940,4,2.5,12,2.0,"98058",390000.0
1400,2,1.5,68,1.0,"98155",421000.0
1770,3,2.5,28,2.0,"98042",296500.0
1710,4,2.0,89,1.5,"98112",895000.0
2810,4,2.5,12,2.0,"98092",386000.0
1580,3,1.0,60,1.0,"98155",424000.0
1580,3,1.0,89,1.5,"98117",749000.0
1440,3,1.0,78,1.5,"98115",523000.0
2420,4,2.5,17,2.0,"98003",389000.0
1930,4,1.5,69,1.0,"98198",270000.0
1190,3,1.0,72,1.0,"98059",275000.0
2240,4,2.5,36,1.0,"98001",287500.0
2550,2,2.5,22,2.5,"98092",345000.0
920,2,1.0,105,1.0,"98103",427000.0
1520,4,1.75,60,1.0,"98006",508450.0
1460,3,2.0,103,1.5,"98103",705000.0
1900,1,1.5,38,1.5,"98027",550000.0
1430,3,1.5,60,1.0,"98006",380000.0
2500,3,2.5,14,2.0,"98065",539900.0
720,2,1.0,72,1.0,"98027",330000.0
1140,2,1.0,68,1.0,"98115",455000.0
3530,4,4.0,23,2.0,"98023",510000.0
1220,3,2.0,45,1.0,"98059",315000.0
1320,3,1.0,48,1.0,"98002",206000.0
2170,4,3.0,47,1.0,"98052",592500.0
2020,3,2.5,34,2.0,"98033",744000.0
1990,3,2.5,26,2.0,"98042",334500.0
2660,4,2.0,92,1.5,"98112",886000.0
2360,4,2.5,42,1.0,"98052",600000.0
2740,3,2.0,16,1.0,"98045",850000.0
1360,3,1.75,77,1.0,"98116",550000.0
1230,2,1.0,104,1.0,"98022",184900.0
1260,3,1.5,60,1.0,"98148",245000.0
1040,2,1.0,69,1.0,"98112",370000.0
2700,4,2.5,37,1.0,"98011",480000.0
1800,3,1.75,109,2.0,"98103",579000.0
1590,3,1.5,51,1.0,"98133",339275.0
1360,3,2.75,60,1.0,"98022",425000.0
1370,3,1.75,56,1.0,"98168",170000.0
3320,4,2.5,20,2.0,"98006",950000.0
2980,4,2.5,38,1.0,"98006",623000.0
1350,3,2.5,10,3.0,"98117",477000.0
1160,3,1.0,48,1.0,"98077",330000.0
1480,3,2.25,101,2.0,"98122",600000.0
1640,3,2.0,91,1.0,"98144",570000.0
2680,4,2.5,11,2.0,"98065",515000.0
2440,4,2.25,63,1.0,"98115",805000.0
2920,4,2.5,18,2.0,"98038",555000.0
1780,3,2.25,30,2.0,"98030",245000.0
2170,4,2.5,37,1.0,"98027",638150.0
5550,4,4.5,12,2.0,"98040",1650000.0
2060,4,2.5,47,1.0,"98042",269950.0
1050,3,1.5,46,1.0,"98042",195000.0
790,2,1.0,71,1.0,"98178",159100.0
1010,3,1.0,73,1.0,"98033",550000.0
1040,2,1.0,65,1.0,"98118",299000.0
3130,4,3.5,1,2.0,"98103",1375000.0
900,2,1.0,64,1.0,"98055",249500.0
1470,4,1.0,97,1.5,"98112",700000.0
1080,4,1.0,115,1.5,"98030",275000.0
2440,3,2.25,53,1.0,"98028",565000.0
2520,4,1.75,59,1.0,"98133",425000.0
1760,4,1.75,69,1.0,"98119",620047.0
1820,3,2.25,38,1.0,"98075",480000.0
1820,3,2.25,38,1.0,"98075",515000.0
3040,4,2.5,16,2.0,"98092",420000.0
3490,5,3.25,58,1.0,"98006",610000.0
2440,4,1.5,65,1.0,"98177",849000.0
2280,3,1.75,66,2.0,"98125",718000.0
1980,3,2.25,41,1.0,"98023",295000.0
2360,5,1.75,75,1.0,"98107",871000.0
3890,3,3.75,72,1.0,"98178",430000.0
2300,4,2.5,54,1.0,"98028",440000.0
910,2,1.0,73,1.0,"98115",405000.0
1140,3,2.0,21,1.0,"98045",340000.0
2390,4,2.5,9,2.0,"98074",675000.0
1150,3,1.0,72,1.0,"98126",480000.0
2330,5,2.0,54,1.0,"98133",362500.0
2420,3,2.5,28,2.0,"98007",752888.0
960,4,1.75,66,1.0,"98118",255000.0
1010,1,1.75,47,1.0,"98019",283700.0
2370,4,2.5,14,2.0,"98030",335000.0
2880,3,1.75,57,1.0,"98168",285000.0
2400,4,2.25,51,1.5,"98148",278000.0
3670,5,2.5,42,1.5,"98052",731000.0
1140,3,1.5,30,1.0,"98045",335000.0
1410,3,1.75,35,1.0,"98019",334200.0
1530,6,1.0,94,1.5,"98115",642000.0
1720,4,1.75,90,1.5,"98144",540000.0
1620,3,2.5,55,1.0,"98022",299000.0
1570,3,1.75,75,1.0,"98116",560000.0
1990,5,2.75,102,1.5,"98107",852000.0
930,2,1.0,74,1.0,"98126",306000.0
1550,3,1.75,34,1.0,"98034",440000.0
1650,4,1.0,49,1.0,"98008",517000.0
800,2,1.0,75,1.0,"98115",379000.0
930,2,1.0,96,1.0,"98027",360000.0
2550,4,1.5,89,1.5,"98115",645000.0
720,2,1.0,73,1.0,"98056",217000.0
620,2,1.0,74,1.0,"98126",255000.0
2360,3,2.5,28,2.0,"98029",625000.0
1760,3,1.75,55,1.0,"98136",680000.0
2100,3,1.75,58,1.0,"98155",440000.0
2480,5,2.25,37,2.0,"98074",615000.0
1040,3,1.0,73,2.0,"98146",239000.0
1656,3,2.5,30,1.0,"98070",462500.0
2090,4,2.0,88,1.5,"98115",619400.0
2520,6,2.75,61,2.0,"98146",975000.0
700,2,1.0,72,1.0,"98136",330000.0
4030,4,3.25,27,2.0,"98077",985000.0
760,2,1.0,69,1.0,"98103",430000.0
6500,4,5.25,14,2.0,"98039",2458000.0
1840,3,2.0,69,2.0,"98033",778000.0
1090,3,2.0,25,1.0,"98042",219000.0
2980,4,2.5,87,1.5,"98034",1595000.0
1900,4,2.25,49,1.0,"98040",715000.0
2790,4,2.5,51,2.0,"98040",950000.0
1280,2,1.0,64,1.0,"98115",425000.0
1510,3,1.0,53,1.0,"98003",239000.0
920,1,1.0,71,1.5,"98011",310000.0
700,2,1.0,88,1.0,"98115",400000.0
1980,2,1.75,38,2.0,"98070",428000.0
1440,3,1.0,86,1.5,"98117",600000.0
2740,4,4.0,25,2.0,"98042",415000.0
1400,2,1.0,66,1.0,"98133",401000.0
2270,3,1.75,67,1.0,"98168",292000.0
1310,3,2.25,65,1.0,"98166",291750.0
1680,3,1.75,47,1.0,"98023",227000.0
2260,3,2.25,38,1.0,"98005",675000.0
1350,3,2.25,8,2.0,"98144",397500.0
1820,2,1.5,94,2.0,"98168",206000.0
3380,3,3.5,7,3.0,"98122",1190000.0
2140,4,1.75,56,1.0,"98010",360000.0
2430,4,2.5,5,2.0,"98059",427500.0
940,2,1.0,72,1.0,"98146",115000.0
2070,3,1.5,67,1.0,"98117",559000.0
1510,4,1.0,109,1.5,"98103",420000.0
2550,4,1.75,33,1.0,"98072",550000.0
700,2,1.0,67,1.0,"98133",282150.0
1150,3,1.0,105,1.0,"98118",260000.0
2340,3,2.5,11,2.0,"98065",428000.0
1510,3,3.25,8,3.0,"98133",319950.0
2070,3,2.0,69,1.0,"98039",1350000.0
1150,2,1.0,91,1.0,"98115",552000.0
2190,4,2.75,86,1.5,"98115",637000.0
1980,4,1.75,37,1.0,"98023",213000.0
960,3,1.0,57,1.0,"98166",215000.0
2180,3,1.75,66,1.0,"98199",590000.0
2560,4,2.5,26,2.0,"98038",390000.0
2270,4,2.25,56,1.0,"98198",287000.0
3550,5,2.75,55,2.0,"98033",580000.0
1330,3,2.0,27,1.0,"98029",424000.0
2110,4,2.5,27,2.0,"98029",610000.0
3470,4,3.25,26,1.0,"98006",1320000.0
1550,4,3.0,97,1.0,"98107",623500.0
570,2,1.0,79,1.0,"98070",260000.0
2030,3,2.5,2,3.0,"98112",906000.0
1500,3,2.0,28,1.0,"98019",330000.0
920,2,1.0,60,1.0,"98106",275000.0
1470,3,1.0,62,1.0,"98155",290000.0
1150,2,1.0,98,1.0,"98103",599950.0
4180,4,3.0,29,2.0,"98038",550000.0
1690,3,1.75,28,1.0,"98055",289000.0
2150,4,2.75,39,1.0,"98056",411000.0
2330,3,3.25,51,1.0,"98144",826000.0
2680,4,2.0,72,2.0,"98056",400000.0
1740,3,2.5,7,2.0,"98106",342000.0
1320,2,1.75,60,1.0,"98199",475000.0
3150,4,3.5,1,2.0,"98105",1205000.0
2480,4,3.0,102,1.0,"98166",455000.0
3330,4,3.0,57,1.0,"98103",850000.0
1010,3,1.0,44,1.0,"98023",185000.0
4920,6,3.25,55,1.0,"98118",850000.0
1570,4,1.75,55,1.0,"98198",239900.0
3580,5,3.75,16,2.0,"98027",765000.0
2220,3,1.75,48,1.0,"98072",437000.0
1010,3,1.5,46,1.0,"98032",240000.0
1440,2,1.0,66,1.0,"98133",395000.0
1230,3,1.0,60,1.0,"98155",320000.0
1710,3,1.75,34,1.0,"98033",525000.0
2390,3,3.0,27,2.0,"98003",260000.0
2840,3,2.75,27,1.0,"98092",450000.0
2300,4,2.5,25,2.0,"98074",560000.0
2270,5,3.0,26,1.0,"98108",310000.0
2290,3,2.5,18,2.0,"98058",440000.0
1330,4,1.0,58,1.0,"98008",458450.0
1200,3,1.0,97,1.5,"98118",200000.0
2160,3,2.25,28,2.0,"98034",430000.0
1120,3,1.0,49,1.0,"98034",360000.0
2090,4,2.5,53,1.0,"98168",311000.0
1470,3,3.25,12,3.0,"98103",615000.0
2270,3,1.75,36,2.0,"98027",575000.0
4100,4,3.75,81,1.5,"98040",2027000.0
1440,3,1.75,98,1.0,"98126",430000.0
1200,3,1.5,53,1.0,"98007",400000.0
1720,3,1.75,58,1.0,"98146",340000.0
930,1,0.75,91,1.0,"98125",351000.0
2400,4,2.5,13,2.0,"98059",440000.0
1960,4,2.5,16,2.0,"98092",298000.0
1890,4,1.75,51,1.0,"98133",300000.0
1590,3,2.25,14,2.0,"98108",310000.0
2590,4,2.5,22,2.0,"98011",500000.0
860,3,1.0,88,1.5,"98117",399900.0
1270,3,2.5,11,2.0,"98106",343000.0
1130,2,2.25,5,2.0,"98052",415000.0
1860,3,2.5,18,2.0,"98019",410000.0
1802,2,1.0,54,1.0,"98125",320000.0
4480,5,3.0,113,2.5,"98112",1990000.0
1310,2,1.0,35,1.0,"98031",253000.0
2320,3,2.5,23,2.0,"98053",630000.0
1130,2,1.0,62,1.0,"98055",216000.0
2180,3,2.5,32,1.0,"98052",540000.0
1830,3,1.5,85,1.5,"98022",212000.0
2340,3,2.75,37,1.0,"98155",300000.0
2830,3,2.5,1,3.0,"98117",969950.0
1610,3,1.0,59,1.0,"98122",715000.0
2410,5,2.75,47,2.0,"98040",1321620.0
2660,4,2.75,47,1.0,"98004",1444000.0
1030,3,1.0,91,1.0,"98055",305000.0
1390,3,4.0,9,2.0,"98105",458000.0
1580,3,1.75,73,1.0,"98146",275000.0
2330,3,2.75,85,2.0,"98198",550000.0
1540,3,3.25,4,3.0,"98122",742000.0
1570,3,1.0,107,2.0,"98103",700000.0
2940,4,3.0,60,1.0,"98108",640000.0
1240,3,0.75,68,1.0,"98133",352000.0
1410,3,1.0,46,1.0,"98056",301500.0
2190,4,2.5,36,1.0,"98033",630000.0
3040,3,2.5,16,2.0,"98030",340000.0
1860,4,1.75,62,1.0,"98125",477500.0
1690,3,2.5,18,1.0,"98146",285000.0
1900,3,2.75,57,1.0,"98001",255000.0
1600,3,2.5,22,2.0,"98001",315000.0
2530,6,3.0,37,1.0,"98033",830000.0
1860,3,2.25,1,3.0,"98103",539950.0
2390,3,2.25,74,2.0,"98105",980000.0
3100,4,2.5,25,2.0,"98074",735000.0
2650,5,2.25,50,1.0,"98177",536000.0
1520,3,2.0,70,1.5,"98107",575000.0
1510,2,1.0,91,1.0,"98117",500000.0
1960,4,1.75,48,1.0,"98023",285500.0
2270,4,2.75,42,1.0,"98034",498000.0
910,2,1.0,76,1.0,"98103",412000.0
2100,4,2.5,40,1.0,"98052",607000.0
1000,3,1.0,24,1.0,"98022",199000.0
2760,4,2.75,37,1.0,"98034",492500.0
2840,4,2.5,14,2.0,"98034",585000.0
1860,3,2.5,15,2.0,"98038",326995.0
1920,4,2.25,47,1.0,"98058",372500.0
840,2,0.75,78,1.0,"98070",528000.0
2390,3,1.5,40,1.0,"98092",400000.0
2100,4,2.5,22,2.0,"98022",344000.0
2430,4,3.0,12,2.0,"98038",409950.0
1880,3,2.0,65,1.0,"98199",625000.0
1350,3,1.75,28,1.0,"98045",304950.0
2160,2,2.0,30,1.0,"98092",381500.0
1430,3,1.75,69,1.0,"98168",215000.0
2840,5,1.75,90,2.0,"98178",345000.0
2510,3,0.75,54,2.0,"98001",363000.0
1690,3,1.0,102,1.5,"98001",240000.0
1930,2,2.0,10,1.0,"98053",548050.0
720,2,1.0,74,1.0,"98126",314000.0
2990,4,2.5,25,2.0,"98077",800000.0
2300,5,1.75,110,2.0,"98108",400000.0
460,1,1.0,78,1.0,"98055",247000.0
1240,2,1.75,109,1.0,"98105",540000.0
1900,4,2.5,20,2.0,"98045",410000.0
2120,3,1.75,34,1.0,"98074",525000.0
2440,4,2.5,86,2.0,"98119",820000.0
3300,4,2.25,82,1.5,"98040",1250000.0
1180,2,1.0,60,1.0,"98148",244000.0
520,1,1.0,85,1.0,"98106",275000.0
2070,2,1.75,69,1.0,"98199",577000.0
2250,5,2.5,38,1.0,"98034",446950.0
2050,3,2.5,11,2.0,"98065",457000.0
1310,4,1.5,89,1.5,"98198",320000.0
1250,3,1.5,46,1.0,"98042",210000.0
2130,4,2.5,37,1.0,"98030",220000.0
2250,3,2.0,90,1.0,"98116",589000.0
1880,4,2.0,111,1.0,"98144",435000.0
1520,3,1.0,62,1.0,"98028",375000.0
4010,4,3.5,8,2.0,"98004",1735000.0
1660,2,1.75,10,1.0,"98053",545000.0
3400,3,2.25,32,2.0,"98115",970000.0
2320,2,1.75,69,1.0,"98199",705000.0
3740,5,3.25,31,2.0,"98006",915557.0
1810,4,1.5,55,1.5,"98168",259000.0
3170,2,2.25,115,2.0,"98109",1695000.0
1680,3,1.75,46,1.0,"98034",427000.0
930,2,1.0,104,1.0,"98144",390000.0
2390,3,2.5,20,2.0,"98042",363000.0
2680,4,2.5,87,1.5,"98107",612000.0
1790,4,1.75,50,1.0,"98177",380000.0
1680,4,3.0,18,1.0,"98002",230000.0
1570,3,1.75,84,1.5,"98117",580000.0
2230,3,1.0,97,2.0,"98109",770000.0
1260,4,2.0,24,1.0,"98022",207200.0
1790,3,2.0,30,1.0,"98074",525000.0
2440,3,2.5,54,1.0,"98103",925000.0
2410,4,2.25,105,2.0,"98115",883000.0
1780,4,2.5,12,2.0,"98072",455000.0
1900,3,2.5,11,2.0,"98058",343500.0
960,2,1.0,65,1.0,"98155",244000.0
1640,3,1.75,48,1.0,"98034",397000.0
850,2,1.0,39,1.0,"98198",180500.0
2150,3,2.75,89,1.0,"98155",310000.0
2780,4,2.5,10,2.0,"98042",315000.0
1030,3,1.0,63,1.0,"98105",718000.0
1930,3,1.75,38,1.0,"98002",279950.0
2080,3,2.5,75,1.0,"98125",689000.0
3520,4,2.5,17,2.0,"98074",828000.0
890,2,1.0,73,1.0,"98146",150000.0
1640,3,1.75,89,1.0,"98105",505400.0
4860,5,3.25,26,2.0,"98040",1680000.0
1040,3,1.0,56,1.0,"98146",217450.0
2820,4,2.5,11,2.0,"98034",677000.0
1320,2,2.5,11,1.0,"98027",361000.0
2590,3,2.5,11,2.0,"98125",620000.0
1540,3,2.25,26,1.0,"98023",176000.0
960,3,1.0,46,1.0,"98034",330000.0
1190,3,2.5,29,1.0,"98055",290000.0
2770,4,2.5,27,2.0,"98029",711000.0
1060,3,1.75,32,2.0,"98038",295000.0
4010,5,3.25,12,2.0,"98059",1096500.0
1140,3,2.0,24,1.0,"98031",257500.0
1910,4,1.0,81,1.5,"98106",240000.0
2340,4,2.5,25,2.0,"98074",645000.0
1170,2,1.75,112,1.0,"98103",499000.0
1290,3,1.0,54,1.5,"98034",321000.0
1810,3,2.5,17,3.0,"98117",449000.0
1820,3,2.5,66,1.0,"98117",515000.0
2220,4,1.5,37,1.0,"98033",456000.0
3830,3,3.75,38,2.0,"98027",865000.0
2920,4,2.5,12,2.0,"98019",515500.0
2630,4,2.5,11,2.0,"98072",576925.0
1320,3,1.75,19,1.0,"98031",243000.0
1400,3,2.0,47,1.0,"98003",253400.0
1600,3,2.5,15,2.0,"98178",292000.0
1490,3,2.5,39,1.0,"98058",271500.0
2170,2,2.5,3,1.0,"98053",765000.0
1280,3,3.25,10,2.0,"98177",375000.0
1620,3,2.0,47,1.0,"98059",382880.0
2630,3,2.5,48,1.0,"98006",852500.0
1240,3,1.5,56,1.0,"98005",475000.0
1300,3,1.75,96,1.0,"98115",462000.0
2430,3,1.75,66,1.0,"98040",762400.0
1890,4,1.5,48,1.0,"98155",330000.0
1890,3,2.25,37,1.0,"98074",473000.0
2440,3,1.5,66,1.0,"98118",550000.0
1780,3,2.25,43,1.0,"98034",449500.0
2830,4,2.75,17,2.0,"98075",744000.0
2490,4,2.0,63,1.0,"98136",700000.0
1560,4,2.5,50,1.5,"98027",511100.0
1980,3,2.5,3,2.0,"98042",317950.0
2070,3,2.5,27,2.0,"98077",542950.0
1490,3,1.75,40,1.0,"98008",490000.0
3090,4,3.5,23,2.0,"98144",760000.0
1580,3,2.25,54,1.0,"98011",475000.0
5190,5,4.5,28,2.0,"98040",1702500.0
2692,3,2.75,8,2.0,"98030",435000.0
1740,3,2.5,15,2.0,"98065",399000.0
1940,3,2.0,88,1.0,"98115",627000.0
2150,4,2.5,24,1.5,"98106",346500.0
1320,3,1.5,58,1.0,"98008",412000.0
3360,4,2.5,21,2.0,"98077",845000.0
1850,3,1.75,56,1.0,"98155",373000.0
2880,4,2.25,50,2.0,"98115",725000.0
2420,6,2.5,50,1.0,"98188",376000.0
2020,3,1.0,86,1.5,"98118",552500.0
2280,5,2.0,91,1.5,"98166",365000.0
3010,4,2.5,19,2.0,"98053",700000.0
2550,4,2.25,48,1.0,"98002",315000.0
1540,4,2.0,58,1.0,"98118",262500.0
2280,3,2.25,31,2.0,"98136",660000.0
2450,4,2.5,9,2.0,"98042",340000.0
2950,5,2.5,97,1.5,"98144",660500.0
690,1,1.0,87,1.0,"98117",280000.0
800,1,1.0,96,1.0,"98108",267000.0
1470,2,1.0,83,1.5,"98059",230000.0
1840,3,2.25,22,2.0,"98045",417000.0
1170,3,1.0,47,1.0,"98055",252000.0
2344,5,1.75,94,1.5,"98103",791000.0
1230,1,1.0,91,1.0,"98103",415000.0
1150,3,1.75,49,1.0,"98053",339000.0
1140,3,1.0,73,1.0,"98168",158000.0
1660,3,1.0,58,1.0,"98136",535000.0
1080,3,1.0,96,1.0,"98115",818900.0
1720,4,2.0,65,1.0,"98105",550000.0
590,2,1.0,62,1.0,"98133",240000.0
1290,3,3.25,7,2.0,"98119",590000.0
1480,3,1.5,48,1.0,"98027",369300.0
2600,4,2.5,34,1.0,"98027",510000.0
2040,3,2.5,28,2.0,"98052",542500.0
970,3,1.0,35,1.0,"98056",262500.0
2620,6,3.0,58,1.0,"98117",900000.0
4560,4,3.5,20,2.0,"98006",1100000.0
1750,3,1.75,64,1.0,"98166",368000.0
3620,4,3.5,12,2.5,"98177",825000.0
1660,3,2.0,13,1.0,"98059",343500.0
1360,4,1.0,71,1.0,"98168",273500.0
2044,3,2.5,19,2.0,"98033",1000000.0
2370,5,3.0,89,1.5,"98107",770000.0
1170,3,2.0,90,1.5,"98118",400000.0
1660,3,1.0,52,1.0,"98001",225000.0
2020,4,1.0,60,1.0,"98028",345000.0
2530,3,2.5,14,2.0,"98011",450000.0
870,2,1.0,67,1.0,"98116",334850.0
3670,5,3.0,60,1.0,"98108",605000.0
3180,5,3.5,18,2.0,"98006",760000.0
1870,2,1.5,89,1.5,"98118",390000.0
1940,3,2.5,14,2.0,"98072",488000.0
4820,5,4.5,25,2.0,"98077",1063000.0
2400,3,2.0,40,2.0,"98038",608000.0
2930,3,2.25,15,2.0,"98112",1385000.0
800,2,1.0,111,1.0,"98118",299950.0
2200,3,3.25,72,2.0,"98103",818000.0
2400,3,2.5,25,1.0,"98023",355000.0
5570,5,3.25,63,2.0,"98105",1855000.0
1980,3,3.25,28,3.0,"98103",660000.0
3530,3,2.25,85,1.0,"98040",2367000.0
3430,4,2.5,31,2.0,"98033",1211000.0
1720,3,2.5,23,2.0,"98031",255950.0
1930,3,1.5,32,1.0,"98074",475000.0
2140,4,1.75,55,1.0,"98031",362950.0
1110,3,1.75,49,1.0,"98052",452000.0
1970,3,1.75,51,1.0,"98168",315000.0
1630,3,2.5,12,2.0,"98118",330950.0
2520,5,2.25,37,2.0,"98027",535000.0
2270,4,2.25,75,1.5,"98146",479000.0
1212,3,2.5,11,3.0,"98125",340000.0
1890,4,2.0,49,1.0,"98188",312000.0
1370,3,2.25,22,2.0,"98038",305000.0
1770,3,2.5,19,2.0,"98030",270000.0
1710,3,2.5,12,2.0,"98199",529999.0
1190,2,1.0,69,1.0,"98040",587100.0
1690,3,2.0,31,1.0,"98074",459800.0
1680,4,1.75,49,1.0,"98008",451000.0
4340,3,3.25,22,2.0,"98107",2475000.0
2040,3,2.25,32,2.0,"98022",525000.0
1110,2,1.0,64,1.0,"98168",250000.0
2040,5,2.0,107,2.0,"98118",475000.0
1920,4,1.5,53,1.0,"98002",235000.0
1330,3,1.5,48,1.0,"98042",230000.0
1630,4,1.0,94,1.5,"98122",581000.0
1520,3,1.0,59,1.0,"98007",415000.0
1520,3,1.0,59,1.0,"98007",522500.0
1340,3,1.5,48,1.0,"98056",383000.0
2500,3,1.75,57,1.0,"98056",315000.0
1460,3,2.0,113,2.0,"98122",591000.0
3140,4,2.25,36,2.0,"98074",750000.0
2150,3,1.75,59,1.0,"98136",430000.0
3140,4,2.5,20,1.5,"98072",712000.0
2310,3,2.5,34,1.0,"98072",510000.0
710,2,1.0,65,1.0,"98112",480000.0
1460,3,1.0,109,1.0,"98103",538000.0
730,2,2.75,86,1.0,"98126",464000.0
1440,3,2.5,14,2.0,"98053",476000.0
1130,3,2.0,68,1.0,"98155",349500.0
1810,3,2.25,34,2.0,"98023",270000.0
2710,3,2.5,37,2.0,"98034",740000.0
2740,4,2.5,25,2.0,"98031",395000.0
1690,3,2.5,11,2.0,"98053",498000.0
1470,3,2.5,16,2.0,"98065",339900.0
2830,3,2.5,9,2.0,"98019",539000.0
1410,3,1.0,32,1.0,"98074",400000.0
2170,3,2.5,48,1.0,"98058",225000.0
1340,3,2.25,108,1.5,"98144",330000.0
2480,3,3.0,65,2.0,"98199",1387800.0
1990,3,2.75,29,1.0,"98029",490000.0
2240,4,2.75,48,1.0,"98001",260000.0
2990,4,2.5,24,2.0,"98058",469900.0
2120,6,1.75,90,1.5,"98115",493000.0
2920,4,2.25,17,2.0,"98024",740000.0
1700,4,1.75,48,1.0,"98002",148900.0
1620,2,2.5,34,2.0,"98074",475000.0
760,2,1.0,71,1.0,"98117",415000.0
1230,3,1.0,48,1.0,"98002",229500.0
4960,5,3.75,14,2.0,"98006",1355000.0
2030,4,2.5,46,1.0,"98028",385000.0
1830,3,2.25,50,1.0,"98001",230000.0
970,2,1.0,89,1.0,"98115",425000.0
1000,2,1.0,101,1.0,"98002",189900.0
750,2,1.0,72,1.0,"98106",238000.0
2620,4,2.5,65,1.0,"98033",968060.0
2220,4,1.5,61,1.0,"98004",921000.0
3000,5,1.75,57,1.0,"98178",380000.0
1060,1,1.0,80,1.0,"98070",285000.0
1980,4,2.5,17,2.0,"98056",449000.0
1600,4,1.0,69,1.5,"98117",625000.0
2000,4,2.25,37,1.0,"98023",318989.0
1310,3,1.5,13,2.0,"98116",445000.0
1120,3,1.0,63,1.0,"98004",750000.0
3320,3,2.5,36,1.0,"98034",959000.0
2370,3,2.5,25,2.0,"98023",330000.0
830,2,1.5,10,2.0,"98119",425000.0
940,3,1.0,67,1.0,"98155",280000.0
2250,4,2.5,17,2.0,"98045",476500.0
2020,3,2.25,17,2.0,"98033",556000.0
5240,4,5.25,9,2.0,"98024",1862000.0
4083,4,3.5,10,2.0,"98001",637000.0
1450,3,2.0,46,1.0,"98155",405000.0
1170,5,1.0,71,1.0,"98125",397000.0
3555,4,2.75,1,2.0,"98053",895990.0
1610,3,2.0,82,2.0,"98028",259000.0
960,2,1.0,60,1.0,"98028",420000.0
1680,3,2.5,7,2.0,"98117",518000.0
1380,3,1.75,73,1.0,"98133",425000.0
1040,2,1.0,42,1.0,"98198",182500.0
1380,3,1.5,86,1.5,"98117",549900.0
1850,3,1.75,35,1.0,"98034",445000.0
1740,2,1.75,69,1.0,"98115",452000.0
1920,5,1.75,64,1.0,"98112",715000.0
2010,3,2.5,26,2.0,"98034",559000.0
1860,4,1.75,38,1.0,"98031",250000.0
4390,5,4.0,7,2.0,"98199",1230000.0
2380,4,2.25,55,1.0,"98038",276500.0
2880,4,2.5,28,2.0,"98058",440000.0
2820,6,2.25,75,1.5,"98166",543200.0
750,1,1.0,97,1.0,"98136",250000.0
1750,4,2.5,38,1.0,"98052",625000.0
1540,3,1.0,89,1.5,"98117",530100.0
1140,2,1.75,1,2.0,"98105",549900.0
1560,4,1.5,53,1.0,"98007",430000.0
2960,3,2.5,6,2.0,"98074",835000.0
2140,4,2.75,47,1.0,"98028",409500.0
1600,4,2.5,68,1.0,"98106",329000.0
2080,4,2.75,103,1.5,"98107",940000.0
1560,3,2.0,105,1.5,"98109",539950.0
2880,4,2.5,31,1.0,"98092",579950.0
2510,5,3.0,90,1.5,"98144",881000.0
960,3,1.0,99,1.5,"98115",362500.0
1120,2,1.0,54,1.0,"98022",243950.0
3310,4,2.75,7,2.0,"98065",658000.0
1080,3,1.5,47,1.0,"98023",218250.0
2860,4,2.5,16,2.0,"98075",655000.0
1490,3,2.0,25,1.0,"98042",255000.0
1210,3,1.0,97,1.0,"98106",215000.0
2240,3,1.75,74,1.5,"98105",1265000.0
4575,4,4.75,89,2.5,"98112",2920000.0
1600,3,2.5,105,2.0,"98168",424305.0
2090,4,1.75,90,1.5,"98136",494000.0
2260,4,2.5,12,2.0,"98034",560000.0
1200,3,1.0,107,2.0,"98116",130000.0
2480,4,2.5,88,1.5,"98022",468000.0
2240,5,3.0,63,1.0,"98155",480000.0
1550,3,1.75,89,1.5,"98115",475000.0
2130,4,1.75,48,1.0,"98031",285000.0
2870,5,3.0,51,1.0,"98103",765000.0
1160,2,1.0,91,1.0,"98065",208000.0
2430,3,2.5,14,2.0,"98042",372000.0
900,2,1.0,68,1.0,"98115",470000.0
2830,5,2.75,48,1.5,"98034",451000.0
1620,4,1.75,41,1.0,"98052",442200.0
2510,4,2.5,24,2.0,"98023",330000.0
1790,3,1.75,66,1.0,"98106",335000.0
1640,3,2.0,20,1.0,"98032",280000.0
2240,3,1.75,65,1.0,"98116",625000.0
1870,3,2.5,12,2.0,"98058",345000.0
1500,4,1.0,51,1.0,"98058",255950.0
1490,4,1.0,97,1.5,"98136",570000.0
2230,3,1.5,55,2.0,"98040",685000.0
1710,3,1.75,41,1.0,"98031",273148.0
1620,3,2.5,26,2.0,"98038",246500.0
2250,5,2.5,32,1.0,"98055",349950.0
1700,4,2.0,89,1.0,"98117",545000.0
1502,3,2.5,10,3.0,"98115",403000.0
1900,4,2.5,12,2.0,"98042",299950.0
3320,3,2.5,25,1.0,"98075",792000.0
1980,5,2.5,86,1.0,"98115",418000.0
1670,4,1.0,71,1.5,"98166",332500.0
2235,3,2.5,40,1.0,"98010",337000.0
1070,2,1.0,66,1.0,"98108",212000.0
1800,2,2.25,36,2.0,"98008",542000.0
2980,4,2.5,15,2.0,"98065",622500.0
1670,3,1.75,30,1.0,"98001",260000.0
2620,3,1.75,38,1.0,"98027",525000.0
5470,5,3.5,39,2.0,"98005",975000.0
3080,4,1.75,74,1.0,"98199",1140000.0
940,3,1.0,51,1.0,"98033",500000.0
1870,5,2.25,54,1.0,"98155",554000.0
2070,4,2.5,11,2.0,"98038",343000.0
950,2,1.75,6,1.0,"98028",515000.0
1290,2,1.0,93,1.0,"98115",492000.0
2570,4,3.0,31,1.0,"98052",655000.0
1600,3,2.5,15,2.0,"98001",290000.0
2550,4,1.5,105,2.0,"98112",952500.0
1010,2,1.0,74,1.0,"98108",235000.0
1720,3,1.5,60,1.0,"98106",323000.0
2200,3,2.5,7,2.0,"98102",1050000.0
1400,2,1.0,74,1.5,"98022",200000.0
1830,3,2.25,47,1.0,"98155",419995.0
3110,3,3.0,35,1.0,"98033",1500000.0
1600,3,2.5,28,2.0,"98034",455000.0
3600,3,3.5,19,2.0,"98014",660000.0
1390,3,1.0,47,1.0,"98077",319000.0
2092,3,1.75,34,1.0,"98022",390000.0
1200,3,1.5,63,1.0,"98112",718500.0
1090,2,1.0,89,1.0,"98109",474000.0
2140,4,2.0,70,2.0,"98115",615750.0
2010,3,2.5,21,2.0,"98033",551000.0
1500,3,2.25,31,1.0,"98023",230000.0
2660,3,2.5,8,3.0,"98119",1230000.0
1440,3,2.25,20,2.0,"98019",325000.0
2780,4,2.75,14,2.0,"98053",705000.0
1580,4,1.75,36,2.0,"98045",259000.0
1250,3,1.5,56,1.0,"98168",306000.0
970,3,1.0,87,1.0,"98106",315000.0
1100,3,1.0,63,1.0,"98133",392500.0
3240,4,2.25,47,2.0,"98040",1065000.0
1290,2,2.5,16,3.0,"98117",350500.0
3810,4,3.5,77,2.0,"98146",825000.0
1500,4,1.0,71,1.5,"98178",235000.0
2660,3,2.0,39,1.0,"98024",650000.0
2400,4,3.0,51,1.0,"98107",675000.0
1860,4,1.0,60,1.0,"98055",265000.0
1450,2,1.0,91,1.0,"98109",822500.0
2260,3,2.75,59,2.0,"98109",705000.0
5540,6,4.75,106,2.5,"98119",2630000.0
1300,2,1.5,72,1.0,"98122",685000.0
1610,4,2.0,69,2.0,"98117",630000.0
3820,4,3.25,25,2.0,"98040",1250000.0
1820,4,2.5,39,1.0,"98166",359000.0
5820,4,5.0,22,2.0,"98042",784500.0
2470,3,2.0,54,2.0,"98040",850000.0
3040,3,2.5,10,2.0,"98042",410000.0
1120,4,1.75,49,1.0,"98058",252000.0
1880,5,1.75,60,1.0,"98005",618000.0
1070,3,1.0,68,1.0,"98126",265000.0
1560,3,2.0,46,1.0,"98034",465000.0
870,2,1.0,68,1.0,"98133",240000.0
1000,3,1.0,56,1.0,"98023",217000.0
2520,4,2.25,106,1.5,"98144",415000.0
1700,2,2.0,35,1.0,"98023",274000.0
2150,5,3.0,12,1.0,"98106",420000.0
1590,4,2.75,90,1.5,"98112",1062500.0
4670,4,5.25,26,2.0,"98006",1415000.0
1800,3,2.0,73,1.0,"98115",618500.0
1670,3,1.5,59,1.0,"98022",295000.0
1010,3,2.0,35,1.0,"98074",400000.0
2550,3,2.5,13,2.0,"98028",595000.0
3700,4,3.0,39,1.0,"98004",1728000.0
1350,3,1.75,28,1.0,"98038",261000.0
1660,5,2.5,86,1.5,"98109",780000.0
1390,3,1.5,68,1.0,"98105",589000.0
1720,3,1.75,34,1.0,"98092",230000.0
2980,4,3.5,9,2.5,"98029",690000.0
2190,4,2.25,34,2.0,"98074",524000.0
1230,2,2.5,4,2.0,"98144",380000.0
1000,3,1.0,70,1.0,"98126",357500.0
2500,3,2.0,21,1.0,"98022",330000.0
2240,5,1.75,95,1.0,"98115",635000.0
2820,9,3.0,97,2.0,"98105",934000.0
1400,2,1.75,10,2.0,"98029",358500.0
1470,3,1.5,60,1.0,"98155",401000.0
1820,3,2.0,23,1.0,"98023",270000.0
2060,4,2.0,61,1.0,"98136",705000.0
1670,3,2.0,27,1.0,"98014",325000.0
1540,3,1.0,106,1.0,"98126",384950.0
1210,3,1.0,62,1.0,"98133",310000.0
3430,4,2.5,23,2.0,"98077",829950.0
2550,3,2.5,13,2.0,"98030",353000.0
1060,2,1.0,34,1.0,"98055",170500.0
3670,4,2.5,16,2.0,"98074",885250.0
4420,4,3.25,14,2.0,"98008",2700000.0
1550,3,1.5,58,1.0,"98022",245000.0
1190,3,2.5,7,3.0,"98107",469000.0
1300,3,1.0,88,1.5,"98105",455000.0
2430,4,2.5,13,2.0,"98092",305000.0
4290,7,4.5,33,1.5,"98027",840000.0
3500,5,3.5,19,2.0,"98006",905000.0
1680,3,2.0,47,1.5,"98002",219200.0
1250,3,1.5,50,1.0,"98008",455000.0
1020,2,1.0,75,1.0,"98168",195000.0
1510,3,1.0,113,2.0,"98103",799000.0
910,2,1.0,67,1.0,"98155",285000.0
1320,3,1.5,36,1.0,"98072",300000.0
900,2,1.0,97,1.0,"98168",83000.0
890,2,1.0,87,1.0,"98133",220000.0
1240,2,2.5,29,2.0,"98003",174500.0
2960,4,2.5,28,2.0,"98029",695000.0
1020,3,1.5,56,1.0,"98059",255000.0
2590,5,2.25,42,1.0,"98008",539000.0
1100,2,1.0,90,1.0,"98119",552700.0
1300,3,1.0,63,1.0,"98040",571500.0
1200,3,1.0,65,1.0,"98177",263700.0
1390,2,2.0,29,2.0,"98003",186950.0
1430,3,1.75,30,2.0,"98024",520000.0
1250,3,1.5,46,1.0,"98034",358000.0
840,2,0.75,67,1.0,"98168",210000.0
2060,4,2.25,32,2.0,"98052",543000.0
2000,4,2.25,55,1.0,"98148",330000.0
1530,3,2.0,108,1.0,"98112",529000.0
700,1,1.0,108,1.0,"98106",295000.0
950,3,1.0,53,1.0,"98033",365000.0
1380,3,3.0,10,3.0,"98107",473000.0
1830,3,1.0,55,1.0,"98125",403500.0
1790,3,1.5,105,1.5,"98116",544000.0
1340,3,1.0,88,1.5,"98105",621000.0
1520,3,2.25,107,2.0,"98116",672600.0
1370,2,1.75,65,1.0,"98199",689800.0
1470,3,1.5,97,1.0,"98105",613000.0
2500,4,2.25,28,2.0,"98007",808000.0
1060,3,1.0,59,1.0,"98133",301000.0
1210,3,1.75,28,1.0,"98019",340000.0
920,3,1.0,52,1.0,"98032",206000.0
1340,3,1.5,55,1.0,"98040",550000.0
960,2,1.0,103,1.5,"98116",325000.0
1630,3,2.5,29,2.0,"98029",475000.0
1840,3,1.75,39,1.0,"98034",432100.0
3085,3,2.0,56,1.0,"98056",359000.0
920,3,1.0,89,1.0,"98117",490000.0
2260,4,1.75,68,1.0,"98033",648360.0
1730,3,1.75,97,1.0,"98198",340000.0
1610,3,2.0,60,1.0,"98006",545000.0
550,2,0.75,63,1.0,"98146",115000.0
2400,3,2.25,47,1.0,"98033",705640.0
1960,3,2.25,12,2.0,"98118",300000.0
3190,4,2.75,66,1.0,"98004",1650000.0
3160,4,3.5,16,2.0,"98144",1137500.0
1550,3,1.75,71,1.5,"98178",280000.0
1930,4,1.75,34,1.0,"98023",245000.0
1170,4,1.0,90,1.5,"98115",564000.0
2520,3,1.75,61,1.0,"98199",849000.0
1220,3,1.75,51,1.0,"98033",698000.0
960,3,1.0,44,1.0,"98034",319000.0
4110,3,3.5,15,1.0,"98034",1450000.0
3310,4,3.5,23,2.0,"98027",695000.0
2220,4,2.75,64,1.0,"98144",680000.0
2250,4,2.25,30,2.0,"98032",287500.0
1510,3,3.25,14,2.0,"98107",465000.0
1350,3,1.0,34,1.0,"98053",335000.0
2420,4,1.75,34,1.0,"98053",602000.0
2950,3,2.5,12,2.0,"98059",482000.0
1260,5,1.0,97,1.5,"98146",220000.0
1700,4,2.0,37,1.0,"98002",206000.0
3320,4,3.0,61,2.0,"98199",1100000.0
1470,3,2.5,12,2.0,"98053",491150.0
2500,4,2.75,40,1.0,"98003",390000.0
2641,4,2.5,17,2.0,"98031",393000.0
2260,4,2.0,23,2.0,"98074",635000.0
1160,2,1.0,78,1.0,"98117",490000.0
3680,4,3.5,85,2.5,"98112",770000.0
1615,2,2.0,109,1.5,"98103",665000.0
1250,3,1.0,50,1.0,"98058",287000.0
1230,3,1.0,91,1.0,"98116",410000.0
2510,3,2.0,90,1.0,"98106",562000.0
1540,2,2.0,32,2.0,"98053",475000.0
1860,3,3.25,14,3.0,"98125",387500.0
2700,5,2.0,53,1.0,"98007",580000.0
3290,3,2.5,15,2.0,"98052",930000.0
2700,3,1.75,67,1.0,"98010",625000.0
1570,3,2.0,16,1.0,"98058",325000.0
1950,3,1.75,55,1.0,"98055",235000.0
1380,2,1.0,84,1.0,"98115",450000.0
2410,4,2.75,106,1.5,"98116",745000.0
1200,4,2.0,54,1.0,"98023",223000.0
1770,4,1.75,78,1.0,"98115",630000.0
1540,3,2.5,7,3.0,"98103",413450.0
2860,5,2.75,10,2.0,"98052",720000.0
1740,3,1.5,42,1.0,"98042",339000.0
2830,4,3.5,96,1.5,"98144",1115500.0
4280,5,4.0,19,2.0,"98027",839000.0
3890,4,3.25,92,2.0,"98105",2950000.0
2340,4,2.0,49,1.0,"98075",568000.0
1410,3,2.0,21,1.0,"98030",269000.0
1350,2,2.0,41,1.0,"98052",382000.0
1100,2,2.25,6,2.0,"98122",574000.0
2070,3,2.5,13,2.0,"98065",405000.0
2360,3,2.5,28,1.0,"98027",572000.0
2760,4,2.25,39,2.0,"98074",675000.0
1220,4,1.0,71,1.5,"98178",165000.0
1220,4,1.0,71,1.5,"98178",260000.0
1220,3,1.0,62,1.0,"98198",196000.0
3020,3,2.5,12,2.0,"98019",515000.0
3470,4,3.5,36,2.0,"98125",810000.0
2380,4,2.25,38,2.0,"98055",365650.0
2260,3,3.0,13,2.0,"98122",651000.0
720,2,1.0,72,1.0,"98106",240000.0
1730,3,2.0,11,1.0,"98030",299000.0
2660,3,2.5,27,2.0,"98006",768000.0
1030,2,1.0,91,1.0,"98115",397380.0
2890,4,3.0,70,1.0,"98115",476000.0
890,3,1.0,58,1.0,"98118",315000.0
1410,3,2.25,35,1.0,"98118",240000.0
810,2,1.0,74,1.0,"98126",325000.0
1370,3,1.75,25,2.0,"98001",160000.0
2260,3,2.5,8,2.0,"98019",435000.0
1430,3,1.75,48,1.0,"98027",427500.0
2510,5,2.5,31,1.0,"98059",450000.0
1760,3,1.5,87,1.5,"98136",688000.0
1430,4,1.0,68,1.0,"98106",285000.0
1510,3,3.25,9,3.0,"98107",530000.0
1320,4,1.75,87,1.0,"98148",195000.0
1180,3,1.5,56,1.0,"98032",250200.0
1560,3,2.25,38,1.0,"98004",1100000.0
2470,3,2.5,27,2.0,"98052",732500.0
2190,3,2.25,28,1.0,"98001",194250.0
1610,4,2.0,49,1.0,"98008",526000.0
2700,4,2.75,57,2.0,"98155",520000.0
1530,3,1.75,57,1.0,"98116",526000.0
7320,5,4.0,23,2.0,"98058",1135250.0
920,2,1.0,65,1.0,"98168",202000.0
2990,4,2.5,15,2.0,"98065",645500.0
720,1,1.0,110,1.0,"98198",570000.0
1750,3,2.0,79,1.5,"98133",325000.0
2410,2,1.0,8,2.0,"98116",725000.0
1240,3,1.75,28,1.0,"98042",192000.0
1010,2,1.0,55,1.0,"98033",560000.0
2770,5,2.75,36,1.0,"98168",283450.0
2800,4,1.75,91,1.0,"98115",863000.0
1400,4,2.0,29,2.0,"98122",815000.0
1020,2,1.0,73,1.0,"98056",245000.0
2860,4,3.0,62,1.0,"98004",1315000.0
4270,4,3.5,21,2.0,"98006",1156000.0
2270,3,2.5,16,2.0,"98065",480000.0
2560,4,2.5,14,2.0,"98053",600000.0
900,2,1.0,59,1.0,"98146",329950.0
2010,4,2.5,29,2.0,"98042",299500.0
1690,3,2.5,74,1.0,"98126",460000.0
2310,5,3.5,15,2.0,"98118",515000.0
1520,3,2.25,11,3.0,"98103",405000.0
1220,4,1.5,88,1.5,"98107",483000.0
2170,4,2.5,23,2.0,"98031",377000.0
2790,4,1.75,59,1.0,"98166",568000.0
1760,2,1.75,89,1.0,"98126",355000.0
2100,4,1.75,104,1.5,"98103",640000.0
1430,4,1.0,68,1.0,"98155",270000.0
2450,5,3.5,10,2.0,"98028",559950.0
1820,4,3.0,46,1.0,"98034",515000.0
1850,4,1.75,61,1.0,"98115",352000.0
1870,3,1.75,57,1.0,"98177",595888.0
2580,4,2.25,38,2.0,"98027",588000.0
3680,4,3.25,56,1.0,"98136",1050000.0
1750,3,1.5,32,2.0,"98023",260000.0
3890,4,3.5,10,2.0,"98112",1600000.0
1000,2,1.0,63,1.0,"98117",380000.0
2210,2,2.5,12,1.0,"98053",802000.0
2850,4,3.25,110,2.5,"98112",1325000.0
2460,4,2.75,108,2.0,"98122",710000.0
2630,3,2.5,11,2.0,"98019",600000.0
1750,3,1.0,86,2.0,"98115",707900.0
1100,2,1.0,33,1.0,"98023",179950.0
2620,4,2.5,25,2.0,"98052",683000.0
1200,3,2.0,20,1.0,"98001",222400.0
1920,2,1.5,103,1.0,"98122",517000.0
1690,3,2.75,30,1.0,"98011",410000.0
1680,3,1.75,63,1.0,"98117",480000.0
3440,3,1.75,41,1.5,"98058",430000.0
2190,5,1.75,36,1.0,"98133",439950.0
3270,4,2.5,17,2.0,"98075",797500.0
1280,4,1.5,95,1.5,"98118",379000.0
1310,1,1.0,97,1.5,"98122",575000.0
1660,3,1.0,53,1.0,"98003",247500.0
2700,4,2.75,31,2.0,"98042",385000.0
1940,4,1.75,74,1.0,"98133",423000.0
1520,3,1.75,62,1.0,"98115",550000.0
1620,4,1.0,88,1.5,"98116",415000.0
2090,3,2.25,63,1.0,"98006",693000.0
1070,2,1.0,105,1.0,"98117",543000.0
2000,5,1.75,62,1.0,"98178",465000.0
1020,3,2.5,11,2.0,"98106",280000.0
2400,3,1.25,23,3.0,"98122",1388000.0
2480,6,3.0,43,2.0,"98007",665000.0
1310,3,1.75,55,1.0,"98002",237950.0
2420,4,2.75,53,1.0,"98034",440000.0
1890,2,1.0,87,1.0,"98107",618000.0
1860,3,2.25,95,1.5,"98118",572000.0
2500,3,1.5,75,1.5,"98107",725000.0
1970,3,1.0,45,1.0,"98065",454000.0
1660,4,1.0,95,1.5,"98136",535000.0
1850,3,2.5,36,1.0,"98023",249000.0
1970,4,2.75,54,1.0,"98070",395000.0
1890,3,2.0,61,1.0,"98125",690000.0
1310,3,1.5,87,1.0,"98103",526500.0
1870,4,1.5,59,2.0,"98155",325000.0
1520,3,3.0,67,2.0,"98144",495000.0
3070,5,3.0,4,2.0,"98033",825000.0
1400,3,1.5,105,1.5,"98070",383000.0
1960,3,1.75,61,1.0,"98118",320000.0
2680,3,2.5,26,1.0,"98024",475000.0
2030,3,2.5,22,2.0,"98038",275000.0
2320,2,2.25,78,1.5,"98115",1150000.0
1760,3,1.75,56,1.0,"98155",455000.0
1870,5,1.0,53,1.0,"98168",262000.0
1280,4,1.0,65,1.0,"98136",390000.0
1730,3,2.25,30,1.0,"98023",300000.0
2060,3,1.75,51,1.0,"98136",746300.0
1030,3,1.5,63,1.0,"98148",267000.0
1720,3,2.5,43,1.5,"98034",525000.0
1210,3,1.75,38,1.0,"98033",570000.0
2620,4,2.25,51,1.0,"98166",360000.0
1860,3,1.0,68,1.0,"98074",1052000.0
2510,3,2.5,12,2.0,"98029",699950.0
2040,4,2.5,42,1.5,"98038",375000.0
2410,4,1.75,91,1.0,"98103",625000.0
780,2,1.0,87,1.0,"98116",464050.0
2210,5,2.5,39,1.0,"98011",470000.0
1590,4,2.0,48,1.0,"98058",330000.0
2230,4,1.75,48,1.0,"98008",537000.0
1560,3,2.0,39,1.0,"98092",250000.0
2950,4,2.5,29,2.0,"98075",835000.0
1480,4,1.0,103,1.5,"98103",770000.0
2850,4,2.0,105,1.5,"98144",650000.0
2390,3,1.75,62,1.0,"98168",335000.0
1740,3,1.75,50,1.0,"98059",350000.0
2060,5,2.75,37,1.0,"98118",415000.0
2680,4,2.5,38,2.0,"98006",788000.0
3150,4,2.75,100,1.5,"98115",640000.0
2440,4,2.5,22,2.0,"98058",388000.0
2230,6,1.75,46,1.0,"98034",360000.0
2230,6,1.75,46,1.0,"98034",692500.0
1600,4,1.5,69,1.5,"98118",425000.0
1600,4,1.5,69,1.5,"98118",645000.0
1580,3,1.0,67,1.5,"98146",340000.0
2840,4,3.25,31,1.0,"98053",713000.0
2550,3,2.75,21,2.0,"98155",430000.0
1700,3,2.25,41,1.0,"98003",280000.0
1470,3,2.0,29,1.5,"98003",215000.0
1680,3,2.5,31,2.0,"98058",306000.0
1110,3,1.0,36,1.0,"98155",299900.0
2120,5,1.75,56,1.0,"98008",534000.0
2380,3,2.75,76,2.0,"98105",1160000.0
2670,3,2.5,73,2.0,"98144",1165000.0
890,2,1.0,80,1.0,"98022",199990.0
3140,4,3.0,26,1.0,"98006",946000.0
1260,4,1.0,68,1.5,"98125",295000.0
920,2,1.0,106,1.0,"98118",475000.0
2990,5,3.5,21,2.0,"98024",750000.0
3120,4,2.5,41,2.0,"98198",1225000.0
1010,3,1.0,40,1.0,"98001",183500.0
1010,2,1.0,91,1.0,"98144",450000.0
1020,3,1.0,54,1.5,"98118",180000.0
3540,5,4.5,89,2.0,"98188",707000.0
900,2,0.75,76,1.0,"98146",230000.0
1100,3,1.0,49,1.0,"98023",192500.0
1990,3,2.5,10,2.0,"98038",309000.0
1980,3,1.5,66,1.0,"98199",759000.0
4040,4,3.75,13,2.0,"98059",1115000.0
1250,5,1.75,49,1.0,"98007",462000.0
1820,4,1.5,95,1.5,"98125",229000.0
1140,2,2.25,16,2.0,"98103",399950.0
1730,5,2.0,72,1.0,"98056",325000.0
1170,2,2.25,8,3.0,"98107",512000.0
2910,5,2.75,9,2.0,"98038",410000.0
970,2,1.0,59,1.0,"98118",210000.0
2130,4,2.25,40,1.0,"98030",325000.0
2520,3,2.5,36,1.0,"98027",685000.0
1360,2,2.0,71,1.0,"98115",488000.0
1620,3,2.25,17,1.0,"98002",247500.0
2120,4,2.0,75,1.0,"98125",489000.0
2700,4,1.75,62,1.0,"98199",725000.0
1370,3,1.5,57,1.5,"98168",199950.0
2520,5,3.0,42,2.0,"98008",670000.0
1540,3,2.0,48,1.0,"98198",275000.0
2610,3,1.75,91,2.0,"98109",1000000.0
1490,3,2.0,31,1.5,"98031",255000.0
2760,3,1.75,55,1.0,"98007",465000.0
1260,3,1.75,3,1.0,"98042",259000.0
2630,3,3.5,7,2.0,"98027",695000.0
1800,3,1.75,39,1.0,"98072",505000.0
1130,2,1.0,88,1.0,"98109",631500.0
1180,3,1.0,89,1.5,"98112",630500.0
2800,4,2.75,23,2.0,"98075",999000.0
1830,3,1.5,105,1.0,"98119",740000.0
2220,3,2.5,84,1.5,"98115",650000.0
1870,2,2.0,11,1.0,"98053",554000.0
2580,3,2.5,69,1.5,"98053",400000.0
1660,3,2.0,54,1.0,"98005",529941.0
1330,3,1.0,112,1.5,"98118",310000.0
1330,3,1.0,112,1.5,"98118",389000.0
2630,3,3.0,9,2.0,"98052",731781.0
1100,2,1.0,69,1.0,"98116",502501.0
1810,3,1.75,47,1.0,"98008",443000.0
2060,3,2.0,94,1.0,"98144",607000.0
4660,3,3.5,106,2.0,"98102",2147500.0
2370,4,2.5,40,1.0,"98052",585000.0
2430,3,2.5,26,2.0,"98004",1027000.0
1880,3,2.5,22,2.0,"98031",315000.0
1150,2,1.0,57,1.0,"98056",180000.0
1350,3,2.0,26,1.0,"98019",322500.0
2180,3,2.75,34,1.0,"98052",568500.0
3370,4,2.75,67,1.0,"98144",813000.0
3650,5,2.25,39,1.0,"98040",1085000.0
2100,4,2.0,50,2.0,"98155",424000.0
670,2,1.0,112,1.0,"98108",235000.0
2420,3,3.5,108,2.0,"98122",740000.0
760,1,1.0,115,1.0,"98122",415000.0
2200,3,2.75,33,1.0,"98053",432000.0
4410,5,3.25,25,2.0,"98072",1268890.0
1300,3,1.75,54,1.0,"98122",676500.0
720,2,1.0,72,1.0,"98199",419000.0
2180,3,2.5,17,2.0,"98077",650000.0
1130,2,1.0,61,1.0,"98032",239000.0
2230,4,2.5,80,2.0,"98103",900000.0
2100,5,1.75,34,1.0,"98028",330000.0
2060,3,1.75,33,1.0,"98070",510000.0
3060,4,2.5,3,2.0,"98038",465000.0
2810,3,2.75,41,2.0,"98052",1700000.0
2550,3,2.25,26,1.0,"98011",490000.0
4290,5,3.0,30,2.0,"98039",2680000.0
3040,3,2.25,10,1.0,"98072",1000000.0
2530,4,2.75,18,2.0,"98019",469950.0
1300,3,1.75,90,1.5,"98115",536000.0
1790,4,2.5,49,1.0,"98030",244950.0
1530,3,1.0,87,1.0,"98103",575000.0
2380,5,2.75,31,1.0,"98178",361000.0
2400,5,2.25,58,1.0,"98008",650000.0
1030,2,1.0,64,1.0,"98118",230005.0
3250,4,2.5,42,1.0,"98092",293000.0
1970,3,3.0,5,1.0,"98028",445000.0
1940,4,1.5,61,1.0,"98118",280000.0
1850,3,2.25,30,1.0,"98029",520000.0
3900,4,3.25,24,2.0,"98053",780000.0
3160,3,1.75,37,1.0,"98001",625000.0
1440,3,1.75,29,1.0,"98188",239950.0
2040,3,1.5,58,1.0,"98118",335000.0
2120,3,2.5,26,2.0,"98029",612000.0
830,2,1.0,61,1.0,"98198",200000.0
3140,3,1.75,30,1.0,"98023",345000.0
2410,4,2.5,41,1.0,"98034",520000.0
2190,4,2.25,97,2.0,"98119",855000.0
2190,4,1.75,65,1.0,"98116",567500.0
1210,3,1.5,48,1.0,"98003",208000.0
1880,3,1.75,93,1.0,"98115",452000.0
2410,3,3.0,27,2.0,"98011",555000.0
2620,5,2.75,36,1.0,"98056",519000.0
1850,3,2.25,2,2.0,"98118",474950.0
1760,3,2.25,25,1.0,"98053",419000.0
860,2,1.0,106,1.0,"98119",390000.0
2620,7,2.25,54,2.0,"98007",539000.0
2400,4,1.75,59,1.0,"98166",569000.0
1850,3,1.0,93,1.5,"98103",611000.0
4040,3,2.5,11,2.0,"98092",760000.0
1940,3,2.0,61,1.0,"98007",732000.0
3490,3,2.5,76,2.0,"98125",1675000.0
3170,5,2.75,1,2.0,"98074",919950.0
2530,4,2.5,37,1.0,"98011",400000.0
3230,4,2.5,22,2.0,"98053",785000.0
2120,3,2.25,51,2.0,"98005",835000.0
1640,2,1.75,76,1.0,"98125",640500.0
2130,4,2.5,27,2.0,"98001",310000.0
1440,4,1.0,46,1.5,"98034",355000.0
1940,3,1.75,55,1.0,"98136",685000.0
1120,3,1.0,72,1.0,"98178",202500.0
2400,3,2.5,17,2.0,"98065",540000.0
1810,4,2.5,16,2.0,"98031",295000.0
1270,3,1.0,88,1.5,"98118",518000.0
1350,2,1.75,10,1.0,"98038",250000.0
1550,2,2.0,43,1.5,"98065",330000.0
1620,2,1.0,91,1.0,"98117",481000.0
2650,3,2.25,38,1.0,"98034",898000.0
2510,5,1.75,46,1.5,"98052",570000.0
2040,4,2.5,18,2.0,"98019",475000.0
1660,3,2.5,27,2.0,"98003",265000.0
1980,3,2.5,31,2.0,"98166",380000.0
2690,4,2.5,28,2.0,"98007",790000.0
2910,2,2.25,30,2.0,"98136",620000.0
2720,4,3.5,18,2.0,"98125",709050.0
1280,3,1.0,67,1.0,"98126",296500.0
2160,3,2.5,33,2.0,"98077",475000.0
1760,3,2.25,39,1.0,"98027",440000.0
800,2,1.0,73,1.0,"98117",405000.0
930,2,1.0,72,1.0,"98108",269500.0
2040,5,1.75,54,1.0,"98007",520000.0
1180,1,1.0,67,1.0,"98198",229500.0
2000,4,1.75,54,1.0,"98003",335000.0
3310,4,2.75,17,2.0,"98077",680000.0
3130,4,3.5,7,2.0,"98115",1389000.0
2300,4,2.5,54,1.0,"98136",740000.0
2140,3,2.25,53,1.0,"98003",270000.0
2210,4,2.0,104,1.5,"98126",510000.0
970,2,1.0,66,1.0,"98106",300000.0
2690,5,2.25,59,1.0,"98040",1298890.0
1890,4,2.0,75,1.5,"98105",675000.0
3140,6,3.25,24,2.0,"98006",925850.0
1440,2,1.0,50,1.0,"98027",255500.0
2910,3,2.5,26,2.0,"98003",450000.0
1310,3,1.0,47,1.0,"98092",280000.0
2140,4,2.25,52,2.0,"98032",245000.0
1090,3,1.0,43,1.0,"98034",344950.0
1330,3,1.75,46,1.0,"98034",381000.0
4690,4,4.0,14,2.0,"98004",1945000.0
1910,3,1.5,60,1.0,"98004",1500000.0
1750,3,1.75,39,2.0,"98002",232603.0
1760,5,2.5,90,1.5,"98106",220000.0
1810,4,1.75,38,1.0,"98033",600000.0
1360,3,2.5,21,2.0,"98030",239000.0
1730,3,1.75,54,1.0,"98125",400000.0
4710,6,2.75,84,2.0,"98105",2180000.0
1010,3,1.0,62,1.0,"98155",350000.0
2400,3,2.5,32,2.0,"98077",562000.0
1540,3,1.5,47,1.0,"98056",380000.0
1480,4,1.75,88,1.0,"98199",511200.0
2520,4,2.5,11,2.0,"98029",680000.0
1210,3,3.25,13,2.0,"98133",350000.0
2670,5,2.5,35,1.0,"98042",410000.0
3030,4,2.5,27,1.5,"98004",1050000.0
1440,3,2.0,13,1.0,"98053",391265.0
3250,4,2.25,36,2.0,"98039",1410000.0
1750,3,2.0,59,1.0,"98116",575000.0
2120,4,1.5,41,2.0,"98053",316000.0
1050,3,1.0,96,1.5,"98106",165000.0
1950,3,2.25,104,1.5,"98119",850000.0
1020,3,1.0,115,1.0,"98027",210000.0
1820,4,2.5,40,1.0,"98058",325000.0
2390,4,2.5,26,2.0,"98053",682000.0
1400,3,2.5,28,2.0,"98034",430000.0
1540,3,1.5,56,1.0,"98125",325500.0
2370,3,1.75,61,1.0,"98178",385000.0
670,1,1.0,110,1.0,"98103",435000.0
2420,4,1.0,70,2.0,"98006",550000.0
1000,3,1.0,85,1.0,"98125",400000.0
2100,4,2.75,37,1.0,"98034",503000.0
2800,4,2.5,12,2.0,"98074",676000.0
940,3,1.0,56,1.5,"98032",180000.0
1640,3,2.0,105,1.5,"98002",234000.0
2760,4,2.5,87,1.5,"98107",734200.0
3660,3,3.25,12,2.0,"98038",920000.0
3070,4,2.5,65,1.0,"98039",1920000.0
1100,3,1.75,46,1.0,"98092",224000.0
3130,3,2.75,68,1.0,"98008",1400000.0
1320,3,1.0,54,1.0,"98002",185000.0
1470,3,1.75,115,1.5,"98107",554600.0
1480,3,1.75,35,1.0,"98032",268000.0
2260,4,2.25,39,1.0,"98008",675000.0
2210,4,2.25,48,1.0,"98052",620000.0
1540,3,1.75,48,1.0,"98027",396450.0
1910,5,1.75,60,1.0,"98006",565000.0
1760,3,1.75,49,1.0,"98144",410000.0
2240,4,3.0,101,1.5,"98109",1190000.0
2110,3,2.25,31,1.0,"98033",716125.0
1396,2,1.0,75,1.0,"98053",225000.0
3040,4,2.75,29,2.0,"98125",640000.0
1140,2,1.0,95,1.0,"98116",374000.0
1780,4,2.0,65,1.0,"98155",415000.0
3370,4,2.5,22,1.0,"98027",592500.0
1484,3,2.5,12,3.0,"98115",365000.0
2230,4,2.5,34,1.0,"98074",600000.0
2820,4,2.5,26,2.0,"98092",465000.0
1580,3,1.0,39,1.0,"98001",254999.0
2040,4,2.5,21,2.0,"98042",279000.0
2720,3,2.5,14,2.0,"98001",460000.0
1490,4,2.25,10,2.0,"98122",507000.0
1560,3,1.75,51,1.0,"98178",291000.0
830,2,1.5,9,2.0,"98122",350000.0
980,3,1.0,46,2.0,"98092",90000.0
1980,3,1.75,38,1.0,"98058",329000.0
3680,4,2.5,29,2.0,"98006",909000.0
860,2,1.0,62,1.0,"98056",187000.0
1850,3,1.75,106,1.0,"98105",580000.0
1620,3,2.5,14,2.0,"98019",345000.0
2240,4,2.5,20,2.0,"98118",497000.0
1010,3,1.0,111,1.5,"98118",345000.0
1610,3,1.75,41,1.0,"98058",313500.0
2720,3,2.5,25,2.0,"98033",910000.0
2080,3,1.5,56,1.0,"98125",399950.0
1930,4,2.0,48,1.0,"98168",268000.0
2250,4,1.75,61,1.0,"98136",559000.0
1980,3,2.25,52,1.0,"98198",309000.0
1960,3,2.5,9,2.0,"98065",410000.0
1320,3,1.0,58,1.0,"98056",259000.0
2940,5,2.0,106,2.0,"98102",950000.0
1460,4,1.0,60,1.5,"98155",320000.0
2330,4,2.5,64,1.0,"98115",1150000.0
2620,3,2.0,33,1.0,"98198",394250.0
700,1,1.0,105,1.0,"98103",315000.0
1140,2,2.0,72,1.0,"98027",480000.0
2750,3,2.5,21,2.0,"98045",556000.0
2480,3,2.5,13,2.0,"98065",450000.0
1130,3,1.5,69,1.0,"98125",420000.0
2770,6,3.75,46,1.0,"98107",890000.0
1710,4,2.0,40,1.0,"98031",295000.0
2150,4,2.25,39,2.0,"98059",410000.0
2250,3,2.5,21,2.0,"98092",308900.0
2960,4,2.5,66,1.0,"98115",1161000.0
2300,2,2.5,9,1.0,"98053",665000.0
1740,3,1.75,62,1.0,"98116",577000.0
2830,3,2.5,1,3.0,"98117",959000.0
1240,2,1.75,91,1.0,"98126",471000.0
2180,3,2.5,25,2.0,"98029",560000.0
2510,5,2.25,43,2.0,"98040",955000.0
6630,7,5.5,11,2.0,"98006",1240000.0
2300,3,2.5,54,1.0,"98177",579000.0
3220,4,2.25,37,2.0,"98023",335000.0
2270,3,2.5,11,2.0,"98065",485000.0
1840,3,2.5,37,1.0,"98007",552000.0
3820,4,3.25,12,2.0,"98074",950000.0
1660,3,2.0,32,1.0,"98092",203700.0
3360,4,3.5,25,2.0,"98023",412000.0
1350,3,2.0,29,1.0,"98038",237500.0
2970,4,3.5,14,2.0,"98117",866800.0
1000,3,1.0,69,1.0,"98115",425000.0
1190,3,2.0,20,1.0,"98092",200000.0
1670,3,1.75,58,1.0,"98118",280000.0
1200,3,1.5,49,2.0,"98055",140000.0
2250,5,2.5,42,1.0,"98058",370000.0
1040,2,0.75,106,1.0,"98119",550000.0
3180,2,2.5,30,2.0,"98006",1411600.0
3180,2,2.5,30,2.0,"98006",1505000.0
2040,4,1.5,54,1.0,"98007",510000.0
1160,3,1.0,55,1.0,"98028",351000.0
880,3,1.0,73,1.0,"98146",210000.0
2290,4,1.75,77,1.5,"98022",449999.0
950,3,1.0,61,1.0,"98106",137000.0
1010,3,1.0,41,1.0,"98042",270000.0
3100,3,2.5,34,1.0,"98038",540000.0
2560,5,3.0,3,1.0,"98155",565000.0
2430,4,1.5,35,2.5,"98112",940000.0
830,2,1.0,87,1.0,"98070",385000.0
2090,3,3.0,14,1.0,"98019",400000.0
2030,3,2.0,17,1.0,"98056",365000.0
1060,2,1.0,36,2.0,"98144",353250.0
1090,2,1.5,73,1.0,"98117",455000.0
3400,4,3.5,24,2.0,"98070",475000.0
1920,4,1.75,76,1.0,"98125",571500.0
1150,2,1.0,100,1.0,"98118",441000.0
3970,6,2.75,45,1.0,"98005",810000.0
1880,3,2.25,28,2.0,"98074",550000.0
1500,2,1.0,82,1.0,"98109",736000.0
2190,3,1.75,26,1.0,"98014",375000.0
2530,3,2.5,20,2.0,"98052",717500.0
1930,2,1.75,64,1.0,"98177",581000.0
1510,3,2.0,106,2.0,"98116",629000.0
1100,3,2.0,46,1.0,"98042",225000.0
1730,3,2.5,22,2.0,"98038",315000.0
1480,3,2.5,10,3.0,"98029",425000.0
1150,3,1.0,83,1.0,"98106",346500.0
1950,3,2.25,50,1.0,"98006",550000.0
2380,3,1.75,38,1.0,"98052",565000.0
3100,4,2.0,76,1.5,"98103",1001000.0
2010,2,2.0,93,1.5,"98108",400000.0
2270,4,2.0,106,2.0,"98116",724950.0
2050,3,1.75,42,1.0,"98040",623000.0
650,2,1.0,65,1.0,"98122",295000.0
2780,4,3.25,9,2.0,"98133",700000.0
1300,2,1.5,15,2.0,"98107",482000.0
2730,3,2.5,20,2.0,"98075",770000.0
3140,4,2.5,55,1.0,"98023",310000.0
2410,4,2.25,50,2.0,"98008",720000.0
1180,3,1.0,87,1.5,"98125",355000.0
2600,4,2.5,10,2.0,"98056",512000.0
1400,2,1.5,16,3.0,"98125",303000.0
2220,5,2.5,47,1.0,"98058",299000.0
1660,3,2.5,12,2.0,"98042",285000.0
2330,3,1.75,47,1.0,"98040",680000.0
1440,4,1.75,61,1.0,"98166",285000.0
2920,4,2.25,38,1.0,"98006",707000.0
1760,3,2.0,73,1.0,"98199",690000.0
2860,4,2.25,32,2.0,"98072",872000.0
2090,4,1.75,48,1.0,"98166",290000.0
1910,4,1.75,34,1.0,"98028",425000.0
3280,3,2.75,36,1.0,"98006",925000.0
1770,3,1.0,58,1.0,"98155",340500.0
920,2,1.0,105,1.0,"98118",365000.0
1690,3,1.75,56,1.0,"98004",725000.0
2470,3,3.0,38,2.0,"98117",811000.0
1040,3,1.0,46,1.0,"98059",299000.0
1220,4,2.0,62,1.0,"98146",287500.0
3500,4,2.25,77,1.0,"98146",879950.0
760,2,1.0,65,1.0,"98178",135900.0
3070,4,2.25,39,1.0,"98040",1225000.0
2100,4,1.75,68,1.0,"98177",522500.0
1660,4,1.5,68,1.0,"98155",399500.0
1430,3,1.0,98,1.5,"98118",450000.0
1620,4,1.0,53,1.0,"98023",218000.0
1490,3,2.0,20,1.0,"98092",289999.0
1170,2,1.0,112,1.0,"98107",540000.0
1240,3,1.0,39,1.0,"98074",324950.0
2910,3,2.0,115,2.0,"98118",718500.0
2660,3,2.0,51,1.0,"98022",495000.0
2220,6,2.0,38,1.0,"98002",260000.0
1920,4,1.5,61,1.0,"98006",430000.0
2780,3,3.25,6,2.0,"98019",402500.0
3110,4,3.0,84,2.5,"98105",1415000.0
1820,3,2.25,28,1.0,"98031",275000.0
1765,3,2.25,19,2.0,"98003",250000.0
1800,3,2.75,49,1.0,"98006",665000.0
2650,3,2.5,48,1.0,"98042",425000.0
1410,2,1.0,90,1.5,"98103",760000.0
1650,3,2.5,12,2.0,"98053",447000.0
1180,3,1.0,48,1.0,"98003",205000.0
800,3,1.5,56,1.0,"98023",191000.0
1430,2,1.75,32,1.0,"98146",350000.0
3300,5,3.5,14,2.0,"98006",789888.0
1220,2,1.0,67,1.0,"98125",443000.0
3530,4,3.5,15,2.0,"98177",695000.0
1380,4,2.0,109,1.5,"98103",560000.0
1410,3,1.75,92,1.0,"98107",550000.0
3360,2,2.5,11,2.0,"98053",850000.0
2270,4,2.75,38,1.0,"98058",352750.0
2890,4,2.5,14,2.0,"98019",550000.0
1750,5,1.0,112,1.5,"98122",774900.0
1010,3,1.0,71,1.0,"98056",250000.0
3780,4,2.5,18,2.0,"98006",962800.0
1880,3,1.75,47,1.0,"98092",299500.0
800,2,1.0,72,1.0,"98125",250000.0
4720,5,4.0,40,2.0,"98027",745000.0
1060,2,1.0,47,1.5,"98065",279475.0
2530,3,2.25,28,2.0,"98056",450000.0
1980,5,2.25,53,1.0,"98198",307700.0
1650,3,1.0,62,1.0,"98199",665000.0
1890,3,2.75,16,2.0,"98065",375000.0
3360,4,2.5,25,2.0,"98023",420000.0
630,2,1.0,85,1.0,"98106",148000.0
1980,3,1.5,96,2.0,"98109",707000.0
990,3,1.0,91,1.0,"98136",399000.0
3420,4,2.5,26,2.0,"98038",570000.0
3440,4,2.25,27,2.0,"98053",853000.0
1300,3,1.0,72,1.0,"98005",400000.0
2040,2,1.75,96,1.5,"98070",615000.0
1250,3,1.0,60,1.0,"98007",463000.0
1960,4,2.5,57,1.0,"98146",600000.0
2720,5,2.5,45,1.0,"98108",429000.0
3250,4,4.25,71,2.0,"98004",980000.0
3190,6,3.75,12,2.0,"98042",359500.0
2570,4,2.5,17,2.0,"98074",715000.0
1420,3,1.75,35,1.0,"98030",240000.0
2120,4,2.0,47,1.0,"98011",455000.0
2080,3,2.5,15,1.0,"98038",610000.0
2740,3,2.75,11,2.0,"98052",675000.0
1250,3,1.75,30,1.0,"98198",283500.0
2150,2,1.0,98,1.5,"98118",235000.0
3230,4,2.5,38,1.0,"98006",827000.0
860,2,1.0,66,1.0,"98125",353000.0
2810,4,2.5,22,2.0,"98059",747500.0
1040,2,1.0,101,1.0,"98144",341000.0
1160,3,1.0,65,1.0,"98168",182000.0
1470,3,2.0,12,2.0,"98038",250000.0
2350,4,3.5,21,2.0,"98033",655000.0
1660,3,2.25,54,1.0,"98133",405000.0
2020,4,1.75,40,1.0,"98074",390000.0
890,2,1.0,68,1.0,"98155",275400.0
2430,3,2.25,26,2.0,"98033",791000.0
1460,3,1.75,36,1.0,"98052",424500.0
980,3,1.0,65,1.0,"98116",430000.0
2580,4,2.5,23,2.0,"98033",865000.0
1250,2,2.0,53,1.0,"98198",163000.0
3140,4,2.75,54,1.0,"98006",920000.0
2680,5,3.25,105,2.0,"98122",1028950.0
1810,3,1.75,32,1.0,"98055",325000.0
2090,5,2.5,17,2.0,"98038",315000.0
1120,4,1.0,44,1.0,"98146",227000.0
1790,4,1.75,115,1.5,"98168",179000.0
870,2,1.0,11,1.0,"98144",276000.0
3160,4,1.5,47,1.5,"98010",335000.0
2350,3,2.0,34,1.0,"98028",430000.0
1810,3,2.5,11,2.0,"98042",266490.0
3160,4,2.75,53,1.0,"98115",655000.0
1660,3,2.0,76,1.0,"98103",635500.0
2500,5,2.5,36,1.0,"98198",235000.0
2880,3,2.5,29,2.0,"98006",885000.0
1470,3,1.0,62,1.0,"98133",352500.0
1460,3,2.5,32,2.0,"98007",450000.0
2480,3,2.25,48,1.0,"98136",1050000.0
1140,2,2.25,16,3.0,"98103",476000.0
1830,3,2.5,25,2.0,"98038",375000.0
3110,4,3.5,1,2.0,"98148",600600.0
2630,4,1.75,67,1.0,"98177",567000.0
2390,4,1.75,36,1.0,"98052",650000.0
1750,5,2.0,72,1.0,"98056",190000.0
4370,4,3.5,37,1.0,"98022",858000.0
1020,1,1.75,78,1.0,"98115",435500.0
2500,3,2.0,36,1.0,"98107",685000.0
1540,3,2.0,31,2.0,"98023",252000.0
2200,4,2.25,40,2.0,"98028",512500.0
1940,3,2.5,50,2.0,"98006",423800.0
1453,3,2.25,29,2.0,"98006",460000.0
1830,3,2.75,24,2.0,"98034",434000.0
2000,3,1.0,67,1.0,"98178",244000.0
1400,3,1.0,62,1.5,"98133",348125.0
2400,4,3.25,33,2.0,"98072",585000.0
1390,3,1.0,55,1.0,"98001",230000.0
1680,3,2.0,48,1.0,"98045",450000.0
1820,5,2.0,45,1.0,"98108",393000.0
1140,2,1.0,90,1.0,"98103",517000.0
1060,3,1.0,46,1.0,"98033",400000.0
3050,2,1.75,24,2.0,"98053",890000.0
970,3,1.0,45,1.0,"98198",205950.0
1320,3,1.0,103,1.5,"98022",209000.0
1890,4,1.75,68,1.0,"98125",430000.0
2040,4,1.75,89,1.5,"98105",534000.0
2370,4,3.0,99,1.5,"98115",735000.0
2720,3,2.25,18,2.0,"98027",873000.0
1970,4,2.25,32,1.0,"98052",475000.0
2180,3,1.75,54,1.0,"98118",325000.0
2990,3,2.25,21,2.0,"98019",500000.0
2180,4,2.75,28,1.0,"98031",279000.0
1440,3,2.0,27,1.0,"98029",350000.0
3180,4,2.25,37,2.0,"98074",660000.0
1643,2,1.5,61,1.0,"98198",324950.0
1530,4,2.0,60,1.0,"98133",500000.0
1310,2,1.0,65,1.0,"98146",187300.0
2800,5,3.5,112,2.5,"98122",345600.0
1510,3,1.5,56,1.0,"98008",400000.0
2700,5,3.0,6,2.0,"98115",935000.0
2220,4,1.75,52,1.0,"98056",374000.0
1440,3,1.75,38,2.0,"98019",328000.0
1300,3,2.0,34,1.0,"98178",257500.0
2230,4,2.5,109,2.0,"98112",1003000.0
1390,2,1.75,35,1.0,"98198",216500.0
2760,3,2.25,37,2.0,"98005",1185000.0
3200,4,2.5,8,2.0,"98188",360000.0
1240,3,0.75,47,1.0,"98112",699999.0
1960,3,2.5,37,2.0,"98077",535000.0
2190,3,2.0,21,1.0,"98146",464950.0
3540,4,2.5,19,2.0,"98006",925000.0
2640,3,3.25,103,2.0,"98105",930000.0
2660,3,2.0,105,1.5,"98116",727500.0
1670,4,1.75,39,1.0,"98125",325000.0
3080,3,3.25,31,2.0,"98117",695000.0
2890,4,2.75,42,1.0,"98034",585000.0
1800,3,2.25,52,1.0,"98188",319000.0
2000,6,2.5,55,1.5,"98032",265000.0
1940,5,1.75,62,1.5,"98166",359000.0
1940,5,1.75,62,1.5,"98166",390000.0
960,3,1.0,46,1.0,"98072",374500.0
1750,2,1.5,51,2.0,"98072",661000.0
2320,3,2.5,108,2.0,"98112",900000.0
2380,5,2.5,58,1.0,"98115",600000.0
6490,5,4.25,24,2.0,"98040",2000000.0
1620,4,1.75,99,1.5,"98144",512500.0
1770,3,1.75,47,1.0,"98092",229500.0
2320,3,2.5,12,2.0,"98027",589000.0
3420,4,2.5,13,2.0,"98166",640000.0
1270,3,1.0,48,1.0,"98023",218250.0
2550,4,3.5,18,2.0,"98177",675000.0
1860,5,2.0,35,2.0,"98045",338000.0
1020,3,1.0,34,1.0,"98058",231750.0
720,1,1.0,85,1.0,"98146",199900.0
4460,4,3.5,14,2.0,"98075",1059000.0
1830,4,2.75,36,1.0,"98023",263000.0
1520,3,1.5,25,1.0,"98198",279950.0
1080,3,1.5,95,1.5,"98115",395000.0
1900,3,2.0,24,1.0,"98023",252500.0
5300,4,3.75,26,2.0,"98077",1150000.0
1370,3,1.0,46,1.0,"98001",205000.0
2960,5,2.5,50,1.0,"98008",654000.0
960,3,1.0,82,1.0,"98024",200000.0
2190,3,2.5,11,2.0,"98033",700000.0
3990,4,3.25,26,2.0,"98039",2720000.0
1200,2,1.75,59,1.0,"98125",306000.0
1780,3,2.5,5,2.0,"98042",270000.0
2630,3,2.25,27,2.0,"98092",340000.0
2300,4,2.5,60,1.0,"98045",450000.0
3210,4,2.75,40,1.0,"98034",580000.0
2290,4,1.75,56,1.0,"98126",435000.0
2780,4,2.5,12,2.0,"98059",690000.0
2650,4,2.5,27,2.0,"98033",720000.0
1840,3,2.25,35,1.0,"98052",403000.0
1560,3,2.75,43,1.0,"98011",440000.0
1200,3,1.0,54,1.0,"98032",178500.0
1900,4,2.5,47,1.0,"98022",270000.0
710,2,1.0,72,1.0,"98166",129888.0
1360,3,1.75,28,1.0,"98038",260000.0
2990,5,2.5,25,2.0,"98042",339950.0
1640,3,1.0,40,2.0,"98019",250000.0
3650,3,3.5,4,1.0,"98031",680000.0
2920,10,3.0,102,2.0,"98105",660000.0
3680,3,3.5,16,2.0,"98007",1225000.0
1830,3,2.0,56,1.0,"98006",550000.0
2570,5,2.75,28,2.0,"98075",675000.0
2730,3,3.25,31,2.0,"98052",981000.0
1150,3,1.0,102,1.5,"98001",168000.0
4260,4,3.0,19,2.0,"98075",1000000.0
1260,3,1.0,45,1.0,"98045",320000.0
4440,6,3.25,56,1.0,"98040",959000.0
2300,4,1.0,56,1.0,"98106",372000.0
1920,3,2.5,22,2.0,"98045",391500.0
1080,2,1.0,71,1.5,"98126",390000.0
890,2,1.0,68,1.0,"98118",302000.0
1650,3,3.5,3,2.0,"98109",495000.0
1820,3,2.5,17,3.0,"98103",504500.0
2320,4,1.75,97,1.5,"98117",555000.0
3260,4,3.5,78,2.0,"98105",1550000.0
1730,3,1.5,68,1.0,"98116",550000.0
3320,4,2.5,110,2.5,"98112",1800000.0
1660,1,1.0,107,1.0,"98117",655000.0
3290,3,2.5,23,2.0,"98042",685000.0
2280,4,2.0,61,1.0,"98115",721000.0
3650,4,4.25,108,1.5,"98119",1518630.0
1620,4,2.5,35,2.0,"98038",365000.0
2020,3,2.0,58,1.0,"98125",458000.0
1150,2,1.0,56,1.0,"98058",280000.0
1940,4,1.75,104,1.0,"98115",628000.0
3440,4,2.5,14,2.0,"98059",781500.0
2000,3,1.75,47,1.0,"98058",295000.0
750,2,1.0,68,1.0,"98117",435000.0
1420,3,1.75,36,1.0,"98146",300000.0
880,2,1.0,109,1.0,"98010",208500.0
2680,2,2.5,9,1.0,"98053",930000.0
860,2,2.0,109,1.0,"98118",316000.0
1310,3,2.0,25,1.0,"98042",249900.0
1780,3,2.25,26,2.0,"98144",675000.0
1440,3,2.25,30,2.0,"98029",447000.0
1510,3,2.0,110,1.5,"98122",675000.0
2100,4,2.5,7,3.0,"98144",546000.0
1310,3,2.0,12,3.0,"98133",310000.0
1280,3,1.0,54,1.0,"98178",190000.0
1320,3,1.5,64,1.0,"98004",650000.0
1740,3,2.5,20,2.0,"98112",585000.0
2910,4,2.5,12,2.0,"98033",1430800.0
2500,4,2.5,32,1.0,"98074",565000.0
1100,3,1.0,89,1.5,"98108",174900.0
1381,3,2.25,8,3.0,"98125",360000.0
960,3,1.0,62,1.0,"98155",234000.0
3840,8,3.0,54,1.0,"98034",575000.0
2200,3,2.5,11,2.0,"98042",315000.0
1250,3,1.0,48,1.0,"98001",225000.0
2380,3,1.5,54,1.0,"98028",370000.0
1500,3,1.0,68,1.0,"98107",606000.0
1410,3,2.0,32,1.0,"98058",272500.0
1680,3,1.75,23,1.0,"98115",475000.0
1500,3,1.0,47,1.0,"98059",270000.0
2710,4,1.75,54,1.0,"98126",624000.0
1730,3,1.75,61,1.5,"98133",355000.0
960,3,1.0,43,1.0,"98133",345000.0
2380,4,2.5,22,2.0,"98092",342000.0
1120,3,1.75,98,1.5,"98022",316000.0
2960,4,2.5,25,2.0,"98038",539950.0
1580,3,2.0,71,1.0,"98178",221347.0
1870,3,2.5,15,2.0,"98055",330000.0
1810,4,2.5,38,1.0,"98022",279000.0
2550,4,3.0,115,1.5,"98103",850000.0
1910,3,1.75,63,1.0,"98004",746000.0
1200,2,2.0,91,1.0,"98109",478000.0
2420,4,2.75,110,1.5,"98103",820000.0
3080,3,3.5,19,2.0,"98199",2160000.0
3850,3,3.0,15,2.0,"98006",820000.0
3000,3,2.0,73,2.0,"98177",887000.0
1360,3,1.0,62,1.0,"98001",159000.0
3670,7,4.25,51,2.0,"98199",824000.0
2270,4,2.5,1,2.0,"98117",812000.0
1750,4,2.5,40,2.0,"98023",242000.0
3550,4,2.5,8,2.0,"98065",625000.0
2370,4,1.0,67,1.5,"98146",399888.0
1670,3,2.25,25,2.0,"98042",289000.0
1860,3,2.0,13,1.0,"98058",400000.0
4460,3,2.5,23,2.0,"98033",1550000.0
1080,2,1.0,75,1.0,"98117",345000.0
1080,2,1.0,75,1.0,"98117",874950.0
2280,3,2.75,98,1.0,"98103",875000.0
2540,4,2.5,19,2.0,"98053",628990.0
2560,2,3.5,71,1.0,"98107",535000.0
2390,4,2.75,36,1.0,"98004",770126.0
2870,4,2.5,47,1.0,"98006",710000.0
1510,3,1.75,90,1.0,"98126",465000.0
2200,3,1.75,63,1.0,"98133",359000.0
720,2,0.75,66,1.0,"98106",151000.0
2970,3,2.5,21,2.0,"98006",820000.0
960,3,1.5,45,1.0,"98023",160000.0
1420,4,1.75,70,1.5,"98117",535000.0
1800,3,2.25,40,1.0,"98155",365000.0
3090,4,2.5,10,2.0,"98075",708000.0
1200,3,1.0,48,1.0,"98032",215000.0
4065,4,3.5,28,2.0,"98039",1950000.0
2570,4,2.5,57,2.0,"98059",390000.0
1530,3,2.0,78,1.0,"98115",570000.0
1500,3,1.75,38,1.0,"98072",383000.0
2490,4,3.0,10,2.0,"98042",370000.0
3040,4,2.5,15,2.0,"98019",454000.0
4140,5,3.25,42,1.0,"98177",1400000.0
1690,4,1.75,38,1.0,"98056",371000.0
1430,3,1.75,56,1.0,"98008",530000.0
2490,4,2.75,32,1.0,"98011",608000.0
1350,3,1.75,61,1.0,"98125",450000.0
3140,4,2.5,21,2.0,"98075",780000.0
2340,4,2.5,37,2.0,"98042",290000.0
1610,3,1.75,37,1.0,"98092",225000.0
3320,4,2.5,24,2.0,"98077",805000.0
2390,3,2.5,24,2.0,"98011",660000.0
1180,3,1.75,53,1.0,"98059",299000.0
1260,2,2.25,8,3.0,"98103",530000.0
1800,3,2.5,45,1.0,"98199",680000.0
1790,4,1.75,71,1.0,"98001",199900.0
1760,3,1.75,52,1.0,"98178",224000.0
1540,3,1.75,35,1.0,"98031",244000.0
1260,4,1.75,97,1.0,"98117",485000.0
2240,4,2.5,21,2.0,"98030",330000.0
1630,4,2.0,100,1.5,"98119",509000.0
2350,4,2.5,26,2.0,"98059",440000.0
1350,3,2.0,17,1.0,"98022",244000.0
1320,4,1.75,85,1.0,"98106",399700.0
1950,4,2.5,105,1.5,"98107",519000.0
2100,4,1.0,56,1.0,"98168",211000.0
3480,3,2.5,74,1.0,"98177",950000.0
1830,3,2.5,16,2.0,"98074",410000.0
2640,4,2.0,66,2.0,"98117",750000.0
900,3,1.0,37,1.0,"98023",133400.0
1553,3,2.0,115,1.0,"98022",240000.0
1710,3,2.5,10,2.0,"98052",539000.0
3400,4,3.0,17,2.0,"98045",688000.0
1270,3,1.5,65,1.0,"98115",465000.0
2960,3,1.75,63,1.0,"98116",936000.0
3040,4,2.5,12,2.0,"98053",620000.0
1430,3,1.75,53,1.0,"98133",429950.0
1520,3,2.5,11,2.0,"98038",296475.0
1820,4,2.0,53,1.0,"98155",330000.0
1800,3,2.25,36,1.0,"98052",445000.0
2720,4,3.25,1,2.0,"98118",846000.0
1980,4,1.75,55,1.0,"98116",725000.0
2550,4,2.5,26,2.0,"98023",369000.0
2210,3,1.75,57,1.0,"98005",625000.0
2120,3,2.0,12,2.0,"98053",535000.0
1570,4,1.5,104,1.0,"98002",229950.0
1310,3,1.75,41,1.0,"98092",229999.0
3150,5,3.5,104,2.0,"98115",850000.0
3870,4,4.5,14,2.0,"98027",589900.0
1840,2,1.0,101,1.0,"98144",513000.0
1120,3,1.0,74,1.0,"98027",401000.0
1440,3,2.5,9,2.0,"98146",260000.0
2300,4,2.75,65,1.0,"98177",525000.0
2070,3,3.5,38,1.0,"98056",470000.0
1420,4,1.5,53,1.0,"98198",205000.0
2010,3,2.25,36,1.0,"98027",620000.0
1200,3,1.5,36,1.0,"98146",229000.0
1150,2,2.0,75,1.0,"98115",445000.0
1240,2,1.0,48,1.0,"98168",215000.0
1900,2,2.5,10,2.0,"98053",504975.0
2350,4,2.25,35,2.0,"98011",495000.0
1120,3,1.0,39,1.0,"98042",205000.0
1020,1,1.0,78,1.0,"98146",152275.0
1930,4,2.25,47,1.0,"98125",586000.0
2680,2,2.5,13,1.0,"98053",779950.0
2660,4,1.75,32,2.0,"98074",557000.0
2200,4,2.25,57,1.0,"98144",610000.0
1010,3,1.5,62,1.5,"98125",405000.0
2310,4,2.25,35,2.0,"98055",320000.0
920,3,1.0,45,1.0,"98118",356000.0
3030,5,3.0,102,1.5,"98115",794500.0
1590,3,1.75,27,1.0,"98059",349000.0
2740,4,2.25,24,2.0,"98027",549000.0
960,3,1.0,53,1.0,"98002",193000.0
2240,3,1.5,38,2.0,"98008",700000.0
2400,3,2.5,17,2.0,"98065",523000.0
2860,5,3.25,50,1.0,"98155",565000.0
2960,4,2.5,15,2.0,"98065",500000.0
3770,4,3.25,90,2.0,"98109",1450000.0
3830,6,3.5,20,2.0,"98027",710000.0
2750,4,2.0,7,1.0,"98055",333000.0
2100,3,1.75,72,1.0,"98115",580000.0
1500,4,1.75,59,1.0,"98188",289950.0
710,2,1.0,90,1.0,"98199",375000.0
2770,2,3.0,31,1.5,"98074",505000.0
2050,3,1.75,76,1.0,"98178",324950.0
1960,4,2.25,50,2.0,"98052",490000.0
1770,4,2.0,104,2.0,"98199",630000.0
3290,3,2.75,22,2.0,"98056",595000.0
1990,4,2.0,59,1.0,"98199",872500.0
1760,2,1.0,64,1.0,"98126",490000.0
5080,4,3.25,14,2.0,"98006",1900000.0
1020,2,1.0,59,1.0,"98056",310000.0
1350,3,1.0,69,1.0,"98055",450000.0
1740,3,1.5,41,2.0,"98074",539000.0
3540,3,2.5,26,2.0,"98053",888550.0
1520,3,2.5,34,1.0,"98058",269950.0
1310,3,1.75,48,1.0,"98034",300000.0
3000,2,3.25,63,1.0,"98005",780000.0
2660,3,2.5,23,2.0,"98027",545000.0
2120,3,2.25,21,2.0,"98042",278000.0
1200,3,2.25,29,2.0,"98034",342000.0
1900,4,1.75,48,1.0,"98038",190000.0
1010,2,1.5,16,3.0,"98103",387000.0
1850,3,2.25,37,2.0,"98058",279950.0
4520,6,4.5,62,2.0,"98031",550000.0
2010,3,2.0,12,2.0,"98019",439000.0
2420,3,2.25,46,1.0,"98027",774888.0
2732,5,2.5,40,1.0,"98003",480000.0
1910,4,2.0,74,1.5,"98103",835000.0
3520,5,3.5,7,2.0,"98119",1500000.0
2220,4,2.0,86,1.5,"98117",771000.0
2020,4,2.25,74,1.0,"98199",1225000.0
2090,4,2.5,49,1.0,"98007",600000.0
1580,3,1.0,53,1.0,"98058",305000.0
2650,5,1.75,60,1.0,"98004",1388000.0
1020,3,1.0,44,1.0,"98188",216500.0
1070,3,2.5,11,2.0,"98116",370000.0
2120,4,1.75,48,1.0,"98177",492650.0
1360,5,1.75,49,1.0,"98034",431200.0
1700,4,2.0,25,2.0,"98030",277500.0
1820,5,1.5,55,1.0,"98032",278000.0
1430,4,1.0,46,1.0,"98072",351000.0
4140,4,3.5,12,2.0,"98034",850000.0
1313,2,2.0,111,1.0,"98119",885000.0
1590,3,2.0,17,1.0,"98022",399950.0
1080,3,1.75,47,1.0,"98178",185000.0
2730,5,3.0,36,1.0,"98178",440000.0
3800,4,3.25,46,2.0,"98006",2395000.0
2540,3,2.25,46,1.0,"98031",299000.0
1810,3,1.75,35,1.0,"98032",299500.0
1540,3,1.5,54,1.0,"98155",420000.0
1390,4,1.0,60,1.0,"98032",234000.0
1460,2,1.75,65,1.0,"98103",540000.0
2350,4,2.5,21,2.0,"98077",649950.0
1160,3,1.0,59,1.0,"98125",330000.0
3500,4,3.25,5,2.0,"98053",840000.0
1980,3,2.5,24,2.0,"98031",370000.0
1250,3,1.5,47,1.0,"98056",410000.0
770,2,1.0,64,1.0,"98125",257000.0
1920,3,1.0,56,1.0,"98118",350000.0
1120,2,1.0,68,1.0,"98177",380000.0
1150,3,1.0,46,1.0,"98072",344000.0
1590,3,2.5,30,3.0,"98117",488000.0
910,3,1.0,73,1.0,"98117",465000.0
1870,2,1.75,67,1.0,"98178",229500.0
2420,5,3.0,2,2.0,"98146",445000.0
2120,4,1.5,96,1.5,"98030",246000.0
2730,5,2.5,57,1.0,"98028",545000.0
2560,4,2.5,10,2.0,"98056",518000.0
2620,4,2.5,19,2.0,"98056",565000.0
2760,4,2.5,14,2.0,"98056",445000.0
2900,5,2.5,56,1.0,"98004",968000.0
1820,3,2.0,70,1.0,"98115",725000.0
1870,3,1.75,38,1.0,"98058",315500.0
2010,4,1.75,38,1.0,"98034",487585.0
940,2,1.0,61,1.0,"98148",246500.0
1850,3,1.75,102,1.5,"98199",819000.0
2530,5,2.5,11,2.0,"98038",349900.0
940,3,1.0,73,1.0,"98146",267000.0
1820,3,2.25,37,1.0,"98028",480000.0
1510,2,1.0,91,1.0,"98122",525000.0
2070,4,2.5,19,2.0,"98029",578000.0
1380,3,2.5,15,3.0,"98103",345000.0
1270,3,1.0,60,1.0,"98116",499000.0
1390,3,1.5,59,1.0,"98008",425000.0
1840,4,3.0,27,2.0,"98092",268000.0
1600,3,1.0,44,1.0,"98045",240000.0
1480,3,1.5,51,1.0,"98023",147000.0
2120,4,2.0,66,1.0,"98033",500000.0
2940,4,2.75,105,1.5,"98119",1010000.0
3820,4,3.0,20,2.0,"98072",991500.0
2740,5,2.0,56,1.0,"98117",510000.0
4360,4,4.0,8,2.0,"98004",1980000.0
1540,4,2.5,1,2.0,"98029",484998.0
4660,4,3.5,12,2.0,"98006",1280000.0
1590,3,1.75,29,2.0,"98198",210000.0
1180,2,1.0,60,1.0,"98007",450000.0
2360,4,1.75,63,1.0,"98004",875000.0
1860,4,2.75,48,1.0,"98056",529950.0
1470,3,1.75,36,1.0,"98122",415000.0
2990,4,2.0,67,1.5,"98028",590000.0
1690,3,1.5,59,1.0,"98028",379950.0
660,1,1.0,109,1.0,"98118",385000.0
2310,3,1.75,73,2.0,"98177",588000.0
770,2,1.0,78,1.0,"98108",252500.0
2320,3,3.5,18,2.0,"98033",530000.0
1370,2,1.5,55,1.0,"98072",385000.0
1700,3,2.25,40,1.0,"98034",419000.0
960,2,1.0,64,1.0,"98118",175000.0
1150,2,1.0,67,1.0,"98115",515000.0
2910,4,2.5,78,1.5,"98115",945000.0
2290,5,2.25,42,1.0,"98058",359900.0
2260,4,2.5,19,2.0,"98056",419950.0
1300,3,1.75,62,1.0,"98199",460000.0
1850,3,2.25,26,2.0,"98023",255000.0
1920,4,1.75,49,1.0,"98006",481000.0
1920,4,1.75,49,1.0,"98006",719521.0
4910,3,3.0,26,2.0,"98007",1080000.0
2210,4,2.5,50,1.0,"98178",334000.0
2280,4,2.75,84,1.5,"98105",675000.0
1640,3,1.75,67,1.0,"98126",556000.0
1980,4,2.0,105,2.0,"98119",900000.0
900,3,1.0,105,1.5,"98117",400000.0
1960,4,1.75,103,1.0,"98117",724950.0
1800,4,2.25,11,2.0,"98031",321000.0
4270,4,3.5,78,2.0,"98199",1356920.0
1520,4,2.0,95,1.0,"98188",171000.0
5430,4,3.0,28,2.0,"98053",1360000.0
1950,3,1.75,26,1.0,"98014",323000.0
2190,4,1.75,47,1.0,"98092",491500.0
1200,4,1.5,43,1.0,"98042",226000.0
2180,6,1.75,89,1.5,"98105",580000.0
2320,4,2.5,33,2.0,"98004",640000.0
1040,3,1.75,71,1.0,"98199",619790.0
2700,4,2.5,14,2.0,"98188",383962.0
1400,3,2.0,13,1.0,"98144",373000.0
2060,3,2.5,38,2.0,"98052",541338.0
780,2,1.0,62,1.0,"98133",254922.0
2400,3,2.25,89,1.5,"98117",575000.0
2900,4,3.0,54,1.0,"98008",650000.0
1740,3,1.5,53,1.0,"98055",269950.0
780,2,1.0,73,1.0,"98168",270950.0
2430,3,2.75,27,1.0,"98028",495000.0
2210,4,2.0,61,1.0,"98199",794154.0
1510,3,1.5,55,1.0,"98003",340768.0
900,2,1.0,68,1.0,"98125",375000.0
3670,4,2.5,10,2.0,"98075",820000.0
1160,2,2.25,1,2.0,"98105",555000.0
1070,2,1.5,16,2.0,"98103",312500.0
950,2,1.0,90,1.5,"98112",450000.0
2950,3,2.75,12,2.0,"98029",739000.0
1420,3,2.0,12,2.0,"98155",320000.0
1590,3,1.0,71,1.5,"98166",235000.0
1290,4,1.0,58,1.5,"98146",275500.0
1690,2,2.0,11,1.0,"98053",564000.0
1340,4,1.75,57,1.5,"98188",263000.0
1397,3,1.75,50,1.0,"98092",257000.0
3750,4,2.5,24,2.0,"98092",725000.0
2000,3,2.25,36,1.0,"98055",300000.0
2250,3,2.0,17,1.5,"98001",328000.0
840,3,1.0,56,1.0,"98023",187500.0
1100,3,1.0,115,2.0,"98117",400000.0
1660,3,1.5,61,1.0,"98136",515000.0
2180,2,2.0,63,1.0,"98146",1410000.0
1460,3,1.0,57,1.0,"98055",235000.0
2470,4,2.5,3,2.0,"98053",669000.0
1250,3,1.0,84,1.5,"98065",282000.0
1480,3,2.0,87,1.0,"98117",663000.0
2240,3,3.25,26,2.0,"98198",279900.0
1570,3,2.0,63,1.0,"98155",335000.0
3250,4,2.75,1,2.0,"98155",689000.0
1790,3,2.25,35,1.0,"98077",413100.0
2080,3,2.5,15,2.0,"98065",506950.0
1480,3,2.5,9,3.0,"98112",500000.0
3610,5,3.0,12,2.0,"98038",540000.0
2040,3,2.5,17,2.0,"98122",812000.0
3850,4,3.25,26,2.0,"98074",1200000.0
3230,3,2.25,28,2.0,"98092",370000.0
2440,3,2.0,82,1.0,"98148",338000.0
1490,4,1.0,46,1.0,"98168",185000.0
1150,3,1.0,65,1.0,"98008",450000.0
900,2,1.0,71,1.0,"98115",451000.0
3210,4,2.5,31,1.5,"98074",785000.0
3900,5,3.0,84,1.5,"98116",850000.0
1240,3,1.0,72,1.0,"98198",235000.0
1760,3,1.75,75,2.0,"98125",1150000.0
1410,3,2.25,10,2.0,"98027",377500.0
2780,3,2.5,6,2.0,"98034",825500.0
3230,5,3.25,1,2.0,"98117",1059500.0
4600,5,3.5,8,2.0,"98006",880000.0
1440,3,2.0,8,1.0,"98053",413800.0
1200,2,1.5,7,3.0,"98103",504200.0
2793,4,3.0,6,2.0,"98030",421500.0
2970,4,2.5,1,2.0,"98052",855169.0
1440,3,2.0,7,1.0,"98106",380000.0
1480,3,2.25,1,3.0,"98103",580000.0
1870,3,2.5,3,2.0,"98019",377000.0
2475,4,2.75,1,2.0,"98002",329900.0
2950,4,2.5,3,2.0,"98199",921800.0
1410,3,2.25,1,3.0,"98116",529500.0
2240,4,2.5,1,2.0,"98038",363990.0
3230,5,2.75,1,2.0,"98074",834950.0
2100,3,2.0,5,1.0,"98014",399000.0
1936,3,2.25,2,1.0,"98030",338900.0
3120,3,2.5,8,2.0,"98038",419950.0
2070,4,2.5,5,2.0,"98028",493000.0
3700,4,2.5,8,2.0,"98028",650000.0
2130,3,2.5,2,2.0,"98045",456000.0
1620,3,2.25,5,2.5,"98027",425000.0
1490,3,2.5,6,3.0,"98133",348000.0
4180,5,4.0,1,2.0,"98052",1040890.0
1400,2,2.5,7,2.0,"98106",299000.0
3490,4,3.75,3,2.0,"98004",1264000.0
1300,3,1.0,2,1.0,"98014",155000.0
2730,4,2.5,9,2.0,"98002",319500.0
1830,3,2.5,10,2.0,"98055",274000.0
2340,5,2.5,6,2.0,"98059",429000.0
1410,3,1.75,1,2.0,"98106",267800.0
1930,3,2.5,1,2.0,"98146",369950.0
3028,6,5.0,10,2.0,"98030",480000.0
3180,4,3.5,8,2.0,"98055",440000.0
2950,4,3.25,1,2.0,"98027",839704.0
1430,3,3.25,8,3.0,"98107",535000.0
1020,2,1.5,7,3.0,"98103",290000.0
1650,3,2.5,8,3.0,"98133",370000.0
1060,3,2.0,8,3.0,"98103",405000.0
2620,4,2.75,2,2.0,"98045",499431.0
1830,4,2.5,8,2.0,"98118",275000.0
998,3,2.25,8,2.0,"98117",320000.0
2070,4,2.5,8,2.0,"98065",425000.0
2860,4,3.5,2,3.0,"98102",1450000.0
1920,3,2.0,8,1.0,"98022",340000.0
1210,3,2.5,7,2.0,"98106",299900.0
4890,5,3.5,1,2.0,"98011",865950.0
3420,4,2.5,8,2.0,"98034",720000.0
2870,4,3.5,9,2.0,"98178",460000.0
1600,3,2.5,10,2.0,"98027",375000.0
960,2,1.5,10,2.0,"98122",386180.0
1740,3,2.75,5,1.0,"98022",280000.0
2575,4,2.5,4,2.0,"98001",359000.0
3660,5,3.25,9,2.0,"98065",785000.0
1420,3,2.25,6,2.0,"98144",425000.0
3070,5,2.5,10,2.0,"98059",575000.0
1920,3,2.5,1,1.0,"98022",465000.0
4160,4,3.25,1,2.0,"98004",1850000.0
3276,4,3.25,7,2.0,"98166",720000.0
2890,5,3.75,9,1.0,"98108",390000.0
3430,3,2.5,1,2.0,"98034",2205000.0
3390,4,3.5,1,2.0,"98199",1054690.0
2930,6,3.75,2,2.0,"98006",915000.0
1300,2,2.25,7,3.0,"98103",562000.0
1250,2,1.75,8,2.0,"98144",349000.0
2310,4,2.5,4,2.0,"98042",375000.0
1360,2,2.25,7,3.0,"98107",479950.0
2020,4,2.5,5,2.0,"98023",319000.0
1270,3,1.5,6,3.0,"98133",325000.0
2790,4,2.75,2,2.0,"98045",505657.0
2320,4,2.5,5,2.0,"98038",340000.0
1750,3,2.5,3,2.0,"98001",250000.0
2030,4,2.5,1,2.0,"98001",349500.0
1270,3,2.5,7,2.0,"98118",290750.0
2710,5,3.25,2,2.0,"98027",715000.0
2520,4,2.75,1,2.0,"98125",689950.0
1340,2,2.5,7,3.0,"98117",425000.0
1570,2,3.0,1,3.0,"98107",657000.0
2690,4,3.5,8,2.0,"98038",359950.0
2475,4,2.75,1,2.0,"98002",319900.0
2260,3,3.75,5,2.0,"98118",532000.0
840,2,1.0,7,3.0,"98103",291000.0
1720,3,3.25,11,2.0,"98112",675000.0
2940,3,2.25,1,3.0,"98136",885000.0
4170,5,3.5,7,2.0,"98004",1450000.0
4310,6,4.25,7,2.0,"98074",780000.0
3010,4,2.75,1,2.0,"98033",839950.0
2170,3,2.5,7,2.5,"98027",645000.0
1584,3,2.5,4,2.0,"98002",263000.0
1110,2,2.25,9,3.0,"98103",345000.0
2420,4,2.5,2,2.0,"98059",505000.0
1430,2,2.25,10,2.0,"98115",522500.0
2393,3,2.5,3,2.0,"98055",400000.0
1240,3,2.25,7,3.0,"98103",543000.0
2980,4,2.5,8,1.0,"98056",495000.0
2970,4,3.5,1,2.0,"98059",549995.0
2329,3,2.5,5,2.0,"98030",327555.0
3340,5,3.25,10,2.0,"98065",690000.0
2580,4,2.25,0,2.0,"98116",673000.0
2029,3,2.5,1,2.0,"98003",384435.0
3430,4,2.75,9,2.0,"98052",780000.0
3330,5,3.75,1,2.0,"98103",1375000.0
3220,5,3.5,2,2.0,"98052",950968.0
1240,2,2.25,7,2.0,"98027",334950.0
1500,3,3.5,11,2.0,"98107",489000.0
3530,3,3.0,9,2.0,"98028",600000.0
1260,3,2.25,8,2.0,"98106",282000.0
4168,4,4.0,8,2.0,"98023",442000.0
1030,2,1.5,20,2.0,"98038",220000.0
3080,3,2.5,9,2.0,"98055",489000.0
1072,3,1.5,6,2.0,"98042",250000.0
2790,4,2.75,1,2.0,"98045",484259.0
4090,3,2.5,8,2.0,"98177",1680000.0
1800,3,2.5,2,2.0,"98065",450000.0
830,2,1.5,10,2.0,"98122",299000.0
2280,3,2.5,5,2.0,"98028",450000.0
2110,4,3.0,8,2.0,"98029",585000.0
1570,3,2.25,1,3.0,"98103",660000.0
830,2,1.5,10,2.0,"98136",301500.0
4120,4,3.75,3,2.0,"98075",949950.0
2540,4,2.5,6,2.0,"98029",759990.0
2050,4,2.75,1,2.0,"98001",355000.0
3080,4,2.75,1,2.0,"98033",889950.0
2390,3,2.5,7,2.0,"98027",629800.0
3170,4,2.5,3,2.0,"98056",745000.0
1240,2,1.5,8,2.0,"98144",379900.0
1090,3,2.5,6,2.0,"98126",335000.0
4630,5,4.5,9,2.0,"98065",809000.0
3230,4,2.5,3,2.0,"98065",569950.0
3510,4,3.5,14,2.0,"98065",723000.0
1785,4,2.5,6,2.0,"98030",282000.0
2360,5,3.25,9,2.0,"98108",569900.0
2340,4,2.0,6,1.0,"98146",385000.0
1620,3,2.25,6,3.0,"98027",420000.0
3890,3,3.25,9,2.0,"98102",2250000.0
3590,4,3.5,9,2.0,"98115",1205000.0
1984,4,3.0,3,2.0,"98002",292000.0
1640,3,2.25,1,3.0,"98105",645000.0
1350,4,2.0,7,3.0,"98027",304500.0
2730,4,3.5,4,2.0,"98019",489500.0
5610,4,4.0,9,3.0,"98074",1583000.0
962,2,1.0,3,2.0,"98115",390000.0
3040,4,3.5,2,2.0,"98029",815000.0
2540,3,3.5,1,2.0,"98006",719000.0
2240,4,2.5,1,2.0,"98001",331210.0
1260,3,1.5,10,2.0,"98133",245000.0
3210,5,4.0,4,2.0,"98019",465000.0
1620,3,2.5,7,3.0,"98103",580000.0
1580,3,2.0,8,2.5,"98116",540000.0
1430,3,2.5,8,3.0,"98103",399000.0
1850,4,2.5,6,2.0,"98038",328000.0
3340,4,2.5,5,2.0,"98065",701000.0
2670,3,2.75,1,2.0,"98038",408000.0
4660,5,4.25,10,2.0,"98004",2641100.0
1550,3,2.5,9,2.0,"98144",445000.0
3470,4,2.5,10,2.0,"98065",672500.0
3010,3,2.5,6,2.0,"98059",538000.0
3931,5,3.5,1,2.0,"98023",450000.0
1800,3,2.5,4,2.0,"98126",362500.0
1570,3,2.5,7,3.0,"98103",414950.0
2230,3,2.5,1,2.0,"98133",679950.0
2423,4,2.5,10,2.0,"98023",290000.0
1160,3,2.0,8,2.0,"98106",230000.0
1440,2,2.0,5,1.0,"98053",439950.0
2052,4,2.5,1,2.0,"98003",349900.0
2780,5,2.5,1,2.0,"98126",550000.0
3720,4,4.25,9,2.0,"98116",1050000.0
1460,2,2.25,1,2.0,"98119",655000.0
1370,3,3.5,9,2.0,"98116",385000.0
3600,6,4.5,3,2.0,"98118",729999.0
1420,3,2.25,9,3.0,"98103",523950.0
980,2,2.5,6,2.0,"98116",369000.0
1790,3,2.5,5,2.0,"98027",509900.0
2010,3,2.5,9,2.0,"98042",282000.0
2370,3,2.5,1,2.0,"98038",387865.0
2560,4,2.5,8,2.0,"98178",385000.0
1900,3,2.5,10,2.0,"98075",536000.0
1350,2,2.25,8,2.0,"98136",395000.0
2650,4,2.75,1,2.0,"98056",545000.0
3020,4,2.5,14,2.0,"98065",715000.0
1500,3,2.5,10,2.0,"98029",348000.0
1320,3,1.75,0,3.0,"98122",455000.0
3120,4,2.75,5,2.0,"98065",575000.0
1540,3,2.25,1,3.0,"98103",449950.0
1800,3,2.5,4,2.0,"98126",364000.0
3640,4,2.5,1,2.0,"98052",932990.0
2440,3,2.5,12,2.0,"98052",710000.0
3970,4,4.0,1,2.0,"98074",949990.0
2060,3,2.5,1,2.0,"98038",326989.0
2538,3,2.5,2,2.0,"98092",335606.0
4270,5,4.5,8,2.0,"98033",1532500.0
1320,3,2.5,10,2.0,"98118",299950.0
3340,4,2.75,2,2.0,"98059",962000.0
1590,2,2.5,3,2.0,"98029",395825.0
2710,5,2.75,1,2.0,"98038",419354.0
3140,4,2.75,9,2.0,"98034",920000.0
1445,3,2.25,10,2.0,"98027",366000.0
2430,4,2.5,6,2.0,"98065",480000.0
1370,3,3.25,9,2.0,"98116",388000.0
5050,4,3.5,8,2.0,"98004",2320000.0
1860,3,2.5,5,2.0,"98122",730000.0
5330,5,3.75,9,2.0,"98027",950000.0
1710,3,3.25,1,2.0,"98106",358990.0
2650,4,2.5,1,2.0,"98146",398651.0
2590,4,2.5,9,2.0,"98056",530000.0
2610,4,2.5,2,2.0,"98056",610360.0
1770,3,2.5,8,3.0,"98103",436110.0
3730,4,2.75,3,2.0,"98074",925000.0
2420,4,2.5,8,2.0,"98166",449950.0
3330,4,2.5,6,2.0,"98052",760000.0
1910,3,2.25,6,2.0,"98055",293000.0
2170,2,2.5,2,1.0,"98053",695000.0
2437,3,2.5,4,2.0,"98002",285000.0
4180,5,4.0,1,2.0,"98075",1255780.0
1800,3,2.5,4,2.0,"98126",379900.0
2570,5,2.5,9,2.0,"98019",472000.0
2090,4,2.5,8,2.0,"98031",300000.0
2789,4,2.5,8,2.0,"98001",272000.0
2906,4,2.5,1,2.0,"98092",418395.0
2550,5,2.5,7,2.0,"98065",465000.0
3550,4,2.75,1,2.0,"98059",659950.0
1590,3,2.25,1,3.0,"98136",484950.0
1950,3,2.25,36,2.0,"98056",359000.0
3250,4,2.5,6,2.0,"98059",519000.0
4590,5,4.5,6,2.0,"98033",1710000.0
3070,4,2.75,9,2.0,"98059",535000.0
3030,4,3.25,9,2.0,"98065",622950.0
2610,3,2.5,10,2.0,"98059",515000.0
3150,4,3.5,10,2.0,"98042",330000.0
1240,3,1.5,6,3.0,"98133",318000.0
1680,3,2.5,4,2.0,"98011",439000.0
2220,3,2.5,9,2.0,"98146",540000.0
4800,4,3.25,4,2.0,"98059",1079000.0
3100,4,2.5,5,2.0,"98038",435000.0
7850,4,4.0,9,2.0,"98027",2700000.0
3590,4,2.75,3,2.0,"98052",1100000.0
1590,4,2.0,7,3.0,"98027",293467.0
2242,3,2.5,2,2.0,"98092",328000.0
2490,3,3.5,10,2.0,"98027",550000.0
1530,3,2.0,0,3.0,"98107",649000.0
2150,4,2.5,5,2.0,"98059",435000.0
2440,3,2.5,1,2.0,"98106",625000.0
1270,3,1.5,8,3.0,"98115",415000.0
1450,3,2.25,6,2.0,"98028",400000.0
2690,3,2.5,1,3.0,"98117",979000.0
2755,4,2.5,12,2.0,"98053",625250.0
2650,4,3.5,4,2.0,"98027",665000.0
2310,3,3.25,10,2.0,"98116",589500.0
1460,2,3.0,8,2.0,"98136",437000.0
1400,3,1.0,56,1.0,"98059",320000.0
2196,3,2.5,9,2.0,"98030",333500.0
2020,3,2.25,7,2.0,"98108",430000.0
4280,5,4.5,1,2.0,"98034",995500.0
2340,3,3.0,2,2.0,"98045",427874.0
2220,4,2.5,1,2.0,"98146",334990.0
4420,4,4.0,9,2.0,"98027",909500.0
1580,3,2.0,9,2.0,"98042",210000.0
3550,4,2.75,2,2.0,"98052",952990.0
1510,2,1.75,2,3.0,"98107",622500.0
1360,3,3.5,8,2.0,"98107",515000.0
2040,3,2.5,6,2.0,"98042",350000.0
1120,1,1.5,4,3.0,"98144",310000.0
4490,4,3.5,9,2.0,"98065",700000.0
3560,4,2.5,1,2.0,"98075",907687.0
2150,2,2.5,5,1.0,"98053",741500.0
2130,3,2.5,4,2.0,"98019",395000.0
2990,5,2.75,1,2.0,"98059",559950.0
1847,4,2.5,7,2.0,"98001",215000.0
2610,4,2.5,4,2.0,"98010",390000.0
1670,3,2.25,8,1.0,"98022",425000.0
1860,3,2.5,9,2.0,"98038",472000.0
3440,4,3.5,9,2.0,"98040",1330000.0
3510,4,3.5,14,2.0,"98065",695000.0
1740,3,2.5,7,3.0,"98116",545000.0
2240,4,2.5,2,2.0,"98056",389950.0
1550,3,2.25,4,3.0,"98103",380000.0
1390,4,2.0,7,3.0,"98027",288790.0
2500,3,3.0,3,2.0,"98058",432500.0
2710,3,3.5,10,2.0,"98027",615000.0
1720,3,2.5,4,2.0,"98133",500000.0
1760,3,2.25,1,3.0,"98122",615000.0
2270,4,2.25,52,1.0,"98034",500000.0
1690,3,3.5,9,2.0,"98103",622000.0
4000,5,3.5,0,2.0,"98024",802945.0
2880,4,2.5,7,2.0,"98033",1260000.0
1480,3,2.5,1,3.0,"98107",598950.0
1950,3,2.5,6,2.0,"98065",430000.0
2700,4,2.75,6,2.0,"98065",515000.0
2210,2,3.0,7,2.0,"98122",1262000.0
2370,4,3.5,2,2.5,"98056",400000.0
1310,3,2.5,8,2.0,"98116",390000.0
2410,3,2.5,8,2.0,"98065",450000.0
3360,5,1.5,1,2.0,"98074",804995.0
3040,4,3.25,2,2.0,"98029",825000.0
2140,4,2.25,13,2.0,"98065",435000.0
1720,3,2.5,11,2.0,"98136",398000.0
2658,4,2.5,1,2.0,"98092",411605.0
1480,3,3.25,2,2.0,"98106",315000.0
1350,2,2.0,2,3.0,"98199",455000.0
1150,3,2.5,9,2.0,"98107",452950.0
1690,3,1.75,7,2.0,"98108",380000.0
1270,2,1.75,3,2.0,"98108",340000.0
2655,3,2.5,2,2.0,"98023",409950.0
880,2,1.0,10,2.0,"98122",360000.0
4645,4,4.25,9,2.0,"98112",1595000.0
1270,3,1.5,8,3.0,"98115",440000.0
1728,2,1.75,3,1.0,"98070",730000.0
1950,3,2.25,9,1.0,"98188",408000.0
3170,4,2.5,7,3.0,"98034",820000.0
1233,2,2.5,8,2.0,"98136",360000.0
2570,3,2.5,1,2.0,"98092",339990.0
1560,3,2.0,1,3.0,"98122",515000.0
1630,3,1.75,2,2.0,"98107",541000.0
2510,4,2.5,8,2.0,"98146",375000.0
2223,4,2.5,5,2.0,"98042",320000.0
1230,2,2.25,7,2.0,"98027",325000.0
3050,5,2.75,1,2.0,"98056",740000.0
2710,5,2.75,1,2.0,"98038",450000.0
2090,4,2.5,4,2.0,"98118",455000.0
1440,3,2.5,9,2.0,"98106",292500.0
2500,3,2.5,2,1.0,"98027",650000.0
2740,4,2.75,0,2.0,"98056",530000.0
3360,5,3.25,1,2.0,"98074",829995.0
2280,4,2.75,6,2.0,"98019",395000.0
3520,4,2.75,1,2.0,"98074",859990.0
1320,2,1.5,7,2.0,"98144",342500.0
3410,4,2.75,3,2.0,"98053",743000.0
2730,3,2.25,40,1.0,"98030",345000.0
1780,3,2.5,8,2.0,"98126",443000.0
1427,3,2.5,6,2.0,"98042",260000.0
2910,4,2.5,10,2.0,"98033",810000.0
3250,4,2.75,4,2.0,"98059",570000.0
3630,5,3.5,7,2.0,"98004",1563100.0
1680,2,2.5,6,3.0,"98119",840000.0
2280,3,2.5,2,3.0,"98112",950000.0
3310,3,2.5,0,2.0,"98065",572800.0
1290,3,3.0,7,3.0,"98125",305000.0
3940,5,4.75,7,2.0,"98004",1695000.0
2170,4,2.5,7,2.0,"98106",445000.0
3290,4,3.5,3,2.0,"98029",801000.0
2550,3,2.5,11,2.0,"98052",711000.0
1140,3,2.25,7,2.0,"98126",268500.0
2300,4,2.5,3,2.0,"98042",320000.0
2670,4,3.25,2,1.0,"98108",500000.0
2440,4,2.5,1,2.0,"98117",631625.0
1611,2,2.5,10,2.0,"98109",850000.0
2710,3,3.5,9,2.0,"98027",600000.0
2015,3,2.75,8,2.0,"98166",988500.0
3444,4,3.25,1,2.0,"98023",430236.0
3060,3,2.5,10,2.0,"98004",1266520.0
2050,4,2.5,2,2.0,"98029",689500.0
1390,3,1.5,1,2.0,"98108",175003.0
1240,2,2.5,9,3.0,"98107",459000.0
3750,4,3.25,2,2.0,"98053",1180000.0
1410,3,3.25,9,3.0,"98125",358000.0
2448,4,2.5,1,2.0,"98030",447055.0
2600,3,2.75,6,1.5,"98014",415000.0
3330,4,3.25,11,2.0,"98033",1210000.0
1160,2,2.25,9,2.0,"98112",495000.0
1330,2,2.25,10,2.0,"98116",479000.0
2830,3,2.5,9,3.0,"98074",1898000.0
1610,3,2.5,10,2.0,"98055",249900.0
2800,4,2.5,4,2.0,"98103",1465000.0
4570,5,3.75,9,2.0,"98034",1037000.0
2820,4,2.5,1,2.0,"98115",897000.0
2570,4,2.5,9,2.0,"98033",1100000.0
1710,3,2.25,1,2.0,"98122",685000.0
1220,3,1.5,33,2.0,"98033",295000.0
1650,3,2.25,1,3.0,"98103",619000.0
1130,2,1.5,7,2.0,"98116",439108.0
1489,3,2.25,4,2.0,"98002",260000.0
2690,5,2.5,3,2.0,"98178",279000.0
1530,3,2.25,8,2.0,"98177",380000.0
1600,3,2.5,2,2.0,"98092",287000.0
1000,2,1.5,9,2.0,"98199",377000.0
2440,4,3.5,10,3.0,"98117",649950.0
1260,3,2.5,8,3.0,"98107",445000.0
1660,3,2.5,10,3.0,"98115",605000.0
1190,3,2.25,16,2.0,"98115",475000.0
1520,3,3.0,6,3.0,"98125",399000.0
3250,5,2.75,1,2.0,"98125",718000.0
4700,4,3.25,10,1.0,"98116",1400000.0
1480,3,2.5,3,2.0,"98126",341000.0
2380,2,2.5,4,1.0,"98053",818000.0
1640,3,2.25,1,3.0,"98112",759000.0
1650,3,3.5,5,3.0,"98103",547500.0
5305,5,4.75,10,2.0,"98033",2700000.0
1278,2,2.5,8,2.0,"98136",358000.0
1200,3,2.5,5,3.0,"98144",412000.0
690,2,1.5,10,2.0,"98103",245000.0
3202,4,2.5,1,2.0,"98030",460940.0
1347,3,2.25,5,3.0,"98125",321000.0
2960,4,3.5,1,2.0,"98065",633634.0
740,1,0.75,87,1.0,"98107",290000.0
1200,2,2.25,8,3.0,"98107",445000.0
4320,5,3.5,3,2.0,"98056",887250.0
2310,3,2.5,5,1.0,"98053",739000.0
1490,3,2.0,1,3.0,"98144",429900.0
1480,3,2.0,1,2.0,"98136",459000.0
1481,3,2.25,3,2.0,"98002",240000.0
1730,3,3.0,1,3.0,"98117",566950.0
3900,4,3.5,9,2.0,"98033",1040000.0
1130,3,3.5,10,3.0,"98103",343000.0
3230,4,3.25,1,2.0,"98038",572115.0
3920,5,3.5,11,2.0,"98052",918000.0
1190,2,1.5,8,2.0,"98122",555000.0
2311,4,2.5,1,2.0,"98092",399440.0
1810,3,2.5,7,3.0,"98116",450000.0
3290,4,2.5,7,2.0,"98065",648000.0
3250,4,2.5,7,2.0,"98059",580000.0
2544,4,2.5,2,2.0,"98030",415000.0
1380,3,2.5,7,3.0,"98102",527500.0
1430,3,2.25,4,2.0,"98136",384000.0
3490,3,2.5,6,1.5,"98070",692000.0
910,2,1.5,9,2.0,"98119",455000.0
3080,4,3.25,1,2.0,"98117",1280000.0
2280,3,2.5,4,2.0,"98019",415000.0
1660,3,2.5,7,3.0,"98102",975000.0
3320,4,2.5,1,2.0,"98034",799950.0
1680,5,4.0,7,1.0,"98106",545000.0
2584,4,3.5,1,2.0,"98023",429900.0
2217,3,2.5,6,2.0,"98001",275000.0
2480,3,2.5,6,2.0,"98059",498000.0
2610,3,2.5,1,2.0,"98033",754950.0
3240,4,3.0,2,2.0,"98075",895000.0
3569,4,3.25,2,2.0,"98055",580000.0
3181,4,2.5,1,2.0,"98003",379900.0
1921,4,2.5,6,2.0,"98001",245000.0
1570,3,2.5,1,2.0,"98065",417000.0
1940,3,2.5,6,2.0,"98027",555000.0
2210,4,2.5,6,2.0,"98042",353000.0
1280,3,2.25,7,2.0,"98107",539000.0
1520,3,2.0,38,2.0,"98177",434900.0
1480,3,2.5,8,3.0,"98103",650000.0
2612,4,2.5,1,2.0,"98030",379950.0
2350,3,2.5,3,2.0,"98029",700000.0
1300,3,2.5,1,2.0,"98109",675000.0
2020,4,1.5,55,1.0,"98059",379000.0
2140,3,2.5,10,2.0,"98027",571000.0
1380,3,2.25,8,2.0,"98117",475000.0
2730,4,3.5,9,2.0,"98116",769900.0
4220,4,3.5,9,2.0,"98065",633000.0
1570,3,2.5,5,3.0,"98103",635000.0
4670,4,3.5,8,2.0,"98027",1238000.0
1370,3,2.25,6,3.0,"98107",524000.0
3273,4,3.5,1,2.0,"98055",485000.0
3880,3,4.0,6,2.0,"98034",1030000.0
1494,3,3.5,4,3.0,"98115",650000.0
2930,3,2.5,2,2.0,"98052",754842.0
2598,4,2.5,1,2.0,"98092",428900.0
2242,3,2.5,4,2.0,"98092",329900.0
2830,4,2.5,1,2.0,"98199",1035290.0
2710,4,2.5,6,2.0,"98065",544999.0
2320,4,2.75,3,2.0,"98059",449950.0
2720,4,2.5,9,2.0,"98133",635000.0
1650,3,1.75,1,3.0,"98105",599000.0
1430,3,3.25,7,2.0,"98107",478000.0
2090,4,2.5,1,2.0,"98055",388000.0
3660,4,3.5,1,2.0,"98034",809950.0
4220,4,3.5,3,3.0,"98075",1060000.0
1450,2,2.5,0,2.0,"98107",659000.0
3460,4,3.75,2,2.0,"98059",971971.0
1350,3,2.5,9,3.0,"98136",389000.0
3000,4,2.75,10,2.0,"98038",355000.0
2950,4,2.5,9,2.0,"98059",551500.0
2530,4,2.5,1,2.0,"98038",417838.0
4650,4,4.5,7,2.0,"98004",1750000.0
710,2,1.0,72,2.0,"98102",399950.0
3050,4,2.5,8,2.0,"98028",740000.0
1150,3,2.5,2,2.0,"98027",335000.0
3410,5,5.25,9,2.0,"98039",2250000.0
1370,3,1.75,8,3.0,"98103",667000.0
3540,4,2.5,8,2.0,"98033",920000.0
1370,3,2.5,8,2.0,"98136",368000.0
1714,4,2.5,6,2.0,"98055",307000.0
3650,4,2.75,1,2.0,"98028",550000.0
2990,4,2.5,2,2.0,"98045",594491.0
3284,4,2.5,1,2.0,"98092",460458.0
3550,4,2.25,5,1.0,"98006",859000.0
1860,3,3.0,6,2.0,"98126",399950.0
1720,3,3.25,8,2.0,"98122",547500.0
2540,3,2.5,9,2.0,"98042",310000.0
3270,4,2.75,1,2.0,"98033",939000.0
980,2,2.5,7,3.0,"98117",329900.0
1150,3,2.5,9,2.0,"98107",436000.0
1820,3,2.5,7,2.0,"98166",320000.0
1580,3,2.5,4,2.0,"98126",375000.0
1460,3,2.0,5,2.0,"98053",392137.0
2900,4,2.5,11,2.0,"98028",520000.0
2620,5,2.75,8,2.0,"98028",535000.0
1340,2,2.5,7,2.0,"98116",407000.0
3266,4,3.25,1,2.0,"98023",424950.0
1076,2,1.5,9,3.0,"98125",290000.0
1680,3,3.25,6,2.0,"98126",399000.0
1930,3,2.5,10,2.0,"98199",439990.0
2880,4,2.5,1,2.0,"98144",635000.0
2240,4,2.25,2,2.0,"98074",635000.0
2594,3,2.5,3,2.0,"98001",351000.0
1210,2,1.5,8,3.0,"98107",437500.0
3760,4,3.5,1,2.0,"98117",919204.0
3600,4,2.5,1,2.0,"98052",923990.0
2050,4,2.5,3,2.0,"98029",639888.0
1510,3,3.25,7,2.0,"98109",675000.0
2580,4,2.5,2,2.0,"98033",899900.0
1670,3,2.5,6,2.0,"98118",252000.0
3190,4,2.5,8,2.0,"98052",925000.0
1280,3,2.5,6,3.0,"98105",552000.0
2718,4,2.5,9,2.0,"98092",388500.0
1370,2,2.0,11,3.0,"98107",548000.0
1794,3,2.5,10,2.0,"98001",254950.0
5120,4,4.5,7,2.0,"98053",1237500.0
2160,3,2.5,1,2.0,"98118",629000.0
2180,4,2.5,1,2.0,"98133",734000.0
1490,3,2.25,5,2.0,"98106",309000.0
2950,3,2.5,9,2.0,"98059",554950.0
2990,3,2.75,15,2.0,"98014",785000.0
2700,4,2.5,8,2.0,"98059",550000.0
3130,4,3.5,1,3.0,"98116",1010000.0
3620,3,2.0,8,2.0,"98040",1575000.0
2481,5,2.75,1,2.0,"98001",309000.0
1730,3,2.5,1,2.0,"98146",328423.0
1420,3,1.5,7,2.0,"98144",345000.0
3160,5,3.5,1,2.0,"98011",660000.0
1320,3,3.25,7,2.0,"98199",385000.0
1010,2,2.25,9,2.0,"98119",459000.0
1870,3,2.5,8,2.0,"98042",248000.0
5220,4,3.5,9,2.0,"98075",1481000.0
2260,4,2.5,4,2.0,"98038",379000.0
4340,5,4.5,5,3.0,"98107",2945000.0
1620,2,2.25,11,2.0,"98029",395000.0
2280,3,2.5,9,2.0,"98027",535000.0
3400,5,3.5,7,2.0,"98118",970000.0
830,2,1.5,9,2.0,"98106",205000.0
2310,4,2.5,5,2.0,"98042",310000.0
830,2,1.5,10,2.0,"98144",334500.0
4130,5,3.25,3,2.0,"98074",995000.0
2050,4,3.0,1,2.0,"98001",370228.0
2050,4,2.5,1,2.0,"98038",383000.0
1600,3,2.5,10,2.0,"98027",384500.0
3190,5,2.5,1,2.0,"98177",865000.0
3860,4,3.75,8,2.5,"98029",1051000.0
2040,4,2.5,3,2.0,"98028",502000.0
3845,4,3.5,2,2.0,"98004",1750000.0
2650,4,2.5,1,2.0,"98059",569995.0
3430,4,2.5,2,2.0,"98077",749950.0
2430,3,2.5,8,2.0,"98074",550000.0
2876,3,3.5,8,2.0,"98072",525000.0
2550,4,3.5,8,2.0,"98065",516000.0
4100,4,3.75,1,2.0,"98029",1350000.0
2730,4,2.5,6,2.0,"98059",440000.0
1780,3,2.5,7,2.0,"98103",660000.0
1880,3,2.5,5,2.0,"98042",261950.0
3090,5,3.75,5,2.0,"98058",551000.0
2460,3,3.5,1,2.0,"98155",665000.0
2910,4,3.5,3,2.0,"98065",610000.0
2910,4,3.5,3,2.0,"98065",645000.0
1930,3,1.75,2,1.0,"98065",536751.0
1413,3,2.25,6,2.0,"98031",260000.0
4030,3,3.25,9,2.0,"98105",1312000.0
2880,4,3.25,1,2.5,"98023",429900.0
2360,4,2.75,1,1.0,"98146",535000.0
1070,2,1.75,9,3.0,"98107",462550.0
1460,3,3.25,7,3.0,"98103",602000.0
3800,4,2.75,7,2.0,"98011",730000.0
1190,2,1.5,5,3.0,"98106",300500.0
3200,5,2.5,6,2.0,"98065",675000.0
1970,3,2.25,7,2.0,"98108",415000.0
2830,3,2.5,5,2.0,"98011",614000.0
2630,4,2.5,5,2.0,"98042",385000.0
2720,4,2.75,10,2.0,"98028",594000.0
3160,4,2.75,1,2.0,"98033",860000.0
3770,4,4.0,9,2.0,"98074",1104500.0
3500,4,2.75,11,2.0,"98053",775000.0
2710,5,2.75,1,2.0,"98038",430760.0
2170,2,2.5,6,1.0,"98053",755000.0
1540,2,2.25,8,3.0,"98122",640000.0
1876,3,3.25,6,3.0,"98115",613500.0
3720,4,3.5,8,1.0,"98010",780000.0
3148,4,2.5,1,2.0,"98198",550000.0
3240,4,3.25,5,2.0,"98053",789500.0
3340,5,3.5,3,2.0,"98065",592000.0
2413,4,2.5,1,2.0,"98042",454950.0
2500,4,2.5,5,2.0,"98059",475000.0
1180,2,1.75,1,2.0,"98102",659000.0
2890,4,2.5,10,2.0,"98028",570000.0
2230,5,3.0,1,1.0,"98168",347500.0
1767,4,2.5,9,2.0,"98001",205000.0
1450,3,3.25,6,2.0,"98126",380000.0
2930,5,2.75,2,2.0,"98056",718000.0
2710,5,2.75,1,2.0,"98059",515805.0
3600,4,3.25,2,2.0,"98059",1029280.0
1800,3,2.5,1,2.0,"98065",437718.0
2290,4,2.5,9,2.0,"98106",450000.0
1510,3,2.5,8,2.0,"98122",515000.0
1090,2,2.5,8,2.0,"98198",204000.0
1270,3,2.0,9,3.0,"98103",360000.0
1540,3,2.25,7,3.0,"98103",550000.0
2930,3,2.5,7,2.0,"98065",650880.0
4360,5,3.75,1,2.0,"98033",1789950.0
3640,4,3.5,1,2.0,"98075",895900.0
2430,4,2.5,7,2.0,"98027",585000.0
1520,3,2.25,5,2.0,"98126",380000.0
2730,5,2.75,1,2.0,"98059",565997.0
2440,3,3.0,9,2.0,"98126",459000.0
1580,3,3.75,5,2.0,"98144",550000.0
1420,3,2.25,9,3.0,"98103",500000.0
2820,5,3.25,9,2.0,"98118",461500.0
5060,4,5.5,7,2.0,"98004",2150000.0
2650,4,2.5,8,2.0,"98116",790000.0
1490,3,2.25,4,2.0,"98112",735000.0
3060,4,2.5,6,2.0,"98059",588000.0
3240,3,3.25,4,2.0,"98075",724500.0
2820,3,2.75,7,2.0,"98052",749000.0
4140,5,3.5,12,2.0,"98075",720000.0
982,2,1.5,9,2.0,"98133",250000.0
2460,3,2.75,8,2.0,"98029",790000.0
2547,4,2.5,1,2.0,"98092",392440.0
1834,4,2.25,3,2.0,"98042",280000.0
3130,4,4.5,1,3.0,"98112",1333000.0
2730,4,2.5,7,2.0,"98126",649000.0
1380,2,2.5,7,2.0,"98117",457000.0
4700,4,4.25,13,2.0,"98033",2225000.0
2330,3,3.0,11,2.0,"98108",453000.0
1730,3,2.5,1,2.0,"98146",329780.0
2350,2,2.5,8,3.0,"98144",1050000.0
4000,5,4.5,0,2.0,"98024",771005.0
3350,3,2.5,6,1.0,"98008",1300000.0
1530,3,3.25,9,3.0,"98107",607500.0
1610,2,2.25,36,2.0,"98056",278000.0
2620,4,2.75,2,2.0,"98045",475000.0
1300,3,2.0,9,2.0,"98126",270000.0
3590,4,3.5,9,2.0,"98115",1302000.0
2490,4,2.5,1,2.0,"98052",778983.0
1320,3,2.5,10,2.0,"98118",221000.0
1800,4,2.25,1,2.0,"98106",338800.0
3360,5,1.5,1,2.0,"98074",834995.0
3220,4,2.5,9,2.0,"98019",550000.0
2514,3,3.5,8,2.0,"98034",575000.0
3130,4,2.75,1,2.0,"98059",649000.0
2720,4,2.5,3,2.0,"98065",545000.0
1390,2,2.25,8,2.0,"98122",625000.0
4920,4,4.5,9,2.0,"98045",1042000.0
2134,3,2.5,7,2.5,"98027",611000.0
1741,3,2.5,3,2.0,"98030",300000.0
2560,3,2.5,14,2.0,"98053",577000.0
2220,4,2.5,1,2.0,"98038",349990.0
1910,3,2.5,9,2.0,"98029",650000.0
980,2,1.5,6,2.0,"98144",378000.0
1950,3,2.5,2,2.0,"98042",313200.0
4150,5,4.25,1,2.0,"98075",1206690.0
1110,2,1.5,6,2.0,"98118",252500.0
1250,3,2.5,6,2.0,"98106",308000.0
3310,4,2.5,11,2.0,"98052",803100.0
2020,4,2.5,5,2.0,"98059",415000.0
3310,4,3.5,5,2.0,"98053",785000.0
2798,4,2.5,3,2.0,"98055",499950.0
1847,4,2.5,7,2.0,"98001",216000.0
2420,4,2.5,6,2.0,"98038",380000.0
2020,4,2.5,3,2.0,"98038",345000.0
2400,4,2.5,8,2.0,"98059",456500.0
1760,3,2.5,1,1.0,"98038",382495.0
2110,4,2.5,2,2.0,"98042",324950.0
2692,4,2.5,1,2.0,"98030",436472.0
1490,3,2.25,6,2.0,"98028",365250.0
3960,5,3.25,1,2.0,"98075",919990.0
1740,4,2.5,3,2.0,"98042",316475.0
1940,4,2.5,5,1.0,"98028",425000.0
970,2,1.0,8,2.0,"98136",302860.0
1852,3,2.5,1,2.0,"98002",298000.0
5635,4,4.0,4,2.0,"98003",950000.0
1520,3,2.5,6,2.0,"98059",333000.0
2099,3,2.5,5,2.0,"98002",289950.0
1250,3,2.25,1,3.0,"98136",419950.0
1090,2,1.5,7,3.0,"98103",306000.0
3216,4,2.5,1,2.0,"98030",498445.0
2970,4,2.5,1,2.0,"98052",775950.0
2610,3,2.5,14,2.0,"98065",605000.0
1340,2,1.75,9,2.0,"98122",520000.0
3300,4,2.75,1,2.0,"98074",849990.0
1630,3,2.0,9,1.0,"98117",767450.0
1590,3,2.25,1,2.0,"98122",665000.0
1310,2,2.75,8,3.5,"98103",525000.0
3600,4,3.5,1,2.0,"98075",870515.0
2154,4,2.5,3,2.0,"98058",390000.0
1530,3,1.75,0,3.0,"98144",500000.0
1360,3,2.25,9,2.0,"98117",399950.0
1320,3,2.5,10,2.0,"98118",305000.0
1660,4,2.5,6,2.0,"98001",255000.0
2891,4,2.5,1,2.0,"98001",415000.0
2340,3,2.5,3,2.0,"98027",716500.0
2320,3,2.5,6,3.0,"98177",425000.0
2190,4,2.5,5,2.0,"98011",540000.0
2060,3,2.5,1,2.0,"98038",324747.0
1740,3,2.5,5,2.0,"98053",385000.0
1400,3,2.25,3,2.0,"98042",270000.0
4410,5,4.0,9,2.0,"98052",1240000.0
1780,3,2.5,7,2.0,"98103",672000.0
1760,3,2.5,5,2.0,"98038",310000.0
4410,3,3.5,1,2.0,"98056",3000000.0
5550,6,4.25,1,2.0,"98033",2350000.0
2432,3,2.5,10,2.0,"98001",427000.0
2283,3,2.5,7,2.0,"98031",389950.0
1860,3,2.5,3,2.0,"98019",309620.0
2701,4,2.5,1,2.0,"98092",399895.0
2930,4,2.5,1,2.0,"98030",442515.0
1540,3,2.25,5,3.0,"98103",375000.0
2242,3,2.5,1,2.0,"98092",309780.0
1950,3,2.5,8,2.0,"98065",425000.0
1160,2,3.0,8,2.0,"98144",405000.0
2060,3,2.5,1,2.0,"98092",356250.0
1230,3,2.25,2,3.0,"98199",550000.0
1160,2,1.5,14,2.0,"98144",340000.0
2245,4,2.5,1,2.0,"98038",362865.0
4120,4,3.5,1,2.0,"98034",1360000.0
3400,4,2.5,8,2.0,"98052",830000.0
4270,5,3.75,1,2.0,"98033",1598000.0
2890,4,3.5,1,2.0,"98075",855000.0
3220,5,3.5,7,2.0,"98033",1205000.0
4010,4,3.5,9,2.0,"98027",1385000.0
2260,4,3.5,2,2.0,"98188",400200.0
1140,2,1.0,8,1.5,"98126",235000.0
1640,3,2.0,6,1.0,"98038",349950.0
3510,4,2.75,1,2.0,"98059",659950.0
3010,3,2.75,4,2.0,"98075",785000.0
1060,2,2.25,9,2.0,"98199",475000.0
1658,3,2.5,1,2.0,"98198",263900.0
1960,3,2.5,3,2.0,"98038",342000.0
2420,3,2.5,1,2.0,"98038",367899.0
3420,3,3.5,1,1.5,"98059",657044.0
893,2,1.5,8,2.0,"98122",359950.0
3020,4,2.75,1,2.0,"98033",879950.0
2470,4,2.5,2,2.0,"98028",550000.0
2009,4,2.5,3,2.0,"98092",279000.0
1530,3,2.5,10,2.5,"98028",255000.0
1590,3,1.75,1,3.0,"98107",609500.0
2630,5,3.0,2,2.0,"98056",420000.0
3230,4,2.5,7,2.0,"98059",570000.0
1430,3,2.25,3,2.0,"98108",439000.0
2242,3,2.5,3,2.0,"98092",310000.0
2500,4,2.5,1,2.0,"98144",635000.0
1230,3,2.5,6,2.0,"98199",399950.0
3020,4,2.5,6,2.5,"98029",805000.0
3480,4,3.5,0,2.0,"98112",1800000.0
3330,4,3.0,7,1.0,"98103",1205000.0
3400,4,2.5,9,2.0,"98059",745000.0
830,2,1.5,10,2.0,"98144",329445.0
3110,5,3.0,8,2.0,"98011",588000.0
1910,3,2.5,1,2.0,"98029",494815.0
3230,3,2.75,1,2.0,"98065",591975.0
3380,5,2.75,4,2.0,"98059",600000.0
2830,3,2.75,3,2.0,"98029",673000.0
3700,5,3.5,1,2.0,"98074",889950.0
2520,4,3.0,13,2.0,"98065",500000.0
1530,3,2.25,8,2.0,"98107",500000.0
4420,4,4.25,9,2.0,"98027",890000.0
1460,3,3.0,9,3.0,"98117",437000.0
1450,3,2.25,9,2.0,"98116",419700.0
1160,3,2.0,85,1.0,"98136",394000.0
1640,3,2.0,5,1.0,"98038",342000.0
1444,3,1.75,7,1.5,"98070",420000.0
1100,2,1.5,8,2.0,"98118",343000.0
1340,2,1.5,7,2.0,"98144",390000.0
1450,3,1.5,4,2.0,"98038",274000.0
3040,4,2.5,7,2.0,"98177",700000.0
2560,4,2.5,9,2.0,"98136",838000.0
2744,6,3.0,9,2.0,"98002",300000.0
1420,3,2.25,7,3.0,"98103",467000.0
700,2,1.0,72,1.0,"98108",395000.0
4110,5,4.25,15,2.0,"98023",734000.0
2670,5,2.75,2,2.0,"98059",480000.0
2130,3,2.75,5,2.0,"98118",539000.0
3078,5,2.75,1,2.0,"98042",459950.0
840,2,1.0,9,2.0,"98136",306500.0
1800,3,2.5,1,2.0,"98065",408474.0
2580,3,2.75,7,2.0,"98059",437000.0
1270,3,1.5,3,2.0,"98108",160797.0
3065,4,3.5,1,3.0,"98056",729000.0
1861,3,2.5,8,2.0,"98034",499000.0
2260,4,2.75,1,2.0,"98042",359950.0
4150,5,3.25,2,2.0,"98074",929000.0
1500,2,2.5,1,2.0,"98107",529950.0
1620,3,2.25,3,2.5,"98027",461000.0
830,2,1.5,10,2.0,"98136",271115.0
3120,4,2.5,12,2.0,"98053",653000.0
1870,3,2.5,8,3.0,"98103",565000.0
1240,3,2.25,1,3.0,"98107",529950.0
2820,4,2.5,8,2.0,"98028",585000.0
1630,3,1.75,1,3.0,"98103",609000.0
1584,3,2.25,3,2.0,"98002",267000.0
2840,4,2.5,3,2.0,"98028",557000.0
3910,4,3.25,9,2.0,"98065",709950.0
1730,3,2.5,4,3.0,"98103",625000.0
1840,3,2.75,2,2.0,"98027",599000.0
4030,4,3.75,7,2.0,"98045",920000.0
3440,4,3.5,1,3.0,"98112",1285000.0
2110,4,2.5,3,2.0,"98042",324500.0
2430,3,2.5,6,2.0,"98065",471500.0
4690,4,3.75,8,2.0,"98019",1015000.0
3500,4,3.5,1,2.0,"98006",998000.0
2070,4,2.5,9,2.0,"98188",262000.0
3350,4,3.5,6,2.0,"98116",844000.0
2440,4,2.5,2,2.0,"98052",745641.0
3010,5,3.0,7,2.0,"98133",659950.0
2060,3,2.5,1,2.0,"98038",339989.0
1570,2,2.5,6,2.0,"98106",352500.0
1580,3,2.5,7,2.0,"98112",525000.0
4280,5,3.5,1,2.0,"98075",1138990.0
2815,5,3.5,4,2.0,"98030",491000.0
2620,4,2.5,4,2.0,"98029",675000.0
1250,3,2.25,8,3.0,"98103",344000.0
3250,4,2.5,7,2.0,"98059",530000.0
2510,4,3.25,12,2.0,"98055",290500.0
1270,2,1.75,3,2.0,"98108",335000.0
6670,5,4.0,8,2.0,"98004",2998000.0
1580,3,2.5,2,2.0,"98126",379000.0
1360,3,1.5,7,3.0,"98103",385000.0
2400,4,2.5,53,1.0,"98059",500012.0
1571,3,3.0,7,3.0,"98125",366750.0
1405,2,2.0,8,2.0,"98122",405000.0
1010,3,1.5,44,2.0,"98144",356999.0
1450,2,2.5,9,2.0,"98105",590000.0
1420,3,1.75,1,2.0,"98108",294000.0
2650,4,2.5,2,2.0,"98053",731500.0
3030,5,2.75,1,2.0,"98074",837219.0
6530,4,5.5,7,2.0,"98014",1600000.0
2670,3,2.75,2,1.0,"98056",798800.0
1170,2,2.5,8,2.0,"98103",482500.0
3260,4,2.5,8,2.0,"98027",820000.0
1480,3,1.5,8,3.0,"98125",319000.0
2700,3,2.5,2,2.0,"98056",950000.0
4640,4,3.5,8,2.0,"98059",1267500.0
1601,3,2.5,8,3.0,"98125",378000.0
2540,3,2.5,4,2.0,"98118",489950.0
1030,2,1.75,9,2.0,"98136",345000.0
2730,3,2.5,3,2.0,"98198",510000.0
3172,4,2.5,1,2.0,"98023",432500.0
3160,4,2.5,9,2.0,"98059",650000.0
2850,4,2.5,7,2.0,"98033",750000.0
2780,4,3.5,1,2.0,"98117",870000.0
3860,4,3.5,1,2.0,"98075",900000.0
1180,2,1.75,1,2.0,"98102",664950.0
1410,3,2.25,11,2.0,"98027",391000.0
6370,4,3.5,7,2.0,"98027",1800000.0
3223,5,3.0,1,2.0,"98042",479349.0
2600,4,3.25,4,2.0,"98027",661000.0
1380,3,3.25,9,3.0,"98103",379000.0
1620,3,2.25,5,2.5,"98027",415000.0
1370,3,3.25,8,3.0,"98103",375000.0
1220,3,2.0,8,3.0,"98103",355000.0
1280,3,2.5,6,3.0,"98105",540000.0
770,2,1.5,9,2.0,"98116",290000.0
1210,3,2.5,7,3.0,"98103",500000.0
2890,4,2.5,4,2.0,"98038",416000.0
1580,3,2.5,4,2.0,"98126",349900.0
1530,3,2.25,1,2.0,"98122",465000.0
3670,4,2.5,8,2.5,"98029",950000.0
1850,4,2.25,1,2.5,"98126",496800.0
2440,4,2.5,1,2.0,"98133",680000.0
2190,4,3.25,0,2.0,"98122",920000.0
4360,5,4.0,0,2.0,"98075",1289990.0
3990,4,2.75,12,2.0,"98053",825000.0
1270,3,2.5,8,3.0,"98125",292000.0
3340,4,2.5,6,2.0,"98059",576000.0
1500,2,2.0,7,3.0,"98103",670000.0
3120,4,3.5,7,2.0,"98115",953007.0
2480,4,2.5,3,2.0,"98038",399000.0
1110,2,2.0,7,3.0,"98136",399000.0
2760,4,2.75,1,2.0,"98075",847093.0
1510,3,2.5,1,3.0,"98107",599950.0
1460,3,2.5,8,2.0,"98117",499000.0
3980,4,2.75,9,2.0,"98045",760000.0
3320,4,3.75,1,2.0,"98004",1699990.0
3270,4,3.25,1,2.0,"98052",1033890.0
2670,4,2.5,9,2.0,"98059",515000.0
1410,3,2.25,11,2.0,"98027",355000.0
1600,3,3.5,9,2.0,"98117",460000.0
1608,3,2.5,3,2.0,"98092",280000.0
1300,2,2.25,4,2.0,"98136",394950.0
2530,4,3.5,1,2.0,"98146",382000.0
1390,3,2.5,7,3.0,"98103",560000.0
1640,3,2.25,1,3.0,"98112",772000.0
2229,4,2.5,3,2.0,"98032",324950.0
1790,3,2.5,5,2.0,"98027",530000.0
990,3,2.25,6,2.5,"98105",384000.0
3240,5,2.75,2,2.0,"98056",719950.0
1280,2,2.5,9,2.0,"98103",319950.0
1610,3,2.5,9,2.0,"98055",292000.0
3670,6,3.5,7,2.0,"98119",1500000.0
1150,2,2.5,7,3.0,"98103",425000.0
3760,5,3.75,1,2.0,"98034",799950.0
1320,2,2.5,1,2.0,"98107",499000.0
2700,4,2.75,3,2.0,"98059",572000.0
1480,2,2.0,7,3.0,"98122",459000.0
3135,4,2.5,10,2.0,"98092",374500.0
1480,3,2.5,8,2.0,"98102",584000.0
4020,4,4.5,8,2.0,"98004",1898000.0
1060,2,2.25,9,2.0,"98102",505000.0
1950,2,2.5,6,3.0,"98144",565000.0
3340,4,2.75,4,2.0,"98052",799000.0
1570,3,2.5,8,2.5,"98199",547000.0
1930,3,2.5,1,2.0,"98166",550000.0
1590,3,2.0,19,1.0,"98038",250000.0
3720,4,4.5,1,2.0,"98034",960000.0
4470,4,4.25,5,2.0,"98199",2950000.0
1290,2,1.0,10,2.0,"98144",441000.0
1489,3,2.25,3,2.0,"98002",265000.0
2075,3,2.5,3,1.0,"98038",430000.0
1413,3,2.5,4,2.0,"98031",286800.0
1300,3,2.5,7,2.0,"98144",375000.0
1480,3,3.25,2,2.0,"98106",312500.0
3320,4,2.75,3,2.0,"98075",850000.0
1530,3,2.25,8,2.0,"98177",390500.0
1180,3,2.5,5,3.0,"98119",455000.0
1190,2,2.0,6,2.0,"98107",455000.0
1300,3,2.25,7,3.0,"98103",515000.0
1710,3,3.5,2,2.0,"98126",362500.0
2390,3,2.5,8,2.0,"98058",460000.0
3510,4,3.5,5,2.0,"98065",540000.0
1140,3,1.75,1,2.0,"98108",230000.0
1320,2,2.5,8,2.0,"98107",425000.0
2100,5,3.0,8,1.0,"98003",298450.0
2400,4,2.5,11,2.0,"98038",344000.0
1408,3,2.5,10,3.0,"98115",416286.0
2560,4,2.5,2,2.0,"98092",379500.0
1260,2,2.5,10,3.0,"98103",350000.0
1290,2,1.75,1,2.0,"98106",258800.0
2730,4,2.5,7,2.0,"98133",620000.0
1630,2,2.5,6,2.0,"98106",295000.0
3530,4,2.75,1,2.0,"98075",908990.0
2714,4,2.5,1,2.0,"98031",485230.0
1630,3,2.25,10,2.0,"98029",475000.0
5790,5,3.25,1,2.0,"98006",1240420.0
2230,3,3.0,2,2.5,"98027",635000.0
1380,3,2.5,3,2.0,"98126",350000.0
1320,3,3.5,5,3.0,"98125",345000.0
1490,2,2.0,1,3.0,"98109",700000.0
1280,3,2.25,7,2.0,"98107",490000.0
3870,5,4.0,1,2.0,"98052",1299890.0
1280,2,2.5,6,2.0,"98119",579000.0
1300,3,1.5,8,2.0,"98122",552500.0
2170,4,2.75,3,2.0,"98059",467000.0
1763,4,2.25,3,2.0,"98031",305000.0
1020,2,1.5,11,2.0,"98133",212000.0
1840,4,2.5,5,2.0,"98053",429000.0
1820,3,2.0,1,3.0,"98126",479950.0
2670,3,3.5,1,2.0,"98117",825000.0
6260,6,6.5,8,2.0,"98075",1180000.0
1400,3,2.25,3,2.0,"98042",250000.0
1160,2,1.5,33,2.0,"98034",289000.0
1400,3,2.5,2,2.0,"98146",265000.0
1232,3,2.5,8,3.0,"98125",344000.0
2700,4,2.75,105,2.0,"98116",749000.0
2550,4,2.5,8,2.0,"98065",492000.0
3260,4,2.5,7,2.0,"98059",552500.0
1680,2,2.5,1,2.0,"98102",653500.0
2630,4,3.25,9,2.0,"98117",855000.0
1260,3,1.5,16,2.0,"98006",333000.0
2550,4,2.5,6,2.0,"98059",415000.0
3450,4,3.25,7,2.0,"98178",445000.0
1550,3,2.5,6,2.0,"98002",273500.0
4150,4,2.5,1,2.0,"98075",969990.0
3900,5,3.5,1,2.0,"98107",1200000.0
1550,3,3.25,9,3.0,"98115",430000.0
2130,4,2.5,1,2.0,"98146",392000.0
2890,4,2.5,10,2.0,"98006",795000.0
1220,3,2.5,7,2.0,"98117",457000.0
2502,4,2.5,2,2.0,"98001",453000.0
1340,3,2.0,7,3.0,"98103",376000.0
2350,4,2.5,1,2.0,"98059",469995.0
1810,3,2.5,7,2.0,"98053",540000.0
3310,4,2.5,3,2.0,"98065",555000.0
1620,3,2.0,9,1.0,"98118",445000.0
1070,2,2.0,7,2.0,"98106",256950.0
2230,4,2.5,4,2.0,"98002",297000.0
1970,4,2.5,10,2.0,"98038",320000.0
4600,5,4.5,9,2.0,"98065",805000.0
3110,4,2.75,1,2.0,"98052",799990.0
3490,4,2.5,8,2.0,"98072",680000.0
1600,3,2.5,8,2.0,"98108",395000.0
1960,3,2.5,5,2.0,"98117",732000.0
1000,2,2.5,11,2.0,"98118",163800.0
1000,2,2.5,11,2.0,"98118",220000.0
1500,2,2.0,16,3.0,"98133",308625.0
2424,3,2.5,1,2.0,"98042",375000.0
2303,4,2.5,9,2.0,"98092",300000.0
1880,3,2.5,6,2.0,"98042",284000.0
1210,2,2.0,1,2.0,"98112",610000.0
3720,4,3.25,3,2.0,"98053",955000.0
3610,4,2.75,1,2.0,"98033",982000.0
1360,3,1.5,7,3.0,"98103",359000.0
2590,5,2.5,1,2.0,"98052",779380.0
4390,5,3.25,8,2.0,"98040",1510000.0
2290,3,3.0,1,2.5,"98027",635000.0
3880,4,3.75,8,2.5,"98029",1060000.0
1350,3,2.5,9,3.0,"98136",389500.0
2170,5,2.5,1,2.0,"98106",359800.0
1296,3,3.0,6,3.0,"98125",399950.0
1530,3,3.25,2,2.0,"98106",320000.0
1489,3,2.5,1,2.0,"98002",255900.0
2130,4,2.5,1,2.0,"98146",380000.0
1430,3,2.75,6,2.0,"98119",580000.0
2380,5,3.75,7,1.0,"98106",545000.0
1420,3,2.5,7,2.0,"98136",451300.0
3450,4,3.25,1,2.0,"98074",852880.0
1914,4,2.5,6,2.0,"98055",305000.0
988,2,1.5,8,3.0,"98125",295000.0
1584,3,2.25,3,2.0,"98002",261000.0
2630,4,2.5,14,2.0,"98065",560000.0
3520,4,3.25,3,2.0,"98053",795000.0
2380,4,2.5,9,2.0,"98038",384950.0
1410,3,1.75,3,3.0,"98103",500000.0
3220,4,3.5,2,2.0,"98065",640000.0
3266,4,3.25,1,2.0,"98023",418000.0
2550,3,2.0,8,2.0,"98115",799000.0
3828,4,3.5,1,2.5,"98001",552900.0
1670,3,2.25,1,3.0,"98136",539950.0
3056,4,2.5,1,2.0,"98001",524225.0
1000,2,1.5,10,3.0,"98115",424950.0
1530,3,3.25,8,2.0,"98117",560000.0
3490,5,3.0,6,2.0,"98011",715000.0
2760,5,2.5,9,2.0,"98108",300000.0
1440,3,2.5,10,2.0,"98029",405000.0
1370,3,3.0,6,3.0,"98133",327000.0
3180,6,4.0,1,2.0,"98074",859950.0
2720,4,3.0,7,2.0,"98133",560000.0
3220,3,2.5,7,2.0,"98059",625000.0
2370,3,2.5,1,2.0,"98038",398096.0
1410,3,2.5,8,2.0,"98106",315000.0
3640,4,3.5,1,2.0,"98052",939000.0
1920,3,2.5,12,2.0,"98052",674000.0
2267,4,2.5,1,2.0,"98092",306000.0
5780,5,4.75,9,2.0,"98040",2321000.0
1131,2,1.0,4,3.0,"98115",394950.0
2940,3,3.5,1,2.0,"98075",914154.0
2180,3,2.5,5,2.0,"98011",496000.0
1400,3,2.25,6,2.0,"98144",430100.0
2680,4,2.5,2,2.0,"98045",449990.0
2680,4,2.5,2,2.0,"98045",502000.0
1300,3,2.5,10,2.0,"98118",310000.0
2796,4,3.5,2,2.5,"98001",349950.0
1460,2,1.75,7,2.0,"98103",625000.0
4210,4,3.5,1,2.0,"98075",1054710.0
2330,4,2.75,10,2.0,"98029",680000.0
3930,4,3.5,2,2.0,"98027",828950.0
1608,3,2.5,1,2.0,"98092",274950.0
1610,2,2.25,36,2.0,"98056",293000.0
3200,4,3.5,8,2.0,"98029",795000.0
1710,4,2.5,1,2.0,"98002",282900.0
3050,5,3.75,1,2.0,"98033",909950.0
3560,4,3.5,1,2.0,"98074",922755.0
2650,4,2.5,9,2.0,"98001",424000.0
3490,3,2.5,6,2.0,"98059",630000.0
4140,4,3.25,8,2.0,"98011",810000.0
1670,3,2.0,1,1.0,"98022",256703.0
1720,3,2.5,5,2.0,"98053",386380.0
1510,2,2.0,5,1.0,"98053",485000.0
1450,3,2.25,5,2.0,"98038",275000.0
1812,4,2.5,4,2.0,"98055",370000.0
1060,2,2.25,10,2.0,"98102",499950.0
1600,3,2.5,6,3.0,"98144",502000.0
1530,3,3.25,10,2.0,"98122",654000.0
2070,4,2.25,2,3.0,"98116",575000.0
3630,4,2.5,7,2.0,"98188",500000.0
2140,3,2.5,10,2.0,"98027",554000.0
2010,4,1.75,55,1.0,"98059",360000.0
2630,4,2.75,0,2.0,"98028",619990.0
2233,4,2.5,3,2.0,"98001",317500.0
2990,4,2.75,1,2.0,"98028",564950.0
1240,2,1.25,1,2.0,"98117",545000.0
2230,3,2.5,9,2.0,"98042",333700.0
3700,3,3.25,17,2.0,"98033",1480000.0
2290,4,3.0,3,2.0,"98028",530000.0
950,2,1.5,9,3.0,"98107",396000.0
1120,2,1.75,3,2.0,"98027",305000.0
2420,5,3.5,2,2.0,"98118",380000.0
1714,4,2.5,5,2.0,"98055",305000.0
2230,4,2.5,4,2.0,"98056",440000.0
2530,4,3.0,2,2.0,"98148",459000.0
1550,3,3.5,10,2.0,"98122",530000.0
3110,4,2.75,3,2.0,"98059",600000.0
2100,3,3.0,7,2.0,"98144",515000.0
2150,4,2.5,8,2.0,"98002",275000.0
1630,3,1.75,1,2.0,"98107",540000.0
2230,3,2.5,10,2.0,"98065",445000.0
1320,3,2.5,6,3.0,"98106",285000.0
1590,3,2.5,5,2.0,"98144",480000.0
2610,5,3.25,10,2.0,"98118",440000.0
1440,3,2.5,7,2.0,"98146",287450.0
2630,4,2.5,9,2.0,"98059",507950.0
3390,3,3.5,3,2.0,"98056",750000.0
1400,3,1.5,8,3.0,"98115",425000.0
1900,3,3.5,6,2.0,"98126",420000.0
1350,3,2.5,9,3.0,"98136",394950.0
3420,4,3.25,3,2.0,"98065",635000.0
2150,3,2.5,20,2.0,"98038",513000.0
2110,4,2.5,3,2.0,"98038",380000.0
3810,4,3.25,8,1.0,"98033",1130000.0
2870,5,3.0,8,2.0,"98011",540000.0
1240,2,2.25,6,2.0,"98027",352499.0
3610,4,3.5,7,2.0,"98058",603000.0
2310,4,2.5,2,2.0,"98177",685000.0
1930,4,3.0,9,1.0,"98019",330675.0
1390,3,3.0,9,2.0,"98118",275000.0
1578,3,2.5,5,2.0,"98030",259950.0
1720,3,2.0,4,1.0,"98014",441000.0
4700,5,3.75,9,2.0,"98033",1135000.0
1970,3,3.5,8,2.0,"98144",590000.0
1460,3,2.25,3,2.0,"98116",497000.0
1930,3,2.5,1,2.0,"98001",345500.0
1300,3,2.25,9,2.0,"98102",562500.0
1445,3,2.25,10,2.0,"98027",355000.0
860,2,2.25,6,2.0,"98118",345000.0
3040,3,2.5,8,2.0,"98056",478000.0
2424,3,2.5,1,2.0,"98030",391500.0
1084,2,1.5,39,2.0,"98125",265000.0
2510,3,2.5,10,2.0,"98106",395000.0
1220,2,1.5,9,3.0,"98133",286308.0
1280,2,2.25,6,2.0,"98118",370000.0
3740,5,3.5,1,2.0,"98117",1079000.0
1852,3,2.5,1,2.0,"98002",298900.0
2580,4,2.5,8,2.0,"98029",775000.0
3190,4,3.5,5,2.0,"98027",790000.0
3400,3,2.5,1,2.0,"98115",1050000.0
1090,2,1.5,33,2.0,"98034",249000.0
2360,3,2.0,4,1.0,"98030",348000.0
2460,5,2.5,4,2.0,"98038",358000.0
2025,5,2.5,8,2.0,"98001",260000.0
4410,4,3.0,9,2.0,"98065",765000.0
2810,3,2.5,10,2.0,"98052",739000.0
4490,5,3.5,9,2.0,"98027",890000.0
3070,4,2.5,9,2.0,"98055",462000.0
1984,4,2.5,53,1.0,"98198",380000.0
4750,5,3.5,2,2.0,"98198",770000.0
2760,4,3.25,1,2.0,"98056",641000.0
4360,4,4.0,8,2.5,"98008",2300000.0
3060,4,2.5,7,1.5,"98022",369000.0
2770,4,3.0,1,2.0,"98109",1112000.0
2990,5,2.5,0,2.0,"98133",357000.0
1540,3,2.75,13,2.0,"98102",650000.0
1400,3,2.5,8,3.5,"98103",563500.0
1680,3,2.5,8,2.0,"98155",345000.0
2260,3,2.0,3,1.0,"98058",479950.0
3400,4,3.5,3,2.0,"98065",660000.0
2930,4,2.5,8,2.0,"98006",800000.0
1239,3,2.0,6,1.0,"98030",253101.0
2100,3,3.5,4,2.0,"98118",555000.0
1200,4,1.0,82,1.5,"98133",240000.0
1200,4,1.0,82,1.5,"98133",380000.0
680,2,1.5,10,2.0,"98103",239000.0
2690,4,3.25,1,2.0,"98136",760000.0
2750,4,2.5,4,2.0,"98019",430000.0
2450,3,2.5,5,2.0,"98053",660000.0
2620,4,2.5,1,2.0,"98146",399963.0
1130,2,2.0,8,2.0,"98122",411000.0
2790,4,2.75,1,2.0,"98045",483453.0
1820,3,2.0,1,3.0,"98126",469950.0
2910,4,2.75,2,2.0,"98045",504058.0
2568,4,2.5,1,2.0,"98092",425996.0
3090,4,2.75,5,2.0,"98074",760005.0
1460,2,2.0,1,2.0,"98112",699999.0
2010,3,2.5,1,2.0,"98122",749950.0
2610,4,2.5,9,2.0,"98103",674600.0
960,2,1.5,7,2.0,"98103",450000.0
1528,3,2.5,4,2.0,"98030",272000.0
1310,2,1.5,9,2.0,"98106",450000.0
1760,3,2.25,0,3.0,"98116",643950.0
1420,3,2.5,8,2.0,"98133",290000.0
1650,3,2.5,8,3.0,"98133",378000.0
2320,3,2.5,7,1.0,"98053",728050.0
2628,4,2.5,1,2.0,"98001",499160.0
2520,4,2.5,6,2.0,"98072",536000.0
2880,5,3.5,3,2.0,"98038",419900.0
1440,3,2.25,1,3.0,"98117",469000.0
2185,3,2.5,6,2.0,"98030",374000.0
1500,4,1.5,1,2.0,"98108",182568.0
1769,3,2.5,3,2.0,"98092",334888.0
3650,4,4.0,2,2.0,"98006",799900.0
2160,4,2.5,5,2.0,"98038",383000.0
1820,3,2.5,16,2.0,"98014",580000.0
2370,3,2.5,1,2.0,"98038",351999.0
3180,3,3.0,7,2.0,"98109",1325000.0
1780,3,2.5,4,2.0,"98038",312000.0
2650,4,3.5,4,2.0,"98027",674950.0
3300,5,2.75,8,2.0,"98052",1105000.0
1160,2,2.5,8,3.0,"98107",415000.0
3460,3,3.0,8,2.0,"98116",1250000.0
1390,3,2.5,6,2.0,"98118",208800.0
1260,2,2.5,9,3.0,"98107",452000.0
2940,5,2.75,5,2.0,"98052",837000.0
3190,5,3.5,2,2.0,"98052",780000.0
3930,4,3.5,8,2.0,"98105",1485000.0
3570,5,3.75,1,2.0,"98040",1600000.0
2420,3,2.5,1,2.0,"98038",369946.0
3400,3,2.75,6,2.0,"98056",530000.0
2478,4,2.5,3,2.0,"98030",386000.0
3070,4,2.5,6,2.0,"98144",1900000.0
3200,4,3.5,2,2.0,"98198",735000.0
5790,5,3.25,1,2.0,"98006",1750000.0
1590,3,2.25,1,3.0,"98136",489950.0
1730,3,3.0,7,2.0,"98106",357500.0
2303,4,2.5,2,2.0,"98001",329995.0
1790,3,2.5,2,2.0,"98065",414000.0
2490,3,3.5,10,2.0,"98027",533500.0
2669,4,2.5,1,2.0,"98092",402395.0
2610,4,3.25,7,2.0,"98027",725000.0
6160,6,5.25,8,2.0,"98074",1275000.0
1290,2,1.75,1,2.0,"98106",239800.0
3560,5,3.5,2,2.0,"98106",616950.0
4360,4,3.25,8,2.0,"98027",1258000.0
1230,3,2.25,6,2.0,"98199",435000.0
3640,4,3.25,10,2.0,"98074",925000.0
1780,2,2.5,34,3.0,"98107",631500.0
1140,3,1.5,10,3.0,"98103",399995.0
1270,3,2.0,9,3.0,"98103",369950.0
2780,5,3.5,10,2.0,"98059",475000.0
1912,4,2.5,3,2.0,"98001",353000.0
2300,4,2.5,9,2.0,"98023",329950.0
2828,3,2.5,2,2.0,"98030",367000.0
2425,4,2.5,2,2.0,"98001",447500.0
3730,4,3.25,0,2.0,"98103",595000.0
730,1,1.0,6,1.0,"98144",325000.0
1990,2,2.5,10,3.0,"98102",690000.0
1300,3,2.5,7,2.0,"98144",329950.0
2560,4,2.5,1,2.0,"98188",399500.0
2450,5,2.5,8,2.0,"98011",555000.0
1440,2,1.5,4,2.0,"98126",427000.0
1140,3,2.25,8,3.0,"98103",375000.0
1110,2,1.5,10,2.0,"98119",499000.0
2620,3,2.5,2,2.0,"98053",750000.0
1690,3,2.5,1,2.0,"98106",336900.0
1950,2,2.75,6,3.0,"98144",555000.0
3530,4,3.5,8,2.0,"98033",1275000.0
3310,4,3.5,1,2.0,"98116",999950.0
2620,5,3.0,6,2.0,"98115",975000.0
1350,3,2.25,5,2.0,"98031",299000.0
1741,2,2.5,8,2.0,"98034",479000.0
1650,3,2.5,8,3.0,"98133",428000.0
1890,3,2.5,3,2.0,"98074",409000.0
1950,3,3.0,6,3.0,"98004",798500.0
4490,4,3.5,9,2.0,"98065",689000.0
3206,6,2.25,3,2.0,"98032",375000.0
4130,4,3.5,4,2.0,"98042",775000.0
2800,5,3.0,1,2.0,"98059",639983.0
1984,4,3.0,5,2.0,"98002",300000.0
2750,4,2.5,1,2.0,"98059",627000.0
1740,3,2.75,5,1.0,"98022",275000.0
1800,4,2.25,1,2.0,"98106",352800.0
1540,3,2.25,7,3.0,"98103",565000.0
2030,4,2.25,0,2.0,"98117",765000.0
3310,4,2.5,8,2.0,"98072",644000.0
1270,3,1.5,8,3.0,"98115",461000.0
2406,5,2.5,9,2.0,"98001",270500.0
2820,4,2.5,2,2.0,"98001",457000.0
2540,5,2.5,1,2.0,"98168",355000.0
1230,2,2.25,8,3.0,"98103",356000.0
1900,4,2.5,1,2.0,"98106",425000.0
2920,5,2.75,8,2.0,"98059",562500.0
1450,3,2.5,7,2.0,"98107",460000.0
5370,4,3.0,10,2.0,"98042",790000.0
1270,3,2.0,9,3.0,"98103",401000.0
2550,3,2.5,1,2.0,"98115",1095000.0
3070,4,3.0,8,2.0,"98052",850000.0
1450,3,2.25,5,2.0,"98038",274500.0
4230,5,3.5,7,2.0,"98004",1940000.0
3480,4,2.5,12,2.0,"98053",808000.0
1490,3,2.25,6,2.0,"98106",312000.0
1200,3,2.25,10,3.0,"98133",320000.0
2150,3,2.5,2,2.0,"98019",410000.0
3690,3,3.5,14,2.0,"98065",725000.0
1900,4,2.5,8,2.0,"98178",335000.0
1690,4,3.25,1,2.0,"98052",519990.0
2790,4,2.75,2,2.0,"98045",533112.0
1936,3,2.0,1,2.0,"98001",274900.0
1150,2,2.25,2,2.0,"98027",325000.0
2040,4,2.5,4,2.0,"98168",350000.0
2470,4,2.5,9,2.0,"98028",550000.0
1890,4,2.5,1,2.0,"98042",311850.0
1626,3,2.5,8,2.5,"98122",526000.0
2250,4,2.5,3,2.0,"98038",375000.0
1350,3,2.25,8,2.0,"98106",299999.0
1460,3,2.5,7,2.0,"98107",436000.0
2056,3,2.5,1,2.0,"98092",303000.0
1160,2,2.5,3,2.0,"98119",525000.0
1384,3,3.0,9,2.0,"98102",575000.0
1100,2,1.5,7,3.0,"98103",420000.0
2456,3,2.5,3,2.0,"98023",329950.0
4500,4,4.25,6,2.0,"98029",1830000.0
3780,4,3.25,9,1.0,"98006",1175000.0
1320,2,2.5,1,2.0,"98107",499950.0
5940,4,3.0,11,2.0,"98065",1149000.0
1650,3,2.0,6,1.5,"98065",400000.0
1670,3,3.0,1,1.0,"98022",246950.0
1610,3,3.25,10,2.0,"98102",630000.0
3370,5,2.75,9,2.0,"98059",561000.0
2660,4,2.5,5,2.0,"98042",287000.0
1690,3,3.25,7,2.0,"98109",600000.0
1620,3,2.25,1,3.0,"98122",490000.0
1300,3,1.75,4,2.0,"98108",330000.0
1610,4,2.5,2,2.0,"98042",286950.0
3530,3,3.25,0,2.0,"98109",1550000.0
3550,4,2.5,8,2.0,"98052",880000.0
1730,3,3.0,1,3.0,"98117",577450.0
2400,5,2.75,4,2.0,"98038",405000.0
1420,3,2.5,1,3.0,"98107",510000.0
1220,2,1.5,7,2.5,"98199",465000.0
2360,4,2.25,2,2.0,"98112",1300000.0
3990,4,3.5,8,2.0,"98055",609000.0
1260,3,2.5,11,3.0,"98103",336000.0
1580,3,2.5,2,2.0,"98126",375000.0
1760,3,2.5,10,2.0,"98059",294500.0
3420,5,3.5,7,2.0,"98115",925000.0
2870,5,2.75,9,2.0,"98052",730000.0
1934,4,2.5,2,2.0,"98001",280000.0
1220,3,1.5,1,3.0,"98107",500000.0
2450,3,2.75,2,2.0,"98065",605000.0
1860,3,3.25,8,3.0,"98155",379950.0
1500,3,2.5,7,3.0,"98109",605000.0
1570,2,1.75,8,3.0,"98004",720000.0
1280,3,2.0,1,2.0,"98122",549900.0
3192,3,2.5,1,2.0,"98023",427000.0
1690,3,2.5,10,3.0,"98122",492000.0
1590,2,2.5,1,2.0,"98029",419190.0
2870,3,2.5,3,2.0,"98011",650000.0
2580,4,2.5,10,2.0,"98038",379950.0
1830,4,2.75,3,2.0,"98198",269800.0
2927,4,2.5,4,2.0,"98042",407000.0
1320,3,1.5,7,3.0,"98103",580000.0
1720,3,2.5,4,2.0,"98053",389700.0
828,2,1.0,47,1.0,"98001",110000.0
1040,3,1.5,0,2.0,"98144",230000.0
2790,4,2.75,1,2.0,"98045",533380.0
1410,3,2.5,1,2.0,"98108",295500.0
4040,4,4.5,9,2.0,"98052",860000.0
3370,4,3.5,8,2.0,"98029",812000.0
1660,3,2.5,6,2.0,"98118",324500.0
910,2,1.75,11,1.0,"98038",193000.0
1280,3,2.25,10,3.0,"98103",355000.0
2360,4,2.75,7,2.0,"98028",525000.0
2529,3,2.5,3,2.0,"98042",370950.0
4700,4,3.5,13,1.0,"98033",1242000.0
2780,3,2.5,9,1.0,"98045",950000.0
3540,4,2.75,1,2.0,"98074",888990.0
1580,3,2.5,1,2.0,"98107",705000.0
1700,3,2.5,1,2.0,"98168",268000.0
1600,3,2.5,2,2.0,"98056",305450.0
1410,2,1.75,4,1.5,"98027",399900.0
1580,3,1.5,1,3.0,"98115",495000.0
3940,3,3.5,1,2.0,"98166",857326.0
4450,5,2.75,1,2.0,"98011",845950.0
2009,4,2.5,1,2.0,"98092",303210.0
2732,6,5.0,6,2.0,"98002",343000.0
2090,3,2.5,10,2.0,"98042",300000.0
980,2,2.5,7,3.0,"98117",334900.0
2815,5,3.5,3,2.0,"98055",477500.0
3170,4,2.5,7,2.0,"98033",820000.0
3030,5,3.25,1,2.0,"98106",580000.0
1280,2,2.5,9,2.0,"98103",350000.0
2030,3,2.5,8,3.0,"98004",910000.0
2490,3,2.5,3,2.5,"98059",414000.0
3030,3,2.5,6,2.0,"98059",525000.0
1470,2,2.5,7,3.0,"98103",650000.0
1620,3,2.25,3,2.5,"98027",450000.0
5520,4,3.0,7,2.0,"98006",1270000.0
3200,3,3.5,8,2.0,"98011",699000.0
2580,4,2.5,2,2.0,"98033",899000.0
2050,4,3.0,1,2.0,"98001",353500.0
2430,3,2.5,4,2.0,"98065",485000.0
3060,4,3.25,1,2.0,"98027",782900.0
1540,2,2.0,7,2.0,"98177",529000.0
1310,3,3.25,7,2.0,"98107",514700.0
1800,3,2.5,1,2.0,"98065",409316.0
2370,3,2.5,1,2.0,"98038",388598.0
1445,3,2.25,11,2.0,"98027",415000.0
1450,3,2.25,9,2.0,"98122",521500.0
3560,4,2.5,1,3.0,"98052",882566.0
2130,3,2.75,5,2.0,"98118",525000.0
2980,5,2.75,8,2.0,"98028",515000.0
2840,3,3.0,1,2.0,"98065",589410.0
3420,4,2.5,6,2.0,"98052",757500.0
1660,3,2.5,2,2.0,"98038",284000.0
1150,2,2.25,2,2.0,"98027",338500.0
1410,3,2.25,10,2.0,"98027",379500.0
1420,3,2.0,8,2.5,"98109",550000.0
1860,3,2.5,5,2.0,"98038",294900.0
1340,2,1.5,7,2.0,"98144",345000.0
1530,2,1.5,10,2.0,"98122",450000.0
1509,3,2.5,1,3.0,"98133",420000.0
2350,3,2.5,2,2.0,"98029",740000.0
1010,2,1.5,8,3.0,"98125",286000.0
4495,5,3.5,2,2.0,"98011",870000.0
1580,3,2.5,6,3.0,"98119",727000.0
2750,4,3.0,3,2.0,"98038",395000.0
1890,4,2.25,10,2.0,"98029",535000.0
1320,3,2.25,8,2.0,"98106",255000.0
2150,4,2.5,9,2.0,"98002",260000.0
3340,4,2.5,1,2.0,"98052",810000.0
1850,3,2.5,5,2.0,"98053",359782.0
1950,2,2.5,3,2.0,"98118",500000.0
4240,5,3.25,1,2.0,"98053",1049990.0
2700,4,3.5,9,2.0,"98118",810000.0
3040,5,4.0,4,2.0,"98065",605000.0
2460,4,2.5,10,2.0,"98033",730000.0
2110,4,2.5,2,2.0,"98042",327000.0
780,2,1.0,6,2.0,"98144",370000.0
2640,5,3.5,14,2.0,"98065",459000.0
5190,5,4.0,2,2.0,"98039",2900000.0
2420,4,2.5,2,2.0,"98042",365000.0
1987,4,2.5,4,2.0,"98001",255000.0
720,1,1.0,95,1.0,"98116",375000.0
1130,2,1.5,9,2.0,"98116",375000.0
2810,4,2.5,1,2.0,"98038",518380.0
1500,3,3.25,8,2.0,"98106",346000.0
1390,4,2.0,7,3.0,"98027",302059.0
2500,4,2.5,2,2.0,"98065",575000.0
3906,4,3.5,1,2.0,"98001",549950.0
7120,5,6.0,8,2.0,"98006",900000.0
1470,3,2.5,9,2.0,"98122",397500.0
3230,5,3.5,8,2.0,"98052",1075000.0
2700,3,2.5,1,2.0,"98075",775900.0
4073,4,2.5,7,2.0,"98001",510000.0
3361,4,2.5,1,2.0,"98092",471275.0
1610,4,2.25,5,2.0,"98038",288000.0
3830,4,3.5,1,2.0,"98052",989990.0
1470,3,3.25,7,2.0,"98108",300000.0
3190,5,3.0,2,1.0,"98178",664950.0
3250,4,3.25,1,2.0,"98065",699188.0
1490,3,2.25,6,2.0,"98028",390000.0
2900,5,2.75,7,2.0,"98075",670000.0
2540,4,2.5,10,2.0,"98108",487000.0
3360,5,2.75,1,2.0,"98011",769995.0
860,2,1.25,8,2.0,"98144",321950.0
3020,4,2.5,9,2.0,"98072",613500.0
1330,3,2.5,13,3.0,"98133",300000.0
2578,4,2.5,1,2.0,"98092",400950.0
2640,4,2.5,1,2.0,"98038",389517.0
1260,3,1.75,4,2.0,"98106",255000.0
1990,3,2.5,3,3.0,"98102",1080000.0
3340,5,3.25,1,2.0,"98065",637850.0
2840,4,2.5,2,2.0,"98056",636230.0
1530,3,2.5,6,3.0,"98103",375000.0
1780,3,2.5,9,3.0,"98107",586500.0
2340,4,2.5,10,2.0,"98065",544000.0
2390,4,2.5,13,2.0,"98065",425000.0
2090,4,2.5,3,2.0,"98038",374950.0
1140,3,1.0,55,1.0,"98059",294570.0
1960,3,2.5,3,2.0,"98059",300000.0
2738,5,3.5,1,2.0,"98023",395950.0
3691,4,2.5,2,2.0,"98074",800000.0
2340,3,2.5,2,2.0,"98045",439990.0
2510,4,3.5,2,2.0,"98052",680000.0
2800,6,3.0,17,2.0,"98117",677790.0
1650,3,2.5,2,2.0,"98065",424950.0
1061,2,2.25,2,2.0,"98002",223990.0
3402,4,2.5,1,2.0,"98023",498000.0
2542,4,2.5,1,2.0,"98030",359950.0
3150,3,2.5,8,2.0,"98024",720000.0
3010,4,2.5,7,2.0,"98059",530000.0
1660,3,2.5,4,2.0,"98038",295000.0
1770,3,2.5,6,2.0,"98042",255500.0
1960,3,3.0,8,2.0,"98027",556000.0
1889,4,2.5,3,2.0,"98001",277950.0
3040,4,2.5,8,2.0,"98038",431000.0
3420,4,2.75,5,2.0,"98053",780000.0
1720,3,3.25,11,2.0,"98112",649000.0
1740,3,2.5,3,2.0,"98011",447000.0
2450,4,2.5,2,2.0,"98052",712198.0
1190,3,1.5,1,2.0,"98052",277140.0
3753,4,2.5,7,2.0,"98023",363000.0
3440,5,3.5,1,2.0,"98045",598992.0
2160,3,2.5,5,3.0,"98119",585000.0
3820,4,2.75,1,2.0,"98033",1274950.0
1120,2,2.0,8,2.0,"98144",380950.0
2250,4,2.5,1,2.0,"98003",333490.0
1540,3,3.25,4,2.0,"98027",520000.0
1240,2,2.25,6,2.0,"98027",315000.0
1160,2,1.5,8,2.0,"98117",487000.0
2760,5,3.5,2,2.5,"98056",424950.0
1580,3,2.25,2,3.0,"98199",542300.0
1480,3,3.25,2,2.0,"98106",320000.0
3740,4,3.25,1,2.0,"98029",1139990.0
1950,4,2.5,3,2.0,"98065",425000.0
1530,3,3.0,3,3.0,"98117",474950.0
1820,3,2.5,1,2.0,"98038",307635.0
2760,3,2.5,1,2.0,"98075",834538.0
3010,5,2.75,1,2.0,"98074",769995.0
3860,5,3.25,9,2.0,"98065",820875.0
2490,4,2.5,2,2.0,"98065",595500.0
3236,4,2.5,10,2.0,"98030",450000.0
2830,4,2.5,12,2.0,"98065",695000.0
1451,3,2.0,5,1.0,"98042",300000.0
2910,5,3.25,2,2.0,"98106",515000.0
1280,3,2.5,6,3.0,"98105",545000.0
1110,3,2.25,7,2.0,"98144",365000.0
2840,4,2.75,7,2.0,"98033",718500.0
1410,3,1.75,1,2.0,"98106",279800.0
3250,4,2.5,1,2.0,"98030",486940.0
3030,4,2.75,4,2.0,"98059",525000.0
1983,4,2.5,3,2.0,"98092",345000.0
2440,3,3.25,10,2.0,"98027",613000.0
2313,3,2.5,4,2.0,"98030",370000.0
1260,3,2.25,10,2.0,"98029",449500.0
2000,3,2.5,4,2.0,"98072",515000.0
1150,2,1.75,2,2.0,"98027",346100.0
2820,4,2.5,8,2.0,"98038",398500.0
1160,2,1.75,7,2.0,"98014",310000.0
1481,3,2.25,3,2.0,"98002",250000.0
4390,5,3.5,2,2.0,"98115",1880000.0
1570,2,1.75,8,3.0,"98004",695000.0
3410,4,3.0,8,2.0,"98126",1085000.0
3480,5,3.25,1,2.0,"98074",864327.0
3430,4,3.25,1,2.0,"98011",749995.0
2880,5,2.75,9,2.0,"98059",525000.0
2990,3,2.5,9,2.0,"98028",659950.0
4490,5,5.0,2,2.0,"98004",1800000.0
4100,5,4.0,4,2.0,"98053",950000.0
3870,4,2.75,10,2.0,"98033",1399950.0
800,2,1.5,7,2.0,"98106",265050.0
1620,3,2.25,6,3.0,"98027",450000.0
2910,4,2.5,5,3.0,"98034",915000.0
3530,4,3.25,8,2.0,"98033",963000.0
2701,4,2.5,2,2.0,"98092",270000.0
1380,2,2.5,3,2.0,"98126",294000.0
2050,3,2.5,4,2.0,"98117",700000.0
3370,3,4.0,1,2.0,"98075",1065000.0
2040,3,2.5,7,2.0,"98126",494900.0
1610,3,2.5,5,2.0,"98072",415000.0
2680,3,2.5,2,2.0,"98045",459990.0
3560,4,3.5,1,2.0,"98075",882990.0
3880,4,3.5,8,2.0,"98019",620000.0
1824,3,2.0,5,1.0,"98001",375900.0
2220,3,2.5,3,2.0,"98027",654000.0
4140,4,3.25,2,2.0,"98040",1839900.0
1322,3,2.5,6,2.0,"98001",215000.0
1909,3,2.5,9,3.0,"98103",630500.0
3460,4,3.5,5,2.0,"98075",855000.0
1954,4,2.5,8,2.0,"98001",235245.0
3000,5,2.5,8,1.0,"98033",770000.0
2650,4,2.5,3,2.0,"98053",734990.0
2580,4,2.5,2,2.0,"98033",880000.0
2650,4,3.0,4,2.0,"98028",525000.0
3390,4,3.5,7,2.0,"98027",775000.0
1470,3,1.75,6,3.0,"98119",687015.0
1910,3,2.5,9,2.0,"98029",663000.0
3030,4,2.5,10,2.0,"98033",815000.0
2930,4,3.25,2,2.0,"98029",1050000.0
1650,3,2.5,1,2.0,"98065",433190.0
2870,4,2.5,9,2.0,"98029",725000.0
1608,3,2.5,2,2.0,"98092",279950.0
1620,2,2.5,1,2.0,"98027",272167.0
1350,3,2.5,8,2.0,"98117",468500.0
1950,3,2.5,5,2.0,"98038",298000.0
3390,6,4.5,8,2.0,"98118",303500.0
1300,3,1.75,7,2.0,"98027",308000.0
2230,3,3.0,1,2.5,"98027",646800.0
1880,4,2.5,5,2.0,"98027",530200.0
3370,5,2.5,9,2.0,"98038",405000.0
1320,2,2.5,1,2.0,"98107",529000.0
2920,3,2.5,2,2.0,"98059",675900.0
1550,3,3.25,2,2.0,"98199",570000.0
2301,4,2.5,5,2.0,"98001",375500.0
1710,3,3.25,11,2.0,"98029",445000.0
2890,4,3.75,2,2.0,"98033",1100000.0
2100,3,2.5,9,2.0,"98108",477000.0
2240,3,2.75,1,2.0,"98178",450000.0
1460,3,3.0,9,3.0,"98117",427005.0
1370,3,1.75,1,3.0,"98102",720000.0
3760,3,3.5,1,2.0,"98056",2230000.0
2510,4,3.25,6,2.0,"98056",450800.0
1210,2,2.25,5,2.0,"98117",461100.0
2990,4,3.0,1,2.0,"98075",1061600.0
1710,3,2.5,9,2.0,"98116",590000.0
3274,4,2.5,1,2.0,"98092",478830.0
3300,4,2.25,1,3.0,"98126",760000.0
4370,4,3.5,7,2.0,"98059",1025000.0
2050,4,2.5,9,2.0,"98059",385000.0
1310,2,2.5,9,2.0,"98122",500000.0
1680,3,1.5,3,1.5,"98014",425000.0
1330,3,3.0,10,2.0,"98122",552100.0
1950,3,3.0,6,3.0,"98004",785000.0
3090,5,3.25,3,2.0,"98056",615000.0
1950,3,2.5,2,2.0,"98042",309000.0
1108,3,2.0,6,3.0,"98115",369500.0
2190,4,2.25,9,2.0,"98059",391000.0
1590,3,1.75,1,2.0,"98144",465000.0
3010,4,2.75,1,2.0,"98033",879950.0
1330,3,2.0,1,2.0,"98136",372000.0
1550,3,2.5,4,2.0,"98002",259000.0
1260,2,1.5,14,2.0,"98144",374000.0
2550,4,2.5,14,2.0,"98065",561000.0
1300,3,2.5,8,3.0,"98103",610000.0
2230,3,3.0,1,2.5,"98027",635000.0
1170,1,1.5,8,2.0,"98126",235000.0
4170,4,3.5,8,2.0,"98072",623300.0
1680,3,2.0,8,1.0,"98065",412500.0
2864,4,3.25,1,3.0,"98030",380000.0
1630,3,2.25,10,2.0,"98029",497000.0
2716,4,2.5,1,2.0,"98030",452000.0
1750,3,2.5,2,2.0,"98038",312000.0
3223,5,3.0,1,2.0,"98042",469950.0
2600,5,2.5,1,2.0,"98136",775000.0
3320,4,2.75,1,2.0,"98133",679990.0
1350,4,2.0,7,3.0,"98027",288790.0
3410,5,2.5,8,2.0,"98006",800000.0
1572,3,2.5,2,2.0,"98092",299000.0
2300,4,2.5,2,2.0,"98042",332000.0
1030,1,1.5,75,1.0,"98105",525000.0
1458,3,1.75,1,2.0,"98144",620000.0
2190,4,2.5,8,2.0,"98065",452000.0
3640,4,3.0,5,2.0,"98118",630000.0
2790,4,2.75,2,2.0,"98045",485000.0
2632,4,2.5,2,2.0,"98001",349950.0
2910,4,2.75,2,2.0,"98045",499990.0
1470,2,2.25,10,2.0,"98115",510000.0
2240,3,2.5,20,2.0,"98006",1080000.0
2310,3,2.5,4,2.0,"98028",494000.0
2370,3,2.5,6,2.0,"98019",429900.0
2980,4,2.75,8,1.0,"98056",505000.0
1870,4,2.0,6,1.0,"98022",272000.0
1770,3,2.5,3,3.0,"98103",671500.0
3510,4,3.5,14,2.0,"98065",729950.0
3281,4,2.5,1,2.0,"98092",471835.0
1670,3,2.0,1,1.0,"98022",249950.0
5430,5,3.5,8,2.0,"98006",1240000.0
2990,4,2.5,4,2.0,"98010",440000.0
3170,4,3.5,7,2.0,"98059",495000.0
3520,4,2.5,9,2.5,"98136",870000.0
1650,2,3.0,0,3.0,"98103",559000.0
2656,4,2.75,1,2.0,"98001",495000.0
2230,3,2.5,1,2.0,"98133",722000.0
2280,3,2.5,9,2.0,"98027",567500.0
2798,4,2.5,4,2.0,"98092",440000.0
2398,4,2.5,7,2.0,"98055",400000.0
2350,4,2.5,1,2.0,"98059",459995.0
2410,5,2.75,7,1.0,"98118",365000.0
1580,3,2.25,0,3.0,"98106",389950.0
1450,3,3.25,2,2.0,"98106",320000.0
1750,4,2.5,6,2.0,"98028",415500.0
3020,3,2.5,7,2.0,"98126",775000.0
1740,3,3.0,8,3.0,"98107",590000.0
2200,2,2.25,8,2.0,"98004",950000.0
1867,4,2.5,2,2.0,"98030",378950.0
1020,2,1.5,7,3.0,"98103",441750.0
2475,4,2.75,1,2.0,"98002",335900.0
1110,2,1.75,1,2.0,"98108",229800.0
1900,3,2.5,8,2.5,"98119",645000.0
1560,3,3.25,6,2.0,"98126",448000.0
2510,4,2.5,4,2.0,"98053",706000.0
4150,4,4.75,1,3.0,"98052",988990.0
1660,3,3.0,2,3.0,"98103",716000.0
1090,2,1.5,6,3.0,"98133",319000.0
1914,4,2.5,6,2.0,"98055",300000.0
2730,4,3.25,8,1.0,"98059",625000.0
2470,3,2.75,8,2.0,"98029",773000.0
2340,5,2.5,6,2.0,"98059",392000.0
2660,4,3.5,1,2.0,"98059",549995.0
2410,3,2.5,6,2.0,"98065",480000.0
1430,3,2.25,5,2.0,"98059",355000.0
1570,2,2.5,8,3.0,"98106",208400.0
3010,5,2.75,1,2.0,"98074",831548.0
1613,4,2.5,6,2.0,"98042",279500.0
2380,3,2.5,7,2.0,"98056",445000.0
2570,5,2.5,9,2.0,"98019",492500.0
2550,4,2.5,6,2.0,"98059",435000.0
1330,3,2.25,8,3.0,"98125",325000.0
1160,2,1.5,10,2.0,"98103",453000.0
3240,5,3.5,1,2.0,"98059",612995.0
2710,4,2.5,4,2.0,"98065",540000.0
1150,3,1.0,56,1.0,"98058",465000.0
1860,3,2.25,1,3.0,"98112",799950.0
1280,3,2.25,7,2.0,"98107",495000.0
1810,3,2.5,1,3.0,"98117",579950.0
1240,2,2.25,7,2.0,"98027",331000.0
1460,4,3.5,7,3.0,"98115",580000.0
1640,2,2.5,1,2.0,"98118",669000.0
5010,4,4.25,1,2.0,"98040",2351960.0
1300,3,3.25,10,2.0,"98103",539900.0
2510,4,2.5,5,2.0,"98059",490000.0
2710,3,3.5,10,2.0,"98027",627000.0
3217,4,3.5,7,2.0,"98055",458000.0
1650,3,2.5,8,2.0,"98108",440000.0
3950,4,3.5,0,2.0,"98112",1698000.0
1680,2,2.5,6,3.0,"98119",935000.0
3420,5,3.5,2,2.0,"98065",641000.0
2300,3,2.75,8,2.0,"98106",452000.0
3010,4,2.75,3,2.0,"98065",625000.0
4680,4,3.5,7,2.0,"98033",1350000.0
3630,5,3.5,1,2.0,"98034",834950.0
3530,3,3.5,7,2.0,"98103",1500000.0
2280,4,2.5,9,2.0,"98038",305000.0
3090,3,2.5,8,2.0,"98019",659000.0
550,1,1.0,7,2.0,"98122",353000.0
2840,4,3.25,1,2.0,"98108",535000.0
3130,4,2.5,2,2.0,"98033",999000.0
1440,3,2.5,6,3.0,"98103",375000.0
2840,4,3.5,7,3.0,"98125",685000.0
2623,4,2.5,3,2.0,"98092",333000.0
390,1,1.0,95,1.0,"98103",245000.0
5640,4,3.25,0,2.0,"98006",1999950.0
1260,2,2.25,7,2.0,"98027",329950.0
894,2,1.0,4,2.0,"98115",403000.0
3370,4,2.5,1,2.0,"98038",559630.0
1180,3,1.5,7,3.0,"98115",435000.0
1520,2,2.5,8,2.0,"98144",430000.0
2000,3,2.5,5,2.0,"98059",417000.0
3180,5,2.75,1,2.0,"98074",895950.0
3050,4,2.75,1,2.0,"98059",563950.0
2580,3,1.5,62,1.0,"98024",332220.0
6880,5,6.0,8,2.0,"98045",1488000.0
2570,3,2.5,8,2.5,"98027",680000.0
2950,4,3.5,3,2.0,"98027",825750.0
1690,3,2.5,1,2.0,"98106",338000.0
2790,4,2.75,3,2.0,"98045",535365.0
1720,3,2.25,4,2.0,"98118",608000.0
2890,3,2.25,1,3.0,"98117",930000.0
1130,2,1.75,9,1.0,"98022",565000.0
1460,2,2.25,10,2.0,"98115",495000.0
2510,3,2.5,8,2.0,"98052",667000.0
3390,4,2.5,1,2.0,"98188",495000.0
3570,4,2.5,1,2.0,"98052",928990.0
2280,4,2.5,9,2.0,"98038",345000.0
2920,5,3.5,1,2.0,"98103",1065000.0
2590,4,3.0,1,2.0,"98059",519995.0
3210,5,2.75,1,2.0,"98074",924000.0
1230,3,2.0,5,1.0,"98058",295000.0
3800,3,2.5,10,2.0,"98045",472000.0
1500,3,2.5,10,2.0,"98029",405000.0
2510,4,2.25,3,2.0,"98019",410000.0
1400,3,1.5,8,3.0,"98115",419500.0
1450,3,2.25,6,2.0,"98028",382000.0
1390,2,2.5,8,2.0,"98118",370000.0
3160,3,2.75,10,2.0,"98056",553000.0
4350,4,3.75,2,2.0,"98004",2065000.0
2720,4,2.5,0,2.0,"98056",455950.0
1290,3,3.25,7,3.0,"98103",331000.0
1606,3,2.25,6,3.0,"98125",417250.0
4460,5,3.5,0,3.0,"98119",490000.0
2800,4,3.25,4,2.0,"98022",325000.0
3250,5,3.5,5,2.0,"98106",705000.0
4310,6,3.5,2,2.0,"98059",1174660.0
1310,3,2.25,8,2.0,"98144",365000.0
1240,2,1.5,6,2.0,"98144",403000.0
1950,3,2.5,8,2.0,"98065",409000.0
1800,3,2.5,4,2.0,"98126",391000.0
2650,4,2.5,1,2.0,"98059",542525.0
820,2,1.0,9,3.0,"98103",339950.0
2620,4,2.75,3,2.0,"98045",499990.0
3980,4,3.25,4,2.0,"98004",1765000.0
1660,3,3.5,6,2.0,"98116",608000.0
1790,3,1.75,12,1.5,"98014",320000.0
1410,3,1.75,1,2.0,"98106",274800.0
1330,3,2.25,8,2.0,"98106",325000.0
2190,4,2.5,6,2.0,"98059",418500.0
2540,3,2.5,9,2.0,"98042",300000.0
2244,3,2.5,3,2.0,"98001",269950.0
2026,3,2.5,5,2.0,"98042",358000.0
1730,3,2.5,2,2.0,"98146",350000.0
3910,4,3.5,8,2.0,"98029",782000.0
1580,3,2.5,6,3.0,"98119",779000.0
2510,4,2.5,8,2.0,"98052",685000.0
1000,2,2.25,9,3.0,"98117",305000.0
1660,4,2.5,8,2.0,"98118",350000.0
3060,4,3.5,3,2.0,"98029",775000.0
1980,3,2.5,3,2.0,"98042",317750.0
980,2,1.0,5,2.0,"98119",438000.0
1050,2,2.5,10,2.0,"98144",325000.0
3080,4,3.25,3,2.0,"98027",830000.0
1900,3,2.25,9,2.0,"98059",353000.0
2200,4,2.5,5,2.0,"98059",460000.0
1360,3,1.5,7,3.0,"98103",370000.0
2238,3,2.5,4,2.0,"98023",330000.0
2590,4,2.5,1,2.0,"98056",569888.0
2517,3,2.5,1,2.0,"98092",353900.0
1290,3,1.75,7,2.0,"98027",288790.0
2230,5,3.0,1,1.0,"98168",334950.0
3140,4,2.75,2,2.0,"98074",869950.0
3350,3,3.5,1,2.0,"98144",557500.0
2245,4,2.5,1,2.0,"98038",389990.0
1420,3,1.75,9,3.0,"98103",455000.0
1560,3,3.0,9,3.0,"98103",598500.0
2810,4,2.75,4,2.0,"98052",750000.0
1630,2,2.25,1,2.0,"98122",729999.0
1740,3,2.5,3,2.0,"98042",299950.0
1390,3,2.25,8,3.0,"98103",374950.0
1070,3,2.5,6,2.0,"98116",386950.0
2850,5,3.25,9,2.0,"98059",535000.0
4100,5,3.25,4,2.0,"98075",890000.0
3260,4,2.5,8,2.0,"98115",1050000.0
3660,4,3.5,1,2.0,"98199",1107460.0
2708,4,2.5,1,2.0,"98092",436952.0
1800,3,2.5,4,2.0,"98126",365000.0
1150,3,2.5,8,3.0,"98133",288000.0
2230,3,2.5,1,2.0,"98133",700000.0
3540,4,3.25,8,2.0,"98014",800000.0
2490,4,3.5,0,2.0,"98136",899000.0
2670,3,2.5,8,2.0,"98056",465750.0
1430,2,2.5,7,3.0,"98103",485000.0
2670,5,2.75,1,2.0,"98059",494995.0
2555,3,2.5,9,2.0,"98031",255000.0
1970,3,2.5,4,2.0,"98065",530000.0
1980,3,2.0,8,3.0,"98136",435000.0
2010,3,2.5,1,2.0,"98118",639000.0
3950,4,2.5,2,3.0,"98075",914500.0
1870,3,2.0,6,1.0,"98053",580000.0
1180,1,1.5,8,2.0,"98126",250000.0
1420,3,2.5,8,3.0,"98103",410000.0
2810,4,2.75,1,2.0,"98038",531155.0
1400,3,2.5,10,2.0,"98029",358000.0
1950,3,2.5,6,2.0,"98065",425000.0
1930,3,2.25,11,2.0,"98019",326000.0
2210,4,2.5,2,2.0,"98117",650000.0
2630,4,3.5,7,2.0,"98027",749950.0
1600,3,1.75,1,1.0,"98042",239950.0
1480,3,2.5,5,2.0,"98106",315000.0
750,2,2.5,9,2.0,"98122",375000.0
1290,3,1.5,8,3.0,"98103",375000.0
1340,3,3.25,7,3.0,"98103",349000.0
1020,2,1.5,7,3.0,"98103",450000.0
2330,3,3.0,1,2.5,"98027",669950.0
2360,5,3.0,7,1.0,"98103",504600.0
1495,3,2.5,9,3.0,"98144",400000.0
3770,4,3.5,7,2.0,"98033",1020000.0
2890,5,2.5,9,2.0,"98019",518000.0
1320,3,2.75,7,3.0,"98103",535000.0
2330,4,2.5,2,2.0,"98042",337500.0
3120,4,2.5,10,2.0,"98023",380000.0
2960,5,3.0,11,2.0,"98033",875000.0
1630,3,2.25,7,3.0,"98103",385000.0
5230,5,3.5,1,2.0,"98004",1987500.0
3150,4,3.0,7,2.0,"98056",649500.0
3280,4,3.75,7,2.0,"98033",1050000.0
1030,3,1.0,72,1.0,"98023",249000.0
3130,4,2.5,7,2.0,"98059",525000.0
1240,3,3.5,7,2.0,"98136",402000.0
3560,4,2.75,1,2.0,"98004",1750000.0
1520,3,2.5,6,2.0,"98059",330000.0
1270,3,2.5,7,2.0,"98105",433000.0
3610,4,3.25,8,2.0,"98199",1010800.0
3230,3,2.75,1,2.0,"98065",599832.0
2300,5,3.0,2,2.0,"98001",312891.0
1460,2,2.5,7,2.0,"98144",449000.0
1750,3,2.5,2,3.0,"98118",495000.0
3030,5,2.75,2,2.0,"98056",819995.0
1522,3,3.5,9,2.0,"98117",407500.0
3890,4,3.75,8,2.0,"98027",850000.0
4590,5,4.0,7,2.0,"98033",1720000.0
4620,4,4.0,1,2.0,"98024",1459000.0
3220,4,2.75,3,2.0,"98059",579000.0
3170,5,2.75,1,2.0,"98075",890776.0
980,2,2.5,7,3.0,"98117",352500.0
2340,3,1.75,5,1.0,"98058",529000.0
1620,3,2.25,6,3.0,"98027",484000.0
1910,3,2.5,8,3.0,"98133",400000.0
2420,3,2.5,6,2.0,"98133",649950.0
3850,3,4.5,2,2.0,"98053",915000.0
3220,5,2.5,9,2.0,"98019",534950.0
3040,4,2.5,7,2.0,"98052",776000.0
1496,3,1.75,9,2.0,"98133",370000.0
1630,3,1.75,1,3.0,"98103",610000.0
4200,5,3.5,3,2.0,"98052",850000.0
2430,3,2.5,8,2.0,"98106",443000.0
4010,5,4.25,0,2.0,"98075",1150000.0
1510,3,2.5,4,2.5,"98199",453000.0
2340,4,3.5,4,2.0,"98027",735000.0
2700,2,2.75,8,1.0,"98053",810000.0
4360,3,3.5,7,2.0,"98103",1555000.0
7270,5,6.5,5,2.0,"98027",2238890.0
1350,3,2.5,9,3.0,"98136",377500.0
1380,3,3.25,7,3.0,"98103",482000.0
1830,2,2.5,4,2.0,"98116",600000.0
1470,3,2.5,8,2.0,"98116",420000.0
2940,4,2.5,9,2.0,"98001",480000.0
1110,2,2.0,7,3.0,"98136",406000.0
2790,4,2.5,6,2.0,"98059",505000.0
3790,4,3.75,9,2.0,"98039",1865000.0
3570,4,2.5,1,2.0,"98052",942990.0
1230,3,2.25,6,3.0,"98107",440000.0
1370,3,3.25,9,2.0,"98116",390000.0
1380,3,3.25,7,3.0,"98103",475000.0
1070,1,2.0,8,2.0,"98118",420000.0
4920,4,4.0,3,2.0,"98053",1408760.0
5150,5,3.5,8,2.0,"98008",1378000.0
2390,6,3.0,1,2.0,"98118",462500.0
2460,4,2.75,4,2.0,"98059",579950.0
3650,4,2.5,7,2.0,"98074",861111.0
4300,4,3.5,1,2.0,"98074",1450000.0
1610,3,2.25,3,2.0,"98042",290000.0
2610,4,2.5,7,2.0,"98028",535000.0
1750,3,2.5,7,3.0,"98122",585000.0
3310,3,2.5,7,2.0,"98136",670000.0
5090,4,3.75,2,1.0,"98004",3000000.0
1060,3,2.0,9,2.0,"98136",346000.0
4420,4,4.0,2,2.0,"98075",1325000.0
2100,3,2.5,7,2.0,"98004",999999.0
2380,4,2.5,5,2.0,"98023",332000.0
1170,2,2.25,6,2.0,"98027",336750.0
2531,4,2.5,2,2.0,"98030",370000.0
998,3,2.25,8,2.0,"98117",324000.0
1333,3,2.25,6,3.0,"98125",338500.0
4410,5,3.5,1,2.0,"98006",1881580.0
1160,3,2.75,8,2.0,"98144",402723.0
2630,4,3.25,1,2.0,"98126",715000.0
1160,3,1.5,7,3.0,"98103",459000.0
2140,3,2.5,9,2.0,"98027",589999.0
1980,4,2.5,8,2.0,"98056",405000.0
3030,3,2.5,6,2.0,"98059",509900.0
1490,2,2.0,6,2.0,"98126",327000.0
2370,2,1.5,10,2.0,"98045",1057000.0
1820,3,2.5,7,2.0,"98166",327500.0
1260,3,2.0,4,2.0,"98106",249000.0
4350,5,4.5,1,2.0,"98074",1375000.0
1100,1,1.25,1,3.0,"98112",516500.0
2050,3,2.5,9,2.0,"98042",465000.0
2198,3,2.5,5,2.0,"98198",388000.0
1230,3,2.25,2,3.0,"98199",549000.0
1400,2,2.0,9,2.0,"98107",553000.0
1410,3,2.5,5,2.0,"98119",530000.0
2110,3,2.5,1,2.0,"98122",747450.0
1590,2,2.5,6,2.0,"98106",305000.0
3370,5,2.5,8,2.0,"98056",540000.0
4500,5,4.0,8,2.0,"98059",750000.0
2930,4,2.5,7,2.0,"98030",422000.0
2470,4,2.5,10,2.0,"98038",337000.0
3080,5,2.75,1,2.0,"98059",579950.0
2260,4,2.75,1,2.0,"98001",341780.0
1670,4,3.0,7,2.0,"98109",710200.0
1540,3,3.25,2,3.0,"98103",690000.0
3830,4,3.5,1,2.0,"98004",1700000.0
980,2,2.5,7,3.0,"98117",329000.0
1450,3,2.5,8,1.0,"98106",330000.0
2850,4,3.5,1,2.0,"98056",608500.0
3070,4,3.5,6,2.0,"98027",785000.0
1680,3,3.0,1,3.0,"98103",610950.0
3087,3,2.5,1,2.0,"98023",399950.0
1900,4,3.25,1,2.0,"98144",579000.0
940,2,1.5,6,2.0,"98144",362500.0
1730,3,3.25,7,2.0,"98119",645000.0
2780,3,3.0,2,2.0,"98065",594866.0
2780,3,3.0,2,2.0,"98065",625000.0
1500,3,2.25,9,2.0,"98117",490000.0
1260,3,2.5,8,2.0,"98116",380000.0
1870,3,2.5,6,2.0,"98042",270000.0
1430,2,2.5,6,3.0,"98107",505000.0
1520,3,2.5,9,3.0,"98125",385000.0
1210,2,1.5,8,2.0,"98117",414500.0
2540,3,2.5,5,2.0,"98038",347500.0
4910,4,3.5,8,1.5,"98074",1222500.0
2770,4,2.75,1,2.0,"98178",572000.0
1190,3,2.25,7,3.0,"98103",475000.0
4170,5,3.75,9,2.0,"98056",1088000.0
2500,4,2.75,7,2.0,"98042",350000.0
1530,2,2.25,9,3.0,"98103",520000.0
3600,5,2.75,1,2.0,"98059",679950.0
3410,4,3.25,8,2.0,"98040",1575000.0
3118,4,2.5,1,2.0,"98001",541800.0
3990,4,3.0,12,2.0,"98053",810000.0
4470,5,3.75,7,2.0,"98004",1537000.0
1425,3,2.5,7,3.0,"98125",467000.0
1500,3,1.75,1,1.0,"98010",224000.0
2270,3,2.5,12,2.0,"98065",507250.0
1490,3,2.0,1,3.0,"98144",429000.0
2520,4,2.5,1,2.0,"98056",610685.0
3510,4,3.5,6,2.0,"98136",1007500.0
1310,3,2.5,7,2.0,"98116",475000.0
1530,3,2.5,6,3.0,"98103",360000.0
2310,4,2.5,1,2.0,"98146",400000.0
1020,2,0.75,6,2.0,"98144",402101.0
1600,3,2.5,11,2.0,"98027",400000.0
1020,2,0.75,7,2.0,"98144",325000.0
